[INFO ] 2026-09-14 13:19:22.428 [main] StepDef - Setup-Smoke method executed
[INFO ] 2026-09-14 13:19:22.740 [main] StepDef - chrome browser launched
[INFO ] 2026-09-14 13:19:25.459 [main] StepDef - URL opened
[INFO ] 2026-09-14 13:19:26.391 [main] StepDef - username and password entered
[INFO ] 2026-09-14 13:19:28.241 [main] StepDef - clicked on login button
[INFO ] 2026-09-14 13:19:31.357 [main] StepDef - Test passed: Login feature: User is able to see dashboard text
[INFO ] 2026-09-14 13:19:33.962 [main] StepDef - user can view transaction deactivate submenu of Accounts menu
[INFO ] 2026-09-14 13:19:34.191 [main] StepDef - user can view cash verification submenu of Accounts menu
[INFO ] 2026-09-14 13:19:34.432 [main] StepDef - user can view bank deposit date entry submenu of Accounts menu
[INFO ] 2026-09-14 13:19:34.670 [main] StepDef - user can view bank reconciliation submenu of Accounts menu
[INFO ] 2026-09-14 13:19:34.812 [main] StepDef - user can view Payment Mode Update submenu of Accounts menu
[INFO ] 2026-09-14 13:19:35.205 [main] StepDef - user can view House Tax Transaction Deactivate submenu of Accounts menu
[INFO ] 2026-09-14 13:19:35.343 [main] StepDef - user can view House Tax Payment Mode Update submenu of Accounts menu
[INFO ] 2026-09-14 13:19:41.081 [main] StepDef - Setup-Smoke method executed
[INFO ] 2026-09-14 13:19:41.193 [main] StepDef - chrome browser launched
[INFO ] 2026-09-14 13:19:43.676 [main] StepDef - URL opened
[INFO ] 2026-09-14 13:19:44.811 [main] StepDef - username and password entered
[INFO ] 2026-09-14 13:19:46.810 [main] StepDef - clicked on login button
[INFO ] 2026-09-14 13:19:49.907 [main] StepDef - Test passed: Login feature: User is able to see dashboard text
[INFO ] 2026-09-14 13:19:50.110 [main] StepDef - clicked on Assessment Menu
[INFO ] 2026-09-14 13:19:52.262 [main] StepDef - User is able to see Reassessment submenu
[INFO ] 2026-09-14 13:19:52.388 [main] StepDef - User is able to see Reverification submenu
[INFO ] 2026-09-14 13:19:52.476 [main] StepDef - User is able to see Reverification TL submenu
[INFO ] 2026-09-14 13:19:52.573 [main] StepDef - User is able to see House Tax Entry submenu
[INFO ] 2026-09-14 13:19:52.710 [main] StepDef - User is able to see Legacy Entry submenu
[INFO ] 2026-09-14 13:19:52.842 [main] StepDef - User is able to see Edit New Assessment submenu
[INFO ] 2026-09-14 13:19:58.138 [main] StepDef - Setup-Regression method executed
[INFO ] 2026-09-14 13:19:58.177 [main] StepDef - chrome browser launched
[INFO ] 2026-09-14 13:20:00.785 [main] StepDef - URL opened
[INFO ] 2026-09-14 13:20:01.811 [main] StepDef - username and password entered
[INFO ] 2026-09-14 13:20:03.794 [main] StepDef - clicked on login button
[INFO ] 2026-09-14 13:20:06.871 [main] StepDef - Test passed: Login feature: User is able to see dashboard text
[INFO ] 2026-09-14 13:20:07.095 [main] StepDef - clicked on Assessment Menu
[INFO ] 2026-09-14 13:20:10.893 [main] StepDef - User clicks on House Tax Entry submenu of Assessment menu
[INFO ] 2026-09-14 13:20:14.017 [main] StepDef - User can see House Tax Entry page
[INFO ] 2026-09-14 13:20:21.560 [main] StepDef - User enters property details
[INFO ] 2026-09-14 13:20:23.270 [main] StepDef - User enters permanent address
[INFO ] 2026-09-14 13:20:23.494 [main] StepDef - User enters current address
[INFO ] 2026-09-14 13:20:25.517 [main] StepDef - User enters owner details
[INFO ] 2026-09-14 13:20:31.341 [main] StepDef - User enters floor details
[INFO ] 2026-09-14 13:20:34.511 [main] StepDef - User enters demand details
[INFO ] 2026-09-14 13:20:38.270 [main] StepDef - User clicks on view button
[INFO ] 2026-09-14 13:20:38.324 [main] StepDef - User can see House Tax Entry View Page
[INFO ] 2026-09-14 13:20:38.502 [main] StepDef - User clicks on save button
[INFO ] 2026-09-14 13:20:41.576 [main] StepDef - User can see House Tax Payment page
[INFO ] 2026-09-14 13:20:44.973 [main] StepDef - User enters payment details
[INFO ] 2026-09-14 13:20:45.490 [main] StepDef - User clicks on pay now button
[INFO ] 2026-09-14 13:20:48.548 [main] StepDef - User can see House Tax Payment Receipt Page
[INFO ] 2026-09-14 13:20:54.159 [main] StepDef - Setup-Regression method executed
[INFO ] 2026-09-14 13:20:54.203 [main] StepDef - chrome browser launched
[INFO ] 2026-09-14 13:20:57.205 [main] StepDef - URL opened
[INFO ] 2026-09-14 13:20:58.238 [main] StepDef - username and password entered
[INFO ] 2026-09-14 13:21:00.313 [main] StepDef - clicked on login button
[INFO ] 2026-09-14 13:21:03.389 [main] StepDef - Test passed: Login feature: User is able to see dashboard text
[INFO ] 2026-09-14 13:21:03.589 [main] StepDef - clicked on Assessment Menu
[INFO ] 2026-09-14 13:21:06.864 [main] StepDef - User clicks on Legacy Entry submenu of Assessment menu
[INFO ] 2026-09-14 13:21:08.996 [main] StepDef - User can see Legacy Entry page
[INFO ] 2026-09-14 13:21:13.633 [main] StepDef - User enters property details of Legacy Entry submenu
[INFO ] 2026-09-14 13:21:15.406 [main] StepDef - User enters permanent address of Legacy Entry submenu
[INFO ] 2026-09-14 13:21:15.643 [main] StepDef - User enters current address of Legacy Entry submenu
[INFO ] 2026-09-14 13:21:17.362 [main] StepDef - User enters owner details of Legacy Entry submenu
[INFO ] 2026-09-14 13:21:18.839 [main] StepDef - User enters tax details of Legacy Entry submenu
[INFO ] 2026-09-14 13:21:22.125 [main] StepDef - User clicks on save button of Legacy Entry submenu
[INFO ] 2026-09-14 13:21:22.177 [main] StepDef - User can see confirmation message
[INFO ] 2026-09-14 13:21:27.527 [main] StepDef - Setup-Smoke method executed
[INFO ] 2026-09-14 13:21:27.543 [main] StepDef - chrome browser launched
[INFO ] 2026-09-14 13:21:31.077 [main] StepDef - URL opened
[INFO ] 2026-09-14 13:21:32.111 [main] StepDef - username and password entered
[INFO ] 2026-09-14 13:21:34.290 [main] StepDef - clicked on login button
[INFO ] 2026-09-14 13:21:37.360 [main] StepDef - Test passed: Login feature: User is able to see dashboard text
[INFO ] 2026-09-14 13:21:37.558 [main] StepDef - User clicks on dashboard menu
[INFO ] 2026-09-14 13:21:39.702 [main] StepDef - user is able to see Work Report Dashboard submenu
[INFO ] 2026-09-14 13:21:39.892 [main] StepDef - user is able to see BOH Dashboard submenu
[INFO ] 2026-09-14 13:21:45.918 [main] StepDef - Setup-Regression method executed
[INFO ] 2026-09-14 13:21:45.937 [main] StepDef - chrome browser launched
[INFO ] 2026-09-14 13:21:48.754 [main] StepDef - URL opened
[INFO ] 2026-09-14 13:21:49.838 [main] StepDef - username and password entered
[INFO ] 2026-09-14 13:21:51.864 [main] StepDef - clicked on login button
[INFO ] 2026-09-14 13:21:54.942 [main] StepDef - Test passed: Login feature: User is able to see dashboard text
[INFO ] 2026-09-14 13:21:55.153 [main] StepDef - User clicks on dashboard menu
[INFO ] 2026-09-14 13:21:58.538 [main] StepDef - User clicks on Work Report Dashboard submenu
[INFO ] 2026-09-14 13:22:01.942 [main] StepDef - User clicks on search button of Work Report Dashboard
[INFO ] 2026-09-14 13:22:04.008 [main] StepDef - user can view Work Report Dashboard report
[INFO ] 2026-09-14 13:22:04.011 [main] StepDef - Browser closed
[INFO ] 2026-09-14 13:22:09.657 [main] StepDef - Setup-Regression method executed
[INFO ] 2026-09-14 13:22:09.675 [main] StepDef - chrome browser launched
[INFO ] 2026-09-14 13:22:12.152 [main] StepDef - URL opened
[INFO ] 2026-09-14 13:22:13.345 [main] StepDef - username and password entered
[INFO ] 2026-09-14 13:22:15.281 [main] StepDef - clicked on login button
[INFO ] 2026-09-14 13:22:18.348 [main] StepDef - Test passed: Login feature: User is able to see dashboard text
[INFO ] 2026-09-14 13:22:18.559 [main] StepDef - User clicks on dashboard menu
[INFO ] 2026-09-14 13:22:21.767 [main] StepDef - User clicks on Work BOH Dashboard submenu
[INFO ] 2026-09-14 13:22:24.420 [main] StepDef - User clicks on search button of BOH Dashboard
[INFO ] 2026-09-14 13:22:26.500 [main] StepDef - user can view report of BOH Dashboard
[INFO ] 2026-09-14 13:22:26.502 [main] StepDef - Browser closed
[INFO ] 2026-09-14 13:22:32.062 [main] StepDef - Setup-Smoke method executed
[INFO ] 2026-09-14 13:22:32.113 [main] StepDef - chrome browser launched
[INFO ] 2026-09-14 13:22:34.867 [main] StepDef - URL opened
[INFO ] 2026-09-14 13:22:35.804 [main] StepDef - username and password entered
[INFO ] 2026-09-14 13:22:37.553 [main] StepDef - clicked on login button
[INFO ] 2026-09-14 13:22:40.628 [main] StepDef - Test passed: Login feature: User is able to see dashboard text
[INFO ] 2026-09-14 13:22:40.820 [main] StepDef - User clicks on Inactive Property menu
[INFO ] 2026-09-14 13:22:43.133 [main] StepDef - user can view Inactive Property submenu of Inactive Property menu
[INFO ] 2026-09-14 13:22:43.305 [main] StepDef - user can view Inactive DCB submenu of Inactive Property menu
[INFO ] 2026-09-14 13:22:43.470 [main] StepDef - user can view Inactive Property Activity submenu of Inactive Property menu
[INFO ] 2026-09-14 13:22:48.539 [main] StepDef - Setup-Smoke method executed
[INFO ] 2026-09-14 13:22:48.574 [main] StepDef - chrome browser launched
[INFO ] 2026-09-14 13:22:51.194 [main] StepDef - URL opened
[INFO ] 2026-09-14 13:22:52.234 [main] StepDef - username and password entered
[INFO ] 2026-09-14 13:22:54.319 [main] StepDef - clicked on login button
[INFO ] 2026-09-14 13:22:57.384 [main] StepDef - Test passed: Login feature: User is able to see dashboard text
[INFO ] 2026-09-14 13:22:57.575 [main] StepDef - User clicks on Inactive Survey menu
[INFO ] 2026-09-14 13:22:59.893 [main] StepDef - user can view Inactive Survey submenu of Inactive Survey menu
[INFO ] 2026-09-14 13:23:00.159 [main] StepDef - user can view Inactive Survey Activity submenu of Inactive Survey menu
[INFO ] 2026-09-14 13:23:05.720 [main] StepDef - Setup-Regression method executed
[INFO ] 2026-09-14 13:23:11.105 [main] StepDef - Setup-Smoke method executed
[INFO ] 2026-09-14 13:23:11.119 [main] StepDef - chrome browser launched
[INFO ] 2026-09-14 13:23:14.734 [main] StepDef - URL opened
[INFO ] 2026-09-14 13:23:15.639 [main] StepDef - username and password entered
[INFO ] 2026-09-14 13:23:17.635 [main] StepDef - clicked on login button
[INFO ] 2026-09-14 13:23:20.780 [main] StepDef - Test passed: Login feature: User is able to see dashboard text
[INFO ] 2026-09-14 13:23:21.490 [main] StepDef - User clicked on super admin profile
[INFO ] 2026-09-14 13:23:26.062 [main] StepDef - User clicked on signout button
[INFO ] 2026-09-14 13:23:28.185 [main] StepDef - User is able to see login page of Nagar Palika Rawatsar
[INFO ] 2026-09-14 13:23:28.187 [main] StepDef - Browser closed
[INFO ] 2026-09-14 13:23:34.095 [main] StepDef - Setup-DDT method executed..
[INFO ] 2026-09-14 13:23:34.104 [main] StepDef - chrome browser launched
[INFO ] 2026-09-14 13:23:36.908 [main] StepDef - URL opened
[INFO ] 2026-09-14 13:23:37.879 [main] StepDef - username and password entered
[INFO ] 2026-09-14 13:23:40.028 [main] StepDef - clicked on login button
[INFO ] 2026-09-14 13:23:43.125 [main] StepDef - LOGIN SUCCESSFUL - Dashboard is displayed as expected.
[INFO ] 2026-09-14 13:23:47.895 [main] StepDef - Setup-DDT method executed..
[INFO ] 2026-09-14 13:23:47.905 [main] StepDef - chrome browser launched
[INFO ] 2026-09-14 13:23:50.803 [main] StepDef - URL opened
[INFO ] 2026-09-14 13:23:51.850 [main] StepDef - username and password entered
[INFO ] 2026-09-14 13:23:53.235 [main] StepDef - clicked on login button
[INFO ] 2026-09-14 13:23:56.318 [main] StepDef - LOGIN UNSUCCESSFUL - Dashboard is not displayed as expected.
[INFO ] 2026-09-14 13:24:01.210 [main] StepDef - Setup-DDT method executed..
[INFO ] 2026-09-14 13:24:01.220 [main] StepDef - chrome browser launched
[INFO ] 2026-09-14 13:24:03.755 [main] StepDef - URL opened
[INFO ] 2026-09-14 13:24:04.744 [main] StepDef - username and password entered
[INFO ] 2026-09-14 13:24:06.400 [main] StepDef - clicked on login button
[INFO ] 2026-09-14 13:24:09.469 [main] StepDef - LOGIN UNSUCCESSFUL - Dashboard is not displayed as expected.
[INFO ] 2026-09-14 13:24:14.203 [main] StepDef - Setup-DDT method executed..
[INFO ] 2026-09-14 13:24:14.217 [main] StepDef - chrome browser launched
[INFO ] 2026-09-14 13:24:16.923 [main] StepDef - URL opened
[INFO ] 2026-09-14 13:24:17.892 [main] StepDef - username and password entered
[INFO ] 2026-09-14 13:24:19.607 [main] StepDef - clicked on login button
[INFO ] 2026-09-14 13:24:22.660 [main] StepDef - LOGIN UNSUCCESSFUL - Dashboard is not displayed as expected.
[INFO ] 2026-09-14 13:24:27.578 [main] StepDef - Setup-DDT method executed..
[INFO ] 2026-09-14 13:24:27.588 [main] StepDef - chrome browser launched
[INFO ] 2026-09-14 13:24:30.004 [main] StepDef - URL opened
[INFO ] 2026-09-14 13:24:31.012 [main] StepDef - username and password entered
[INFO ] 2026-09-14 13:24:31.339 [main] StepDef - clicked on login button
[INFO ] 2026-09-14 13:24:34.663 [main] StepDef - LOGIN UNSUCCESSFUL - Dashboard is not displayed as expected.
[INFO ] 2026-09-14 13:24:39.447 [main] StepDef - Setup-DDT method executed..
[INFO ] 2026-09-14 13:24:39.457 [main] StepDef - chrome browser launched
[INFO ] 2026-09-14 13:24:42.003 [main] StepDef - URL opened
[INFO ] 2026-09-14 13:24:42.944 [main] StepDef - username and password entered
[INFO ] 2026-09-14 13:24:43.343 [main] StepDef - clicked on login button
[INFO ] 2026-09-14 13:24:46.481 [main] StepDef - LOGIN UNSUCCESSFUL - Dashboard is not displayed as expected.
[INFO ] 2026-09-14 13:24:51.131 [main] StepDef - Setup-DDT method executed..
[INFO ] 2026-09-14 13:24:51.143 [main] StepDef - chrome browser launched
[INFO ] 2026-09-14 13:24:53.437 [main] StepDef - URL opened
[INFO ] 2026-09-14 13:24:54.297 [main] StepDef - username and password entered
[INFO ] 2026-09-14 13:24:54.780 [main] StepDef - clicked on login button
[INFO ] 2026-09-14 13:24:57.850 [main] StepDef - LOGIN UNSUCCESSFUL - Dashboard is not displayed as expected.
[INFO ] 2026-09-14 13:25:02.704 [main] StepDef - Setup-DDT method executed..
[INFO ] 2026-09-14 13:25:02.714 [main] StepDef - chrome browser launched
[INFO ] 2026-09-14 13:25:05.133 [main] StepDef - URL opened
[INFO ] 2026-09-14 13:25:06.064 [main] StepDef - username and password entered
[INFO ] 2026-09-14 13:25:06.414 [main] StepDef - clicked on login button
[INFO ] 2026-09-14 13:25:09.479 [main] StepDef - LOGIN UNSUCCESSFUL - Dashboard is not displayed as expected.
[INFO ] 2026-09-14 13:25:14.135 [main] StepDef - Setup-DDT method executed..
[INFO ] 2026-09-14 13:25:14.155 [main] StepDef - chrome browser launched
[INFO ] 2026-09-14 13:25:16.632 [main] StepDef - URL opened
[INFO ] 2026-09-14 13:25:17.497 [main] StepDef - username and password entered
[INFO ] 2026-09-14 13:25:17.887 [main] StepDef - clicked on login button
[INFO ] 2026-09-14 13:25:20.948 [main] StepDef - LOGIN UNSUCCESSFUL - Dashboard is not displayed as expected.
[INFO ] 2026-09-14 13:25:25.578 [main] StepDef - Setup-Smoke method executed
[INFO ] 2026-09-14 13:25:25.589 [main] StepDef - chrome browser launched
[INFO ] 2026-09-14 13:25:27.961 [main] StepDef - URL opened
[INFO ] 2026-09-14 13:25:28.887 [main] StepDef - username and password entered
[INFO ] 2026-09-14 13:25:30.813 [main] StepDef - clicked on login button
[INFO ] 2026-09-14 13:25:33.893 [main] StepDef - Test passed: Login feature: User is able to see dashboard text
[INFO ] 2026-09-14 13:25:34.103 [main] StepDef - User clicks on Property Survey menu
[INFO ] 2026-09-14 13:25:36.380 [main] StepDef - user can view Survey Report submenu of Property Survey menu
[INFO ] 2026-09-14 13:25:36.526 [main] StepDef - user can view Survey Summary Report submenu of Property Survey menu
[INFO ] 2026-09-14 13:25:36.665 [main] StepDef - user can view Survey Team Summary submenu of Property Survey menu
[INFO ] 2026-09-14 13:25:36.842 [main] StepDef - user can view Survey Assessed List submenu of Property Survey menu
[INFO ] 2026-09-14 13:25:36.978 [main] StepDef - user can view Survey Assessed Report submenu of Property Survey menu
[INFO ] 2026-09-14 13:25:37.144 [main] StepDef - user can view Wardwise Survey Report submenu of Property Survey menu
[INFO ] 2026-09-14 13:25:37.312 [main] StepDef - user can view Survey Pending Report submenu of Property Survey menu
[INFO ] 2026-09-14 13:25:37.565 [main] StepDef - user can view Survey Level Summary Report submenu of Property Survey menu
[INFO ] 2026-09-14 13:25:37.677 [main] StepDef - user can view Survey Level Summary Report submenu of Property Survey menu
[INFO ] 2026-09-14 13:25:38.031 [main] StepDef - user can view Userwise Forward Summary submenu of Property Survey menu
[INFO ] 2026-09-14 13:25:38.169 [main] StepDef - user can view Userwise Survey Edit Report submenu of Property Survey menu
[INFO ] 2026-09-14 13:25:38.547 [main] StepDef - user can view Survey Modification Report submenu of Property Survey menu
[INFO ] 2026-09-14 13:25:38.832 [main] StepDef - user can view Survey Geotagging Report submenu of Property Survey menu
[INFO ] 2026-09-14 13:25:39.092 [main] StepDef - user can view Ex-Party Survey Notice submenu of Property Survey menu
[INFO ] 2026-09-14 13:25:39.346 [main] StepDef - user can view Survey Notice List submenu of Property Survey menu
[INFO ] 2026-09-14 13:25:39.513 [main] StepDef - user can view Bulk Survey Notice Print submenu of Property Survey menu
[INFO ] 2026-09-14 13:25:39.662 [main] StepDef - user can view Survey Notice Received List submenu of Property Survey menu
[INFO ] 2026-09-14 13:25:39.788 [main] StepDef - user can view Survey Notice Received Report submenu of Property Survey menu
[INFO ] 2026-09-14 13:25:39.965 [main] StepDef - user can view Survey Notice Distributed Report submenu of Property Survey menu
[INFO ] 2026-09-14 13:25:40.472 [main] StepDef - user can view Survey Demand Report submenu of Property Survey menu
[INFO ] 2026-09-14 13:25:40.678 [main] StepDef - user can view Survey GIS Update submenu of Property Survey menu
[INFO ] 2026-09-14 13:25:40.826 [main] StepDef - user can view Survey Visit Report submenu of Property Survey menu
[INFO ] 2026-09-14 13:25:40.950 [main] StepDef - user can view TL Survey Visit submenu of Property Survey menu
[INFO ] 2026-09-14 13:25:41.082 [main] StepDef - user can view TL Survey Visit Report submenu of Property Survey menu
[INFO ] 2026-09-14 13:25:46.317 [main] StepDef - Setup-Smoke method executed
[INFO ] 2026-09-14 13:25:46.324 [main] StepDef - chrome browser launched
[INFO ] 2026-09-14 13:25:48.761 [main] StepDef - URL opened
[INFO ] 2026-09-14 13:25:49.793 [main] StepDef - username and password entered
[INFO ] 2026-09-14 13:25:51.711 [main] StepDef - clicked on login button
[INFO ] 2026-09-14 13:25:54.777 [main] StepDef - Test passed: Login feature: User is able to see dashboard text
[INFO ] 2026-09-14 13:25:54.972 [main] StepDef - User clicks on UD Tax menu
[INFO ] 2026-09-14 13:25:57.111 [main] StepDef - User is able to see Search Propety submenu
[INFO ] 2026-09-14 13:25:57.189 [main] StepDef - User is able to see Document Upload submenu
[INFO ] 2026-09-14 13:25:57.259 [main] StepDef - User is able to see Update Property Details submenu
[INFO ] 2026-09-14 13:25:57.342 [main] StepDef - User is able to see Last Payment Update submenu
[INFO ] 2026-09-14 13:25:57.450 [main] StepDef - User is able to see Update Owner Details submenu
[INFO ] 2026-09-14 13:25:57.541 [main] StepDef - User is able to see Property Deativate submenu
[INFO ] 2026-09-14 13:25:57.611 [main] StepDef - User is able to see Ward Update submenu
[INFO ] 2026-09-14 13:25:57.701 [main] StepDef - User is able to see Adjustment submenu
[INFO ] 2026-09-14 13:25:57.774 [main] StepDef - User is able to see House Tax Last Payment Update submenu
[INFO ] 2026-09-14 13:25:57.844 [main] StepDef - User is able to see TL Property Visit submenu
[INFO ] 2026-09-14 13:25:57.916 [main] StepDef - User is able to see DN Notice Distribution submenu
[INFO ] 2026-09-14 13:26:03.429 [main] StepDef - Setup-Regression method executed
[INFO ] 2026-09-14 13:26:03.440 [main] StepDef - chrome browser launched
[INFO ] 2026-09-14 13:26:06.598 [main] StepDef - URL opened
[INFO ] 2026-09-14 13:26:07.742 [main] StepDef - username and password entered
[INFO ] 2026-09-14 13:26:09.468 [main] StepDef - clicked on login button
[INFO ] 2026-09-14 13:26:12.539 [main] StepDef - Test passed: Login feature: User is able to see dashboard text
[INFO ] 2026-09-14 13:26:12.772 [main] StepDef - User clicks on UD Tax menu
[INFO ] 2026-09-14 13:26:16.146 [main] StepDef - user clicks on search property submenu
[INFO ] 2026-09-14 13:26:18.223 [main] StepDef - user can see search property page
[INFO ] 2026-09-14 13:26:18.656 [main] StepDef - user select ward no.
[INFO ] 2026-09-14 13:26:19.524 [main] StepDef - user click on search button
[INFO ] 2026-09-14 13:26:21.093 [main] StepDef - user can see property list page
[INFO ] 2026-09-14 13:26:26.370 [main] StepDef - Setup-Regression method executed
[INFO ] 2026-09-14 13:26:26.384 [main] StepDef - chrome browser launched
[INFO ] 2026-09-14 13:26:28.932 [main] StepDef - URL opened
[INFO ] 2026-09-14 13:26:29.825 [main] StepDef - username and password entered
[INFO ] 2026-09-14 13:26:32.254 [main] StepDef - clicked on login button
[INFO ] 2026-09-14 13:26:35.325 [main] StepDef - Test passed: Login feature: User is able to see dashboard text
[INFO ] 2026-09-14 13:26:35.519 [main] StepDef - User clicks on UD Tax menu
[INFO ] 2026-09-14 13:26:38.900 [main] StepDef - user clicks on document upload submenu
[INFO ] 2026-09-14 13:26:41.120 [main] StepDef - user can see search property page
[INFO ] 2026-09-14 13:26:41.856 [main] StepDef - user select ward no.
[INFO ] 2026-09-14 13:26:42.801 [main] StepDef - user click on search button
[INFO ] 2026-09-14 13:26:43.890 [main] StepDef - user can see property list page
[INFO ] 2026-09-14 13:26:49.323 [main] StepDef - Setup-Regression method executed
[INFO ] 2026-09-14 13:26:49.336 [main] StepDef - chrome browser launched
[INFO ] 2026-09-14 13:26:52.220 [main] StepDef - URL opened
[INFO ] 2026-09-14 13:26:53.142 [main] StepDef - username and password entered
[INFO ] 2026-09-14 13:26:55.155 [main] StepDef - clicked on login button
[INFO ] 2026-09-14 13:26:58.226 [main] StepDef - Test passed: Login feature: User is able to see dashboard text
[INFO ] 2026-09-14 13:26:58.431 [main] StepDef - User clicks on UD Tax menu
[INFO ] 2026-09-14 13:27:01.586 [main] StepDef - user clicks on update property details submenu
[INFO ] 2026-09-14 13:27:03.649 [main] StepDef - user can see search property page
[INFO ] 2026-09-14 13:27:04.177 [main] StepDef - user select ward no.
[INFO ] 2026-09-14 13:27:05.779 [main] StepDef - user click on search button
[INFO ] 2026-09-14 13:27:06.054 [main] StepDef - user can see property list page
[INFO ] 2026-09-14 13:27:11.084 [main] StepDef - Setup-Regression method executed
[INFO ] 2026-09-14 13:27:11.091 [main] StepDef - chrome browser launched
[INFO ] 2026-09-14 13:27:13.000 [main] StepDef - URL opened
[INFO ] 2026-09-14 13:27:14.562 [main] StepDef - username and password entered
[INFO ] 2026-09-14 13:27:16.514 [main] StepDef - clicked on login button
[INFO ] 2026-09-14 13:27:19.591 [main] StepDef - Test passed: Login feature: User is able to see dashboard text
[INFO ] 2026-09-14 13:27:19.788 [main] StepDef - User clicks on UD Tax menu
[INFO ] 2026-09-14 13:27:22.795 [main] StepDef - user clicks on last payment update submenu
[INFO ] 2026-09-14 13:27:24.995 [main] StepDef - user can see search property page
[INFO ] 2026-09-14 13:27:25.519 [main] StepDef - user select ward no.
[INFO ] 2026-09-14 13:27:27.874 [main] StepDef - user click on search button
[INFO ] 2026-09-14 13:27:28.074 [main] StepDef - user can see property list page
[INFO ] 2026-09-14 13:27:32.883 [main] StepDef - Setup-Regression method executed
[INFO ] 2026-09-14 13:27:32.891 [main] StepDef - chrome browser launched
[INFO ] 2026-09-14 13:27:35.508 [main] StepDef - URL opened
[INFO ] 2026-09-14 13:27:36.637 [main] StepDef - username and password entered
[INFO ] 2026-09-14 13:27:39.013 [main] StepDef - clicked on login button
[INFO ] 2026-09-14 13:27:42.092 [main] StepDef - Test passed: Login feature: User is able to see dashboard text
[INFO ] 2026-09-14 13:27:42.296 [main] StepDef - User clicks on UD Tax menu
[INFO ] 2026-09-14 13:27:45.630 [main] StepDef - user clicks on update owner details submenu
[INFO ] 2026-09-14 13:27:47.730 [main] StepDef - user can see search property page
[INFO ] 2026-09-14 13:27:48.290 [main] StepDef - user select ward no.
[INFO ] 2026-09-14 13:27:48.948 [main] StepDef - user click on search button
[INFO ] 2026-09-14 13:27:50.523 [main] StepDef - user can see property list page
[INFO ] 2026-09-14 13:27:55.581 [main] StepDef - Setup-Regression method executed
[INFO ] 2026-09-14 13:27:55.590 [main] StepDef - chrome browser launched
[INFO ] 2026-09-14 13:27:58.185 [main] StepDef - URL opened
[INFO ] 2026-09-14 13:27:59.077 [main] StepDef - username and password entered
[INFO ] 2026-09-14 13:28:01.098 [main] StepDef - clicked on login button
[INFO ] 2026-09-14 13:28:04.179 [main] StepDef - Test passed: Login feature: User is able to see dashboard text
[INFO ] 2026-09-14 13:28:04.377 [main] StepDef - User clicks on UD Tax menu
[INFO ] 2026-09-14 13:28:07.537 [main] StepDef - user clicks on property deactivate submenu
[INFO ] 2026-09-14 13:28:09.741 [main] StepDef - user can see search property page
[INFO ] 2026-09-14 13:28:10.213 [main] StepDef - user select ward no.
[INFO ] 2026-09-14 13:28:12.403 [main] StepDef - user click on search button
[INFO ] 2026-09-14 13:28:12.521 [main] StepDef - user can see property list page
[INFO ] 2026-09-14 13:28:18.080 [main] StepDef - Setup-Regression method executed
[INFO ] 2026-09-14 13:28:18.100 [main] StepDef - chrome browser launched
[INFO ] 2026-09-14 13:28:21.242 [main] StepDef - URL opened
[INFO ] 2026-09-14 13:28:22.297 [main] StepDef - username and password entered
[INFO ] 2026-09-14 13:28:23.830 [main] StepDef - clicked on login button
[INFO ] 2026-09-14 13:28:26.913 [main] StepDef - Test passed: Login feature: User is able to see dashboard text
[INFO ] 2026-09-14 13:28:27.110 [main] StepDef - User clicks on UD Tax menu
[INFO ] 2026-09-14 13:28:30.224 [main] StepDef - user clicks on ward update submenu
[INFO ] 2026-09-14 13:28:32.371 [main] StepDef - user can see search property page
[INFO ] 2026-09-14 13:28:32.936 [main] StepDef - user select ward no.
[INFO ] 2026-09-14 13:28:34.200 [main] StepDef - user click on search button
[INFO ] 2026-09-14 13:28:34.481 [main] StepDef - user can see property list page
[INFO ] 2026-09-14 13:28:39.752 [main] StepDef - Setup-Regression method executed
[INFO ] 2026-09-14 13:28:39.759 [main] StepDef - chrome browser launched
[INFO ] 2026-09-14 13:28:43.276 [main] StepDef - URL opened
[INFO ] 2026-09-14 13:28:44.220 [main] StepDef - username and password entered
[INFO ] 2026-09-14 13:28:45.835 [main] StepDef - clicked on login button
[INFO ] 2026-09-14 13:28:48.906 [main] StepDef - Test passed: Login feature: User is able to see dashboard text
[INFO ] 2026-09-14 13:28:49.101 [main] StepDef - User clicks on UD Tax menu
[INFO ] 2026-09-14 13:28:52.451 [main] StepDef - user clicks on ward update submenu
[INFO ] 2026-09-14 13:28:54.582 [main] StepDef - user can see search property page
[INFO ] 2026-09-14 13:28:55.256 [main] StepDef - user select ward no.
[INFO ] 2026-09-14 13:28:55.958 [main] StepDef - user click on search button
[INFO ] 2026-09-14 13:28:57.377 [main] StepDef - user can see property list page
[INFO ] 2026-09-14 13:29:02.327 [main] StepDef - Setup-Regression method executed
[INFO ] 2026-09-14 13:29:02.340 [main] StepDef - chrome browser launched
[INFO ] 2026-09-14 13:29:04.879 [main] StepDef - URL opened
[INFO ] 2026-09-14 13:29:05.785 [main] StepDef - username and password entered
[INFO ] 2026-09-14 13:29:07.911 [main] StepDef - clicked on login button
[INFO ] 2026-09-14 13:29:10.996 [main] StepDef - Test passed: Login feature: User is able to see dashboard text
[INFO ] 2026-09-14 13:29:11.191 [main] StepDef - User clicks on UD Tax menu
[INFO ] 2026-09-14 13:29:14.180 [main] StepDef - user clicks on house tax last payment update submenu
[INFO ] 2026-09-14 13:29:16.407 [main] StepDef - user can see search property page
[INFO ] 2026-09-14 13:29:16.839 [main] StepDef - user select ward no.
[INFO ] 2026-09-14 13:29:17.985 [main] StepDef - user click on search button
[INFO ] 2026-09-14 13:29:19.229 [main] StepDef - user can see property list page
[INFO ] 2026-09-14 13:29:24.263 [main] StepDef - Setup-Regression method executed
[INFO ] 2026-09-14 13:29:24.267 [main] StepDef - chrome browser launched
[INFO ] 2026-09-14 13:29:26.915 [main] StepDef - URL opened
[INFO ] 2026-09-14 13:29:27.929 [main] StepDef - username and password entered
[INFO ] 2026-09-14 13:29:29.879 [main] StepDef - clicked on login button
[INFO ] 2026-09-14 13:29:32.962 [main] StepDef - Test passed: Login feature: User is able to see dashboard text
[INFO ] 2026-09-14 13:29:33.157 [main] StepDef - User clicks on UD Tax menu
[INFO ] 2026-09-14 13:29:36.465 [main] StepDef - user clicks on DN notice distribution submenu
[INFO ] 2026-09-14 13:29:38.560 [main] StepDef - user can see search property page
[INFO ] 2026-09-14 13:29:39.128 [main] StepDef - user select ward no.
[INFO ] 2026-09-14 13:29:41.347 [main] StepDef - user click on search button
[INFO ] 2026-09-14 13:29:41.609 [main] StepDef - user can see property list page
[INFO ] 2026-09-14 13:29:46.644 [main] StepDef - Setup-Smoke method executed
[INFO ] 2026-09-14 13:29:46.648 [main] StepDef - chrome browser launched
[INFO ] 2026-09-14 13:29:49.468 [main] StepDef - URL opened
[INFO ] 2026-09-14 13:29:50.382 [main] StepDef - username and password entered
[INFO ] 2026-09-14 13:29:52.374 [main] StepDef - clicked on login button
[INFO ] 2026-09-14 13:29:55.453 [main] StepDef - Test passed: Login feature: User is able to see dashboard text
[INFO ] 2026-09-14 13:29:55.652 [main] StepDef - User clicks on UD Tax Report menu
[INFO ] 2026-09-14 13:29:57.774 [main] StepDef - user can view counter report submenu of UDTax Report menu
[INFO ] 2026-09-14 13:29:57.879 [main] StepDef - user can view TC Collection Summary submenu of UDTax Report menu
[INFO ] 2026-09-14 13:29:57.949 [main] StepDef - user can view DCB Report submenu of UDTax Report menu
[INFO ] 2026-09-14 13:29:58.017 [main] StepDef - user can view SAF Report submenu of UDTax Report menu
[INFO ] 2026-09-14 13:29:58.094 [main] StepDef - user can view Zone and Ward Wise Collection Report submenu of UDTax Report menu
[INFO ] 2026-09-14 13:29:58.170 [main] StepDef - user can view Payment Mode Wise Collection submenu of UDTax Report menu
[INFO ] 2026-09-14 13:29:58.267 [main] StepDef - user can view ULB Report submenu of UDTax Report menu
[INFO ] 2026-09-14 13:29:58.341 [main] StepDef - user can view Transaction Deactivate Report submenu of UDTax Report menu
[INFO ] 2026-09-14 13:29:58.547 [main] StepDef - user can view ALL Module TC Summary submenu of UDTax Report menu
[INFO ] 2026-09-14 13:29:58.719 [main] StepDef - user can view Cheque Bounce Report submenu of UDTax Report menu
[INFO ] 2026-09-14 13:29:58.879 [main] StepDef - user can view Print All Payment Reciept submenu of UDTax Report menu
[INFO ] 2026-09-14 13:29:59.074 [main] StepDef - user can view Taxable Property Report submenu of UDTax Report menu
[INFO ] 2026-09-14 13:29:59.245 [main] StepDef - user can view PropertyWise DCB submenu of UDTax Report menu
[INFO ] 2026-09-14 13:29:59.438 [main] StepDef - user can view Htax DCB Report submenu of UDTax Report menu
[INFO ] 2026-09-14 13:29:59.588 [main] StepDef - user can view Print All Demand Reciept submenu of UDTax Report menu
[INFO ] 2026-09-14 13:29:59.742 [main] StepDef - user can view Variation Report submenu of UDTax Report menu
[INFO ] 2026-09-14 13:29:59.945 [main] StepDef - user can view Reassesment Diff submenu of UDTax Report menu
[INFO ] 2026-09-14 13:30:00.245 [main] StepDef - user can view Cheque Bounced Collection Report submenu of UDTax Report menu
[INFO ] 2026-09-14 13:30:00.741 [main] StepDef - user can view Re-verification Difference Report submenu of UDTax Report menu
[INFO ] 2026-09-14 13:30:00.906 [main] StepDef - user can view Tax Collection Report submenu of UDTax Report menu
[INFO ] 2026-09-14 13:30:01.101 [main] StepDef - user can view Appti List submenu of UDTax Report menu
[INFO ] 2026-09-14 13:30:01.243 [main] StepDef - user can view Apptti Pending Report submenu of UDTax Report menu
[INFO ] 2026-09-14 13:30:01.362 [main] StepDef - user can view Appti Reject List submenu of UDTax Report menu
[INFO ] 2026-09-14 13:30:01.494 [main] StepDef - user can view TC Visit Report submenu of UDTax Report menu
[INFO ] 2026-09-14 13:30:01.641 [main] StepDef - user can view TC Visit Summary submenu of UDTax Report menu
[INFO ] 2026-09-14 13:30:01.889 [main] StepDef - user can view Property Wise TC Visit submenu of UDTax Report menu
[INFO ] 2026-09-14 13:30:02.195 [main] StepDef - user can view TL Visit Report submenu of UDTax Report menu
[INFO ] 2026-09-14 13:30:02.368 [main] StepDef - user can view All Updation Report submenu of UDTax Report menu
[INFO ] 2026-09-14 13:30:02.487 [main] StepDef - user can view DN130 Distribution Reports submenu of UDTax Report menu
[INFO ] 2026-09-14 13:30:07.759 [main] StepDef - Setup-Regression method executed
[INFO ] 2026-09-14 13:30:07.763 [main] StepDef - chrome browser launched
[INFO ] 2026-09-14 13:30:10.215 [main] StepDef - URL opened
[INFO ] 2026-09-14 13:30:11.342 [main] StepDef - username and password entered
[INFO ] 2026-09-14 13:30:13.159 [main] StepDef - clicked on login button
[INFO ] 2026-09-14 13:30:16.223 [main] StepDef - Test passed: Login feature: User is able to see dashboard text
[INFO ] 2026-09-14 13:30:16.428 [main] StepDef - User clicks on UD Tax Report menu
[INFO ] 2026-09-14 13:30:19.503 [main] StepDef - user clicks on counter report submenu
[INFO ] 2026-09-14 13:30:21.658 [main] StepDef - user can see counter report page
[INFO ] 2026-09-14 13:30:22.735 [main] StepDef - user clicks on search button
[INFO ] 2026-09-14 13:30:22.929 [main] StepDef - user can see report
[INFO ] 2026-09-14 13:30:28.967 [main] StepDef - Setup-Regression method executed
[INFO ] 2026-09-14 13:30:28.971 [main] StepDef - chrome browser launched
[INFO ] 2026-09-14 13:30:31.470 [main] StepDef - URL opened
[INFO ] 2026-09-14 13:30:32.356 [main] StepDef - username and password entered
[INFO ] 2026-09-14 13:30:34.494 [main] StepDef - clicked on login button
[INFO ] 2026-09-14 13:30:37.576 [main] StepDef - Test passed: Login feature: User is able to see dashboard text
[INFO ] 2026-09-14 13:30:37.796 [main] StepDef - User clicks on UD Tax Report menu
[INFO ] 2026-09-14 13:30:41.002 [main] StepDef - user clicks on TC collection summary submenu
[INFO ] 2026-09-14 13:30:43.372 [main] StepDef - user can see TC collection summary page
[INFO ] 2026-09-14 13:30:44.528 [main] StepDef - user clicks on search button of TC collection summary page
[INFO ] 2026-09-14 13:30:44.955 [main] StepDef - user can see report of TC collection summary page
[INFO ] 2026-09-14 13:30:50.727 [main] StepDef - Setup-Regression method executed
[INFO ] 2026-09-14 13:30:50.733 [main] StepDef - chrome browser launched
[INFO ] 2026-09-14 13:30:53.495 [main] StepDef - URL opened
[INFO ] 2026-09-14 13:30:54.556 [main] StepDef - username and password entered
[INFO ] 2026-09-14 13:30:56.743 [main] StepDef - clicked on login button
[INFO ] 2026-09-14 13:30:59.804 [main] StepDef - Test passed: Login feature: User is able to see dashboard text
[INFO ] 2026-09-14 13:31:00.023 [main] StepDef - User clicks on UD Tax Report menu
[INFO ] 2026-09-14 13:31:03.411 [main] StepDef - user clicks on DCB Report submenu
[INFO ] 2026-09-14 13:31:05.561 [main] StepDef - user can see DCB ULB Wise page
[INFO ] 2026-09-14 13:31:06.872 [main] StepDef - user clicks on search button of DCB ULB Wise page
[INFO ] 2026-09-14 13:31:09.019 [main] StepDef - user can see total demand and total collection of DCB ULB Wise page
[INFO ] 2026-09-14 13:31:13.921 [main] StepDef - Setup-Regression method executed
[INFO ] 2026-09-14 13:31:13.924 [main] StepDef - chrome browser launched
[INFO ] 2026-09-14 13:31:16.493 [main] StepDef - URL opened
[INFO ] 2026-09-14 13:31:17.359 [main] StepDef - username and password entered
[INFO ] 2026-09-14 13:31:19.408 [main] StepDef - clicked on login button
[INFO ] 2026-09-14 13:31:22.479 [main] StepDef - Test passed: Login feature: User is able to see dashboard text
[INFO ] 2026-09-14 13:31:22.685 [main] StepDef - User clicks on UD Tax Report menu
[INFO ] 2026-09-14 13:31:25.946 [main] StepDef - user clicks on SAF Report submenu
[INFO ] 2026-09-14 13:31:28.221 [main] StepDef - user can see saf Report page
[INFO ] 2026-09-14 13:31:28.701 [main] StepDef - user clicks on search button of saf Report page
[INFO ] 2026-09-14 13:31:34.806 [main] StepDef - Setup-Smoke method executed
[INFO ] 2026-09-14 13:31:34.809 [main] StepDef - chrome browser launched
[INFO ] 2026-09-14 13:31:37.564 [main] StepDef - URL opened
[INFO ] 2026-09-14 13:31:38.504 [main] StepDef - username and password entered
[INFO ] 2026-09-14 13:31:40.473 [main] StepDef - clicked on login button
[INFO ] 2026-09-14 13:31:43.540 [main] StepDef - Test passed: Login feature: User is able to see dashboard text
[INFO ] 2026-09-14 13:31:43.734 [main] StepDef - clicked on UD Tax Menu
[INFO ] 2026-09-14 13:31:45.829 [main] StepDef - user can view Road Type submenu
[INFO ] 2026-09-14 13:31:45.922 [main] StepDef - user can view Usage Type submenu
[INFO ] 2026-09-14 13:31:46.007 [main] StepDef - user can view Usage SubCategory Master submenu
[INFO ] 2026-09-14 13:31:46.083 [main] StepDef - user can view Sub Category Details submenu
[INFO ] 2026-09-14 13:31:46.165 [main] StepDef - user can view DLC rate master submenu
[INFO ] 2026-09-14 13:31:46.235 [main] StepDef - user can view DLC Search submenu
[INFO ] 2026-09-14 14:18:44.669 [main] StepDef - Setup-Regression method executed
[INFO ] 2026-09-14 14:18:45.154 [main] StepDef - chrome browser launched
[INFO ] 2026-09-14 14:18:48.132 [main] StepDef - URL opened
[INFO ] 2026-09-14 14:18:49.113 [main] StepDef - username and password entered
[INFO ] 2026-09-14 14:18:50.835 [main] StepDef - clicked on login button
[INFO ] 2026-09-14 14:18:53.992 [main] StepDef - Test passed: Login feature: User is able to see dashboard text
[INFO ] 2026-09-14 14:18:54.403 [main] StepDef - User clicks on UD Tax Report menu
[INFO ] 2026-09-14 14:18:58.501 [main] StepDef - user clicks on SAF Report submenu
[INFO ] 2026-09-14 14:19:00.769 [main] StepDef - user can see saf Report page
[INFO ] 2026-09-14 14:19:01.825 [main] StepDef - user clicks on search button of saf Report page
[INFO ] 2026-09-14 14:19:02.044 [main] StepDef - user can see property tax plain text of saf Report page
[INFO ] 2026-09-14 14:30:36.207 [main] StepDef - Setup-Smoke method executed
[INFO ] 2026-09-14 14:30:36.860 [main] StepDef - chrome browser launched
[INFO ] 2026-09-14 14:30:39.598 [main] StepDef - URL opened
[INFO ] 2026-09-14 14:30:40.535 [main] StepDef - username and password entered
[INFO ] 2026-09-14 14:30:42.497 [main] StepDef - clicked on login button
[INFO ] 2026-09-14 14:30:45.713 [main] StepDef - Test passed: Login feature: User is able to see dashboard text
[INFO ] 2026-09-14 14:30:48.795 [main] StepDef - user can view transaction deactivate submenu of Accounts menu
[INFO ] 2026-09-14 14:30:49.470 [main] StepDef - user can view cash verification submenu of Accounts menu
[INFO ] 2026-09-14 14:30:49.865 [main] StepDef - user can view bank deposit date entry submenu of Accounts menu
[INFO ] 2026-09-14 14:30:50.178 [main] StepDef - user can view bank reconciliation submenu of Accounts menu
[INFO ] 2026-09-14 14:30:50.339 [main] StepDef - user can view Payment Mode Update submenu of Accounts menu
[INFO ] 2026-09-14 14:30:50.505 [main] StepDef - user can view House Tax Transaction Deactivate submenu of Accounts menu
[INFO ] 2026-09-14 14:30:50.792 [main] StepDef - user can view House Tax Payment Mode Update submenu of Accounts menu
[INFO ] 2026-09-14 14:30:58.882 [main] StepDef - Setup-Smoke method executed
[INFO ] 2026-09-14 14:30:58.949 [main] StepDef - chrome browser launched
[INFO ] 2026-09-14 14:31:01.995 [main] StepDef - URL opened
[INFO ] 2026-09-14 14:31:03.365 [main] StepDef - username and password entered
[INFO ] 2026-09-14 14:31:05.339 [main] StepDef - clicked on login button
[INFO ] 2026-09-14 14:31:08.506 [main] StepDef - Test passed: Login feature: User is able to see dashboard text
[INFO ] 2026-09-14 14:31:08.844 [main] StepDef - clicked on Assessment Menu
[INFO ] 2026-09-14 14:31:10.997 [main] StepDef - User is able to see Reassessment submenu
[INFO ] 2026-09-14 14:31:11.145 [main] StepDef - User is able to see Reverification submenu
[INFO ] 2026-09-14 14:31:11.321 [main] StepDef - User is able to see Reverification TL submenu
[INFO ] 2026-09-14 14:31:11.426 [main] StepDef - User is able to see House Tax Entry submenu
[INFO ] 2026-09-14 14:31:11.511 [main] StepDef - User is able to see Legacy Entry submenu
[INFO ] 2026-09-14 14:31:11.648 [main] StepDef - User is able to see Edit New Assessment submenu
[INFO ] 2026-09-14 14:31:18.832 [main] StepDef - Setup-Regression method executed
[INFO ] 2026-09-14 14:31:18.855 [main] StepDef - chrome browser launched
[INFO ] 2026-09-14 14:31:24.751 [main] StepDef - URL opened
[INFO ] 2026-09-14 14:31:26.015 [main] StepDef - username and password entered
[INFO ] 2026-09-14 14:31:27.567 [main] StepDef - clicked on login button
[INFO ] 2026-09-14 14:31:30.667 [main] StepDef - Test passed: Login feature: User is able to see dashboard text
[INFO ] 2026-09-14 14:31:31.026 [main] StepDef - clicked on Assessment Menu
[INFO ] 2026-09-14 14:31:34.313 [main] StepDef - User clicks on House Tax Entry submenu of Assessment menu
[INFO ] 2026-09-14 14:31:37.424 [main] StepDef - User can see House Tax Entry page
[INFO ] 2026-09-14 14:31:44.796 [main] StepDef - User enters property details
[INFO ] 2026-09-14 14:31:46.807 [main] StepDef - User enters permanent address
[INFO ] 2026-09-14 14:31:47.047 [main] StepDef - User enters current address
[INFO ] 2026-09-14 14:31:48.911 [main] StepDef - User enters owner details
[INFO ] 2026-09-14 14:31:54.569 [main] StepDef - User enters floor details
[INFO ] 2026-09-14 14:31:57.740 [main] StepDef - User enters demand details
[INFO ] 2026-09-14 14:32:01.488 [main] StepDef - User clicks on view button
[INFO ] 2026-09-14 14:32:01.538 [main] StepDef - User can see House Tax Entry View Page
[INFO ] 2026-09-14 14:32:02.161 [main] StepDef - User clicks on save button
[INFO ] 2026-09-14 14:32:05.229 [main] StepDef - User can see House Tax Payment page
[INFO ] 2026-09-14 14:32:08.616 [main] StepDef - User enters payment details
[INFO ] 2026-09-14 14:32:09.983 [main] StepDef - User clicks on pay now button
[INFO ] 2026-09-14 14:32:13.046 [main] StepDef - User can see House Tax Payment Receipt Page
[INFO ] 2026-09-14 14:32:18.971 [main] StepDef - Setup-Regression method executed
[INFO ] 2026-09-14 14:32:18.999 [main] StepDef - chrome browser launched
[INFO ] 2026-09-14 14:32:21.645 [main] StepDef - URL opened
[INFO ] 2026-09-14 14:32:22.630 [main] StepDef - username and password entered
[INFO ] 2026-09-14 14:32:24.690 [main] StepDef - clicked on login button
[INFO ] 2026-09-14 14:32:27.767 [main] StepDef - Test passed: Login feature: User is able to see dashboard text
[INFO ] 2026-09-14 14:32:27.967 [main] StepDef - clicked on Assessment Menu
[INFO ] 2026-09-14 14:32:31.313 [main] StepDef - User clicks on Legacy Entry submenu of Assessment menu
[INFO ] 2026-09-14 14:32:33.483 [main] StepDef - User can see Legacy Entry page
[INFO ] 2026-09-14 14:32:38.467 [main] StepDef - User enters property details of Legacy Entry submenu
[INFO ] 2026-09-14 14:32:40.347 [main] StepDef - User enters permanent address of Legacy Entry submenu
[INFO ] 2026-09-14 14:32:40.555 [main] StepDef - User enters current address of Legacy Entry submenu
[INFO ] 2026-09-14 14:32:42.270 [main] StepDef - User enters owner details of Legacy Entry submenu
[INFO ] 2026-09-14 14:32:43.741 [main] StepDef - User enters tax details of Legacy Entry submenu
[INFO ] 2026-09-14 14:32:46.685 [main] StepDef - User clicks on save button of Legacy Entry submenu
[INFO ] 2026-09-14 14:32:46.736 [main] StepDef - User can see confirmation message
[INFO ] 2026-09-14 14:32:51.904 [main] StepDef - Setup-Smoke method executed
[INFO ] 2026-09-14 14:32:51.928 [main] StepDef - chrome browser launched
[INFO ] 2026-09-14 14:32:54.354 [main] StepDef - URL opened
[INFO ] 2026-09-14 14:32:55.384 [main] StepDef - username and password entered
[INFO ] 2026-09-14 14:32:57.511 [main] StepDef - clicked on login button
[INFO ] 2026-09-14 14:33:00.580 [main] StepDef - Test passed: Login feature: User is able to see dashboard text
[INFO ] 2026-09-14 14:33:00.787 [main] StepDef - User clicks on dashboard menu
[INFO ] 2026-09-14 14:33:02.920 [main] StepDef - user is able to see Work Report Dashboard submenu
[INFO ] 2026-09-14 14:33:03.018 [main] StepDef - user is able to see BOH Dashboard submenu
[INFO ] 2026-09-14 14:33:08.452 [main] StepDef - Setup-Regression method executed
[INFO ] 2026-09-14 14:33:08.467 [main] StepDef - chrome browser launched
[INFO ] 2026-09-14 14:33:10.876 [main] StepDef - URL opened
[INFO ] 2026-09-14 14:33:11.878 [main] StepDef - username and password entered
[INFO ] 2026-09-14 14:33:13.881 [main] StepDef - clicked on login button
[INFO ] 2026-09-14 14:33:16.965 [main] StepDef - Test passed: Login feature: User is able to see dashboard text
[INFO ] 2026-09-14 14:33:17.147 [main] StepDef - User clicks on dashboard menu
[INFO ] 2026-09-14 14:33:20.445 [main] StepDef - User clicks on Work Report Dashboard submenu
[INFO ] 2026-09-14 14:33:23.780 [main] StepDef - User clicks on search button of Work Report Dashboard
[INFO ] 2026-09-14 14:33:25.899 [main] StepDef - user can view Work Report Dashboard report
[INFO ] 2026-09-14 14:33:25.902 [main] StepDef - Browser closed
[INFO ] 2026-09-14 14:33:31.395 [main] StepDef - Setup-Regression method executed
[INFO ] 2026-09-14 14:33:31.408 [main] StepDef - chrome browser launched
[INFO ] 2026-09-14 14:33:33.956 [main] StepDef - URL opened
[INFO ] 2026-09-14 14:33:34.837 [main] StepDef - username and password entered
[INFO ] 2026-09-14 14:33:37.008 [main] StepDef - clicked on login button
[INFO ] 2026-09-14 14:33:40.081 [main] StepDef - Test passed: Login feature: User is able to see dashboard text
[INFO ] 2026-09-14 14:33:40.268 [main] StepDef - User clicks on dashboard menu
[INFO ] 2026-09-14 14:33:43.596 [main] StepDef - User clicks on Work BOH Dashboard submenu
[INFO ] 2026-09-14 14:33:47.235 [main] StepDef - User clicks on search button of BOH Dashboard
[INFO ] 2026-09-14 14:33:49.292 [main] StepDef - user can view report of BOH Dashboard
[INFO ] 2026-09-14 14:33:49.294 [main] StepDef - Browser closed
[INFO ] 2026-09-14 14:33:54.940 [main] StepDef - Setup-Smoke method executed
[INFO ] 2026-09-14 14:33:54.957 [main] StepDef - chrome browser launched
[INFO ] 2026-09-14 14:33:57.884 [main] StepDef - URL opened
[INFO ] 2026-09-14 14:33:58.910 [main] StepDef - username and password entered
[INFO ] 2026-09-14 14:34:00.704 [main] StepDef - clicked on login button
[INFO ] 2026-09-14 14:34:03.779 [main] StepDef - Test passed: Login feature: User is able to see dashboard text
[INFO ] 2026-09-14 14:34:03.965 [main] StepDef - User clicks on Inactive Property menu
[INFO ] 2026-09-14 14:34:06.206 [main] StepDef - user can view Inactive Property submenu of Inactive Property menu
[INFO ] 2026-09-14 14:34:06.375 [main] StepDef - user can view Inactive DCB submenu of Inactive Property menu
[INFO ] 2026-09-14 14:34:06.537 [main] StepDef - user can view Inactive Property Activity submenu of Inactive Property menu
[INFO ] 2026-09-14 14:34:11.595 [main] StepDef - Setup-Smoke method executed
[INFO ] 2026-09-14 14:34:11.615 [main] StepDef - chrome browser launched
[INFO ] 2026-09-14 14:34:14.243 [main] StepDef - URL opened
[INFO ] 2026-09-14 14:34:15.243 [main] StepDef - username and password entered
[INFO ] 2026-09-14 14:34:17.266 [main] StepDef - clicked on login button
[INFO ] 2026-09-14 14:34:20.340 [main] StepDef - Test passed: Login feature: User is able to see dashboard text
[INFO ] 2026-09-14 14:34:20.537 [main] StepDef - User clicks on Inactive Survey menu
[INFO ] 2026-09-14 14:34:22.770 [main] StepDef - user can view Inactive Survey submenu of Inactive Survey menu
[INFO ] 2026-09-14 14:34:22.963 [main] StepDef - user can view Inactive Survey Activity submenu of Inactive Survey menu
[INFO ] 2026-09-14 14:34:29.412 [main] StepDef - Setup-Smoke method executed
[INFO ] 2026-09-14 14:34:34.399 [main] StepDef - Setup-Regression method executed
[INFO ] 2026-09-14 14:34:34.412 [main] StepDef - chrome browser launched
[INFO ] 2026-09-14 14:34:37.201 [main] StepDef - URL opened
[INFO ] 2026-09-14 14:34:38.239 [main] StepDef - username and password entered
[INFO ] 2026-09-14 14:34:40.038 [main] StepDef - clicked on login button
[INFO ] 2026-09-14 14:34:43.130 [main] StepDef - Test passed: Login feature: User is able to see dashboard text
[INFO ] 2026-09-14 14:34:43.501 [main] StepDef - User clicked on super admin profile
[INFO ] 2026-09-14 14:34:47.619 [main] StepDef - User clicked on signout button
[INFO ] 2026-09-14 14:34:49.699 [main] StepDef - User is able to see login page of Nagar Palika Rawatsar
[INFO ] 2026-09-14 14:34:49.702 [main] StepDef - Browser closed
[INFO ] 2026-09-14 14:34:58.446 [main] StepDef - Setup-DDT method executed..
[INFO ] 2026-09-14 14:34:58.455 [main] StepDef - chrome browser launched
[INFO ] 2026-09-14 14:35:01.161 [main] StepDef - URL opened
[INFO ] 2026-09-14 14:35:02.268 [main] StepDef - username and password entered
[INFO ] 2026-09-14 14:35:04.297 [main] StepDef - clicked on login button
[INFO ] 2026-09-14 14:35:07.387 [main] StepDef - LOGIN SUCCESSFUL - Dashboard is displayed as expected.
[INFO ] 2026-09-14 14:35:12.234 [main] StepDef - Setup-DDT method executed..
[INFO ] 2026-09-14 14:35:12.247 [main] StepDef - chrome browser launched
[INFO ] 2026-09-14 14:35:14.850 [main] StepDef - URL opened
[INFO ] 2026-09-14 14:35:15.856 [main] StepDef - username and password entered
[INFO ] 2026-09-14 14:35:17.599 [main] StepDef - clicked on login button
[INFO ] 2026-09-14 14:35:20.685 [main] StepDef - LOGIN UNSUCCESSFUL - Dashboard is not displayed as expected.
[INFO ] 2026-09-14 14:35:25.697 [main] StepDef - Setup-DDT method executed..
[INFO ] 2026-09-14 14:35:25.717 [main] StepDef - chrome browser launched
[INFO ] 2026-09-14 14:35:28.766 [main] StepDef - URL opened
[INFO ] 2026-09-14 14:35:29.831 [main] StepDef - username and password entered
[INFO ] 2026-09-14 14:35:31.475 [main] StepDef - clicked on login button
[INFO ] 2026-09-14 14:35:34.541 [main] StepDef - LOGIN UNSUCCESSFUL - Dashboard is not displayed as expected.
[INFO ] 2026-09-14 14:35:39.598 [main] StepDef - Setup-DDT method executed..
[INFO ] 2026-09-14 14:35:39.607 [main] StepDef - chrome browser launched
[INFO ] 2026-09-14 14:35:42.369 [main] StepDef - URL opened
[INFO ] 2026-09-14 14:35:43.395 [main] StepDef - username and password entered
[INFO ] 2026-09-14 14:35:45.034 [main] StepDef - clicked on login button
[INFO ] 2026-09-14 14:35:48.104 [main] StepDef - LOGIN UNSUCCESSFUL - Dashboard is not displayed as expected.
[INFO ] 2026-09-14 14:35:52.798 [main] StepDef - Setup-DDT method executed..
[INFO ] 2026-09-14 14:35:52.808 [main] StepDef - chrome browser launched
[INFO ] 2026-09-14 14:35:55.427 [main] StepDef - URL opened
[INFO ] 2026-09-14 14:35:56.217 [main] StepDef - username and password entered
[INFO ] 2026-09-14 14:35:56.732 [main] StepDef - clicked on login button
[INFO ] 2026-09-14 14:35:59.813 [main] StepDef - LOGIN UNSUCCESSFUL - Dashboard is not displayed as expected.
[INFO ] 2026-09-14 14:36:04.852 [main] StepDef - Setup-DDT method executed..
[INFO ] 2026-09-14 14:36:04.865 [main] StepDef - chrome browser launched
[INFO ] 2026-09-14 14:36:09.223 [main] StepDef - URL opened
[INFO ] 2026-09-14 14:36:10.332 [main] StepDef - username and password entered
[INFO ] 2026-09-14 14:36:10.592 [main] StepDef - clicked on login button
[INFO ] 2026-09-14 14:36:13.645 [main] StepDef - LOGIN UNSUCCESSFUL - Dashboard is not displayed as expected.
[INFO ] 2026-09-14 14:36:18.702 [main] StepDef - Setup-DDT method executed..
[INFO ] 2026-09-14 14:36:18.719 [main] StepDef - chrome browser launched
[INFO ] 2026-09-14 14:36:21.173 [main] StepDef - URL opened
[INFO ] 2026-09-14 14:36:21.946 [main] StepDef - username and password entered
[INFO ] 2026-09-14 14:36:22.286 [main] StepDef - clicked on login button
[INFO ] 2026-09-14 14:36:25.348 [main] StepDef - LOGIN UNSUCCESSFUL - Dashboard is not displayed as expected.
[INFO ] 2026-09-14 14:36:30.062 [main] StepDef - Setup-DDT method executed..
[INFO ] 2026-09-14 14:36:30.071 [main] StepDef - chrome browser launched
[INFO ] 2026-09-14 14:36:32.673 [main] StepDef - URL opened
[INFO ] 2026-09-14 14:36:33.460 [main] StepDef - username and password entered
[INFO ] 2026-09-14 14:36:33.834 [main] StepDef - clicked on login button
[INFO ] 2026-09-14 14:36:36.943 [main] StepDef - LOGIN UNSUCCESSFUL - Dashboard is not displayed as expected.
[INFO ] 2026-09-14 14:36:42.262 [main] StepDef - Setup-DDT method executed..
[INFO ] 2026-09-14 14:36:42.289 [main] StepDef - chrome browser launched
[INFO ] 2026-09-14 14:36:44.606 [main] StepDef - URL opened
[INFO ] 2026-09-14 14:36:45.493 [main] StepDef - username and password entered
[INFO ] 2026-09-14 14:36:45.861 [main] StepDef - clicked on login button
[INFO ] 2026-09-14 14:36:48.932 [main] StepDef - LOGIN UNSUCCESSFUL - Dashboard is not displayed as expected.
[INFO ] 2026-09-14 14:36:53.809 [main] StepDef - Setup-Smoke method executed
[INFO ] 2026-09-14 14:36:53.823 [main] StepDef - chrome browser launched
[INFO ] 2026-09-14 14:36:59.376 [main] StepDef - URL opened
[INFO ] 2026-09-14 14:37:00.780 [main] StepDef - username and password entered
[INFO ] 2026-09-14 14:37:02.412 [main] StepDef - clicked on login button
[INFO ] 2026-09-14 14:37:05.519 [main] StepDef - Test passed: Login feature: User is able to see dashboard text
[INFO ] 2026-09-14 14:37:06.010 [main] StepDef - User clicks on Property Survey menu
[INFO ] 2026-09-14 14:37:08.359 [main] StepDef - user can view Survey Report submenu of Property Survey menu
[INFO ] 2026-09-14 14:37:08.558 [main] StepDef - user can view Survey Summary Report submenu of Property Survey menu
[INFO ] 2026-09-14 14:37:08.749 [main] StepDef - user can view Survey Team Summary submenu of Property Survey menu
[INFO ] 2026-09-14 14:37:09.070 [main] StepDef - user can view Survey Assessed List submenu of Property Survey menu
[INFO ] 2026-09-14 14:37:09.364 [main] StepDef - user can view Survey Assessed Report submenu of Property Survey menu
[INFO ] 2026-09-14 14:37:09.599 [main] StepDef - user can view Wardwise Survey Report submenu of Property Survey menu
[INFO ] 2026-09-14 14:37:09.807 [main] StepDef - user can view Survey Pending Report submenu of Property Survey menu
[INFO ] 2026-09-14 14:37:09.992 [main] StepDef - user can view Survey Level Summary Report submenu of Property Survey menu
[INFO ] 2026-09-14 14:37:10.142 [main] StepDef - user can view Survey Level Summary Report submenu of Property Survey menu
[INFO ] 2026-09-14 14:37:10.311 [main] StepDef - user can view Userwise Forward Summary submenu of Property Survey menu
[INFO ] 2026-09-14 14:37:10.572 [main] StepDef - user can view Userwise Survey Edit Report submenu of Property Survey menu
[INFO ] 2026-09-14 14:37:11.010 [main] StepDef - user can view Survey Modification Report submenu of Property Survey menu
[INFO ] 2026-09-14 14:37:11.248 [main] StepDef - user can view Survey Geotagging Report submenu of Property Survey menu
[INFO ] 2026-09-14 14:37:11.515 [main] StepDef - user can view Ex-Party Survey Notice submenu of Property Survey menu
[INFO ] 2026-09-14 14:37:11.667 [main] StepDef - user can view Survey Notice List submenu of Property Survey menu
[INFO ] 2026-09-14 14:37:11.840 [main] StepDef - user can view Bulk Survey Notice Print submenu of Property Survey menu
[INFO ] 2026-09-14 14:37:11.956 [main] StepDef - user can view Survey Notice Received List submenu of Property Survey menu
[INFO ] 2026-09-14 14:37:12.071 [main] StepDef - user can view Survey Notice Received Report submenu of Property Survey menu
[INFO ] 2026-09-14 14:37:12.209 [main] StepDef - user can view Survey Notice Distributed Report submenu of Property Survey menu
[INFO ] 2026-09-14 14:37:12.309 [main] StepDef - user can view Survey Demand Report submenu of Property Survey menu
[INFO ] 2026-09-14 14:37:12.428 [main] StepDef - user can view Survey GIS Update submenu of Property Survey menu
[INFO ] 2026-09-14 14:37:12.521 [main] StepDef - user can view Survey Visit Report submenu of Property Survey menu
[INFO ] 2026-09-14 14:37:12.611 [main] StepDef - user can view TL Survey Visit submenu of Property Survey menu
[INFO ] 2026-09-14 14:37:12.702 [main] StepDef - user can view TL Survey Visit Report submenu of Property Survey menu
[INFO ] 2026-09-14 14:37:17.508 [main] StepDef - Setup-Smoke method executed
[INFO ] 2026-09-14 14:37:17.528 [main] StepDef - chrome browser launched
[INFO ] 2026-09-14 14:37:22.132 [main] StepDef - URL opened
[INFO ] 2026-09-14 14:37:23.435 [main] StepDef - username and password entered
[INFO ] 2026-09-14 14:37:24.816 [main] StepDef - clicked on login button
[INFO ] 2026-09-14 14:37:27.902 [main] StepDef - Test passed: Login feature: User is able to see dashboard text
[INFO ] 2026-09-14 14:37:28.291 [main] StepDef - User clicks on UD Tax menu
[INFO ] 2026-09-14 14:37:30.408 [main] StepDef - User is able to see Search Propety submenu
[INFO ] 2026-09-14 14:37:30.479 [main] StepDef - User is able to see Document Upload submenu
[INFO ] 2026-09-14 14:37:30.547 [main] StepDef - User is able to see Update Property Details submenu
[INFO ] 2026-09-14 14:37:30.618 [main] StepDef - User is able to see Last Payment Update submenu
[INFO ] 2026-09-14 14:37:30.686 [main] StepDef - User is able to see Update Owner Details submenu
[INFO ] 2026-09-14 14:37:30.794 [main] StepDef - User is able to see Property Deativate submenu
[INFO ] 2026-09-14 14:37:30.894 [main] StepDef - User is able to see Ward Update submenu
[INFO ] 2026-09-14 14:37:31.125 [main] StepDef - User is able to see Adjustment submenu
[INFO ] 2026-09-14 14:37:31.294 [main] StepDef - User is able to see House Tax Last Payment Update submenu
[INFO ] 2026-09-14 14:37:31.426 [main] StepDef - User is able to see TL Property Visit submenu
[INFO ] 2026-09-14 14:37:31.498 [main] StepDef - User is able to see DN Notice Distribution submenu
[INFO ] 2026-09-14 14:37:36.424 [main] StepDef - Setup-Regression method executed
[INFO ] 2026-09-14 14:37:36.436 [main] StepDef - chrome browser launched
[INFO ] 2026-09-14 14:37:39.018 [main] StepDef - URL opened
[INFO ] 2026-09-14 14:37:39.938 [main] StepDef - username and password entered
[INFO ] 2026-09-14 14:37:41.940 [main] StepDef - clicked on login button
[INFO ] 2026-09-14 14:37:45.007 [main] StepDef - Test passed: Login feature: User is able to see dashboard text
[INFO ] 2026-09-14 14:37:45.209 [main] StepDef - User clicks on UD Tax menu
[INFO ] 2026-09-14 14:37:48.277 [main] StepDef - user clicks on search property submenu
[INFO ] 2026-09-14 14:37:50.501 [main] StepDef - user can see search property page
[INFO ] 2026-09-14 14:37:51.184 [main] StepDef - user select ward no.
[INFO ] 2026-09-14 14:37:54.093 [main] StepDef - user click on search button
[INFO ] 2026-09-14 14:37:54.243 [main] StepDef - user can see property list page
[INFO ] 2026-09-14 14:37:59.528 [main] StepDef - Setup-Regression method executed
[INFO ] 2026-09-14 14:37:59.538 [main] StepDef - chrome browser launched
[INFO ] 2026-09-14 14:38:02.321 [main] StepDef - URL opened
[INFO ] 2026-09-14 14:38:03.259 [main] StepDef - username and password entered
[INFO ] 2026-09-14 14:38:05.376 [main] StepDef - clicked on login button
[INFO ] 2026-09-14 14:38:08.443 [main] StepDef - Test passed: Login feature: User is able to see dashboard text
[INFO ] 2026-09-14 14:38:08.644 [main] StepDef - User clicks on UD Tax menu
[INFO ] 2026-09-14 14:38:11.783 [main] StepDef - user clicks on document upload submenu
[INFO ] 2026-09-14 14:38:13.879 [main] StepDef - user can see search property page
[INFO ] 2026-09-14 14:38:14.512 [main] StepDef - user select ward no.
[INFO ] 2026-09-14 14:38:15.406 [main] StepDef - user click on search button
[INFO ] 2026-09-14 14:38:21.607 [main] StepDef - Setup-Regression method executed
[INFO ] 2026-09-14 14:38:21.623 [main] StepDef - chrome browser launched
[INFO ] 2026-09-14 14:38:24.228 [main] StepDef - URL opened
[INFO ] 2026-09-14 14:38:25.141 [main] StepDef - username and password entered
[INFO ] 2026-09-14 14:38:27.233 [main] StepDef - clicked on login button
[INFO ] 2026-09-14 14:38:30.315 [main] StepDef - Test passed: Login feature: User is able to see dashboard text
[INFO ] 2026-09-14 14:38:30.509 [main] StepDef - User clicks on UD Tax menu
[INFO ] 2026-09-14 14:38:33.643 [main] StepDef - user clicks on update property details submenu
[INFO ] 2026-09-14 14:38:35.852 [main] StepDef - user can see search property page
[INFO ] 2026-09-14 14:38:36.288 [main] StepDef - user select ward no.
[INFO ] 2026-09-14 14:38:37.322 [main] StepDef - user click on search button
[INFO ] 2026-09-14 14:38:38.439 [main] StepDef - user can see property list page
[INFO ] 2026-09-14 14:38:43.824 [main] StepDef - Setup-Regression method executed
[INFO ] 2026-09-14 14:38:43.830 [main] StepDef - chrome browser launched
[INFO ] 2026-09-14 14:38:46.466 [main] StepDef - URL opened
[INFO ] 2026-09-14 14:38:47.627 [main] StepDef - username and password entered
[INFO ] 2026-09-14 14:38:49.324 [main] StepDef - clicked on login button
[INFO ] 2026-09-14 14:38:52.401 [main] StepDef - Test passed: Login feature: User is able to see dashboard text
[INFO ] 2026-09-14 14:38:52.595 [main] StepDef - User clicks on UD Tax menu
[INFO ] 2026-09-14 14:38:55.707 [main] StepDef - user clicks on last payment update submenu
[INFO ] 2026-09-14 14:38:57.785 [main] StepDef - user can see search property page
[INFO ] 2026-09-14 14:38:58.563 [main] StepDef - user select ward no.
[INFO ] 2026-09-14 14:38:59.317 [main] StepDef - user click on search button
[INFO ] 2026-09-14 14:39:00.240 [main] StepDef - user can see property list page
[INFO ] 2026-09-14 14:39:05.248 [main] StepDef - Setup-Regression method executed
[INFO ] 2026-09-14 14:39:05.254 [main] StepDef - chrome browser launched
[INFO ] 2026-09-14 14:39:07.768 [main] StepDef - URL opened
[INFO ] 2026-09-14 14:39:08.999 [main] StepDef - username and password entered
[INFO ] 2026-09-14 14:39:11.352 [main] StepDef - clicked on login button
[INFO ] 2026-09-14 14:39:14.431 [main] StepDef - Test passed: Login feature: User is able to see dashboard text
[INFO ] 2026-09-14 14:39:14.629 [main] StepDef - User clicks on UD Tax menu
[INFO ] 2026-09-14 14:39:18.022 [main] StepDef - user clicks on update owner details submenu
[INFO ] 2026-09-14 14:39:20.205 [main] StepDef - user can see search property page
[INFO ] 2026-09-14 14:39:20.981 [main] StepDef - user select ward no.
[INFO ] 2026-09-14 14:39:21.696 [main] StepDef - user click on search button
[INFO ] 2026-09-14 14:39:23.222 [main] StepDef - user can see property list page
[INFO ] 2026-09-14 14:39:28.106 [main] StepDef - Setup-Regression method executed
[INFO ] 2026-09-14 14:39:28.114 [main] StepDef - chrome browser launched
[INFO ] 2026-09-14 14:39:32.637 [main] StepDef - URL opened
[INFO ] 2026-09-14 14:39:33.955 [main] StepDef - username and password entered
[INFO ] 2026-09-14 14:39:35.492 [main] StepDef - clicked on login button
[INFO ] 2026-09-14 14:39:38.594 [main] StepDef - Test passed: Login feature: User is able to see dashboard text
[INFO ] 2026-09-14 14:39:38.974 [main] StepDef - User clicks on UD Tax menu
[INFO ] 2026-09-14 14:39:41.887 [main] StepDef - user clicks on property deactivate submenu
[INFO ] 2026-09-14 14:39:43.981 [main] StepDef - user can see search property page
[INFO ] 2026-09-14 14:39:44.466 [main] StepDef - user select ward no.
[INFO ] 2026-09-14 14:39:45.736 [main] StepDef - user click on search button
[INFO ] 2026-09-14 14:39:45.969 [main] StepDef - user can see property list page
[INFO ] 2026-09-14 14:39:51.157 [main] StepDef - Setup-Regression method executed
[INFO ] 2026-09-14 14:39:51.185 [main] StepDef - chrome browser launched
[INFO ] 2026-09-14 14:39:54.522 [main] StepDef - URL opened
[INFO ] 2026-09-14 14:39:55.472 [main] StepDef - username and password entered
[INFO ] 2026-09-14 14:39:57.439 [main] StepDef - clicked on login button
[INFO ] 2026-09-14 14:40:00.516 [main] StepDef - Test passed: Login feature: User is able to see dashboard text
[INFO ] 2026-09-14 14:40:00.733 [main] StepDef - User clicks on UD Tax menu
[INFO ] 2026-09-14 14:40:03.842 [main] StepDef - user clicks on ward update submenu
[INFO ] 2026-09-14 14:40:05.912 [main] StepDef - user can see search property page
[INFO ] 2026-09-14 14:40:06.361 [main] StepDef - user select ward no.
[INFO ] 2026-09-14 14:40:07.198 [main] StepDef - user click on search button
[INFO ] 2026-09-14 14:40:08.464 [main] StepDef - user can see property list page
[INFO ] 2026-09-14 14:40:13.406 [main] StepDef - Setup-Regression method executed
[INFO ] 2026-09-14 14:40:13.415 [main] StepDef - chrome browser launched
[INFO ] 2026-09-14 14:40:16.231 [main] StepDef - URL opened
[INFO ] 2026-09-14 14:40:17.165 [main] StepDef - username and password entered
[INFO ] 2026-09-14 14:40:19.125 [main] StepDef - clicked on login button
[INFO ] 2026-09-14 14:40:22.204 [main] StepDef - Test passed: Login feature: User is able to see dashboard text
[INFO ] 2026-09-14 14:40:22.405 [main] StepDef - User clicks on UD Tax menu
[INFO ] 2026-09-14 14:40:25.410 [main] StepDef - user clicks on ward update submenu
[INFO ] 2026-09-14 14:40:27.541 [main] StepDef - user can see search property page
[INFO ] 2026-09-14 14:40:28.051 [main] StepDef - user select ward no.
[INFO ] 2026-09-14 14:40:30.071 [main] StepDef - user click on search button
[INFO ] 2026-09-14 14:40:30.266 [main] StepDef - user can see property list page
[INFO ] 2026-09-14 14:40:35.417 [main] StepDef - Setup-Regression method executed
[INFO ] 2026-09-14 14:40:35.421 [main] StepDef - chrome browser launched
[INFO ] 2026-09-14 14:40:38.147 [main] StepDef - URL opened
[INFO ] 2026-09-14 14:40:39.254 [main] StepDef - username and password entered
[INFO ] 2026-09-14 14:40:41.873 [main] StepDef - clicked on login button
[INFO ] 2026-09-14 14:40:44.939 [main] StepDef - Test passed: Login feature: User is able to see dashboard text
[INFO ] 2026-09-14 14:40:45.156 [main] StepDef - User clicks on UD Tax menu
[INFO ] 2026-09-14 14:40:48.148 [main] StepDef - user clicks on house tax last payment update submenu
[INFO ] 2026-09-14 14:40:50.428 [main] StepDef - user can see search property page
[INFO ] 2026-09-14 14:40:51.090 [main] StepDef - user select ward no.
[INFO ] 2026-09-14 14:40:51.829 [main] StepDef - user click on search button
[INFO ] 2026-09-14 14:40:52.883 [main] StepDef - user can see property list page
[INFO ] 2026-09-14 14:40:58.217 [main] StepDef - Setup-Regression method executed
[INFO ] 2026-09-14 14:40:58.224 [main] StepDef - chrome browser launched
[INFO ] 2026-09-14 14:41:00.896 [main] StepDef - URL opened
[INFO ] 2026-09-14 14:41:01.912 [main] StepDef - username and password entered
[INFO ] 2026-09-14 14:41:04.413 [main] StepDef - clicked on login button
[INFO ] 2026-09-14 14:41:07.475 [main] StepDef - Test passed: Login feature: User is able to see dashboard text
[INFO ] 2026-09-14 14:41:07.676 [main] StepDef - User clicks on UD Tax menu
[INFO ] 2026-09-14 14:41:11.091 [main] StepDef - user clicks on DN notice distribution submenu
[INFO ] 2026-09-14 14:41:13.151 [main] StepDef - user can see search property page
[INFO ] 2026-09-14 14:41:13.558 [main] StepDef - user select ward no.
[INFO ] 2026-09-14 14:41:15.214 [main] StepDef - user click on search button
[INFO ] 2026-09-14 14:41:15.510 [main] StepDef - user can see property list page
[INFO ] 2026-09-14 14:41:20.915 [main] StepDef - Setup-Smoke method executed
[INFO ] 2026-09-14 14:41:20.920 [main] StepDef - chrome browser launched
[INFO ] 2026-09-14 14:41:24.113 [main] StepDef - URL opened
[INFO ] 2026-09-14 14:41:25.226 [main] StepDef - username and password entered
[INFO ] 2026-09-14 14:41:27.694 [main] StepDef - clicked on login button
[INFO ] 2026-09-14 14:41:30.772 [main] StepDef - Test passed: Login feature: User is able to see dashboard text
[INFO ] 2026-09-14 14:41:30.994 [main] StepDef - User clicks on UD Tax Report menu
[INFO ] 2026-09-14 14:41:33.120 [main] StepDef - user can view counter report submenu of UDTax Report menu
[INFO ] 2026-09-14 14:41:33.196 [main] StepDef - user can view TC Collection Summary submenu of UDTax Report menu
[INFO ] 2026-09-14 14:41:33.285 [main] StepDef - user can view DCB Report submenu of UDTax Report menu
[INFO ] 2026-09-14 14:41:33.396 [main] StepDef - user can view SAF Report submenu of UDTax Report menu
[INFO ] 2026-09-14 14:41:33.470 [main] StepDef - user can view Zone and Ward Wise Collection Report submenu of UDTax Report menu
[INFO ] 2026-09-14 14:41:33.543 [main] StepDef - user can view Payment Mode Wise Collection submenu of UDTax Report menu
[INFO ] 2026-09-14 14:41:33.608 [main] StepDef - user can view ULB Report submenu of UDTax Report menu
[INFO ] 2026-09-14 14:41:33.679 [main] StepDef - user can view Transaction Deactivate Report submenu of UDTax Report menu
[INFO ] 2026-09-14 14:41:33.888 [main] StepDef - user can view ALL Module TC Summary submenu of UDTax Report menu
[INFO ] 2026-09-14 14:41:34.132 [main] StepDef - user can view Cheque Bounce Report submenu of UDTax Report menu
[INFO ] 2026-09-14 14:41:34.307 [main] StepDef - user can view Print All Payment Reciept submenu of UDTax Report menu
[INFO ] 2026-09-14 14:41:34.507 [main] StepDef - user can view Taxable Property Report submenu of UDTax Report menu
[INFO ] 2026-09-14 14:41:34.633 [main] StepDef - user can view PropertyWise DCB submenu of UDTax Report menu
[INFO ] 2026-09-14 14:41:34.932 [main] StepDef - user can view Htax DCB Report submenu of UDTax Report menu
[INFO ] 2026-09-14 14:41:35.178 [main] StepDef - user can view Print All Demand Reciept submenu of UDTax Report menu
[INFO ] 2026-09-14 14:41:35.400 [main] StepDef - user can view Variation Report submenu of UDTax Report menu
[INFO ] 2026-09-14 14:41:35.654 [main] StepDef - user can view Reassesment Diff submenu of UDTax Report menu
[INFO ] 2026-09-14 14:41:35.790 [main] StepDef - user can view Cheque Bounced Collection Report submenu of UDTax Report menu
[INFO ] 2026-09-14 14:41:35.961 [main] StepDef - user can view Re-verification Difference Report submenu of UDTax Report menu
[INFO ] 2026-09-14 14:41:36.190 [main] StepDef - user can view Tax Collection Report submenu of UDTax Report menu
[INFO ] 2026-09-14 14:41:36.439 [main] StepDef - user can view Appti List submenu of UDTax Report menu
[INFO ] 2026-09-14 14:41:36.799 [main] StepDef - user can view Apptti Pending Report submenu of UDTax Report menu
[INFO ] 2026-09-14 14:41:37.216 [main] StepDef - user can view Appti Reject List submenu of UDTax Report menu
[INFO ] 2026-09-14 14:41:37.377 [main] StepDef - user can view TC Visit Report submenu of UDTax Report menu
[INFO ] 2026-09-14 14:41:37.547 [main] StepDef - user can view TC Visit Summary submenu of UDTax Report menu
[INFO ] 2026-09-14 14:41:37.697 [main] StepDef - user can view Property Wise TC Visit submenu of UDTax Report menu
[INFO ] 2026-09-14 14:41:37.973 [main] StepDef - user can view TL Visit Report submenu of UDTax Report menu
[INFO ] 2026-09-14 14:41:38.176 [main] StepDef - user can view All Updation Report submenu of UDTax Report menu
[INFO ] 2026-09-14 14:41:38.358 [main] StepDef - user can view DN130 Distribution Reports submenu of UDTax Report menu
[INFO ] 2026-09-14 14:41:43.693 [main] StepDef - Setup-Regression method executed
[INFO ] 2026-09-14 14:41:43.697 [main] StepDef - chrome browser launched
[INFO ] 2026-09-14 14:41:46.435 [main] StepDef - URL opened
[INFO ] 2026-09-14 14:41:47.549 [main] StepDef - username and password entered
[INFO ] 2026-09-14 14:41:49.153 [main] StepDef - clicked on login button
[INFO ] 2026-09-14 14:41:52.219 [main] StepDef - Test passed: Login feature: User is able to see dashboard text
[INFO ] 2026-09-14 14:41:52.420 [main] StepDef - User clicks on UD Tax Report menu
[INFO ] 2026-09-14 14:41:55.709 [main] StepDef - user clicks on counter report submenu
[INFO ] 2026-09-14 14:41:57.840 [main] StepDef - user can see counter report page
[INFO ] 2026-09-14 14:41:59.520 [main] StepDef - user clicks on search button
[INFO ] 2026-09-14 14:41:59.779 [main] StepDef - user can see report
[INFO ] 2026-09-14 14:42:04.814 [main] StepDef - Setup-Regression method executed
[INFO ] 2026-09-14 14:42:04.820 [main] StepDef - chrome browser launched
[INFO ] 2026-09-14 14:42:07.383 [main] StepDef - URL opened
[INFO ] 2026-09-14 14:42:08.296 [main] StepDef - username and password entered
[INFO ] 2026-09-14 14:42:10.345 [main] StepDef - clicked on login button
[INFO ] 2026-09-14 14:42:13.421 [main] StepDef - Test passed: Login feature: User is able to see dashboard text
[INFO ] 2026-09-14 14:42:13.639 [main] StepDef - User clicks on UD Tax Report menu
[INFO ] 2026-09-14 14:42:16.980 [main] StepDef - user clicks on TC collection summary submenu
[INFO ] 2026-09-14 14:42:19.093 [main] StepDef - user can see TC collection summary page
[INFO ] 2026-09-14 14:42:19.645 [main] StepDef - user clicks on search button of TC collection summary page
[INFO ] 2026-09-14 14:42:20.378 [main] StepDef - user can see report of TC collection summary page
[INFO ] 2026-09-14 14:42:25.294 [main] StepDef - Setup-Regression method executed
[INFO ] 2026-09-14 14:42:25.297 [main] StepDef - chrome browser launched
[INFO ] 2026-09-14 14:42:28.239 [main] StepDef - URL opened
[INFO ] 2026-09-14 14:42:29.325 [main] StepDef - username and password entered
[INFO ] 2026-09-14 14:42:31.035 [main] StepDef - clicked on login button
[INFO ] 2026-09-14 14:42:34.109 [main] StepDef - Test passed: Login feature: User is able to see dashboard text
[INFO ] 2026-09-14 14:42:34.312 [main] StepDef - User clicks on UD Tax Report menu
[INFO ] 2026-09-14 14:42:37.565 [main] StepDef - user clicks on DCB Report submenu
[INFO ] 2026-09-14 14:42:39.691 [main] StepDef - user can see DCB ULB Wise page
[INFO ] 2026-09-14 14:42:40.239 [main] StepDef - user clicks on search button of DCB ULB Wise page
[INFO ] 2026-09-14 14:42:42.509 [main] StepDef - user can see total demand and total collection of DCB ULB Wise page
[INFO ] 2026-09-14 14:42:47.869 [main] StepDef - Setup-Regression method executed
[INFO ] 2026-09-14 14:42:47.872 [main] StepDef - chrome browser launched
[INFO ] 2026-09-14 14:42:50.462 [main] StepDef - URL opened
[INFO ] 2026-09-14 14:42:51.418 [main] StepDef - username and password entered
[INFO ] 2026-09-14 14:42:53.718 [main] StepDef - clicked on login button
[INFO ] 2026-09-14 14:42:56.794 [main] StepDef - Test passed: Login feature: User is able to see dashboard text
[INFO ] 2026-09-14 14:42:56.998 [main] StepDef - User clicks on UD Tax Report menu
[INFO ] 2026-09-14 14:43:00.245 [main] StepDef - user clicks on SAF Report submenu
[INFO ] 2026-09-14 14:43:02.324 [main] StepDef - user can see saf Report page
[INFO ] 2026-09-14 14:43:02.786 [main] StepDef - user clicks on search button of saf Report page
[INFO ] 2026-09-14 14:43:03.377 [main] StepDef - user can see property tax plain text of saf Report page
[INFO ] 2026-09-14 14:43:08.968 [main] StepDef - Setup-Smoke method executed
[INFO ] 2026-09-14 14:43:08.971 [main] StepDef - chrome browser launched
[INFO ] 2026-09-14 14:43:11.470 [main] StepDef - URL opened
[INFO ] 2026-09-14 14:43:12.424 [main] StepDef - username and password entered
[INFO ] 2026-09-14 14:43:16.244 [main] StepDef - clicked on login button
[INFO ] 2026-09-14 14:43:19.325 [main] StepDef - Test passed: Login feature: User is able to see dashboard text
[INFO ] 2026-09-14 14:43:19.574 [main] StepDef - clicked on UD Tax Menu
[INFO ] 2026-09-14 14:43:21.666 [main] StepDef - user can view Road Type submenu
[INFO ] 2026-09-14 14:43:21.764 [main] StepDef - user can view Usage Type submenu
[INFO ] 2026-09-14 14:43:21.840 [main] StepDef - user can view Usage SubCategory Master submenu
[INFO ] 2026-09-14 14:43:21.902 [main] StepDef - user can view Sub Category Details submenu
[INFO ] 2026-09-14 14:43:21.958 [main] StepDef - user can view DLC rate master submenu
[INFO ] 2026-09-14 14:43:22.016 [main] StepDef - user can view DLC Search submenu
[INFO ] 2026-09-14 14:47:56.349 [main] StepDef - Setup-Regression method executed
[INFO ] 2026-09-14 14:47:56.737 [main] StepDef - chrome browser launched
[INFO ] 2026-09-14 14:47:59.580 [main] StepDef - URL opened
[INFO ] 2026-09-14 14:48:00.587 [main] StepDef - username and password entered
[INFO ] 2026-09-14 14:48:02.706 [main] StepDef - clicked on login button
[INFO ] 2026-09-14 14:48:05.827 [main] StepDef - Test passed: Login feature: User is able to see dashboard text
[INFO ] 2026-09-14 14:48:06.142 [main] StepDef - User clicks on UD Tax menu
[INFO ] 2026-09-14 14:48:09.464 [main] StepDef - user clicks on document upload submenu
[INFO ] 2026-09-14 14:48:11.560 [main] StepDef - user can see search property page
[INFO ] 2026-09-14 14:48:12.139 [main] StepDef - user select ward no.
[INFO ] 2026-09-14 14:48:14.072 [main] StepDef - user click on search button
[INFO ] 2026-09-14 14:48:14.248 [main] StepDef - user can see property list page
[INFO ] 2026-09-14 15:16:11.059 [main] StepDef - Setup-Smoke method executed
[INFO ] 2026-09-14 15:16:11.505 [main] StepDef - chrome browser launched
[INFO ] 2026-09-14 15:16:16.256 [main] StepDef - URL opened
[INFO ] 2026-09-14 15:16:17.193 [main] StepDef - username and password entered
[INFO ] 2026-09-14 15:16:19.363 [main] StepDef - clicked on login button
[INFO ] 2026-09-14 15:16:22.511 [main] StepDef - Test passed: Login feature: User is able to see dashboard text
[INFO ] 2026-09-14 15:16:25.422 [main] StepDef - user can view transaction deactivate submenu of Accounts menu
[INFO ] 2026-09-14 15:16:25.607 [main] StepDef - user can view cash verification submenu of Accounts menu
[INFO ] 2026-09-14 15:16:25.863 [main] StepDef - user can view bank deposit date entry submenu of Accounts menu
[INFO ] 2026-09-14 15:16:26.066 [main] StepDef - user can view bank reconciliation submenu of Accounts menu
[INFO ] 2026-09-14 15:16:26.280 [main] StepDef - user can view Payment Mode Update submenu of Accounts menu
[INFO ] 2026-09-14 15:16:26.444 [main] StepDef - user can view House Tax Transaction Deactivate submenu of Accounts menu
[INFO ] 2026-09-14 15:16:26.707 [main] StepDef - user can view House Tax Payment Mode Update submenu of Accounts menu
[INFO ] 2026-09-14 15:16:32.466 [main] StepDef - Setup-Smoke method executed
[INFO ] 2026-09-14 15:16:32.560 [main] StepDef - chrome browser launched
[INFO ] 2026-09-14 15:16:35.351 [main] StepDef - URL opened
[INFO ] 2026-09-14 15:16:36.375 [main] StepDef - username and password entered
[INFO ] 2026-09-14 15:16:38.343 [main] StepDef - clicked on login button
[INFO ] 2026-09-14 15:16:41.424 [main] StepDef - Test passed: Login feature: User is able to see dashboard text
[INFO ] 2026-09-14 15:16:41.623 [main] StepDef - clicked on Assessment Menu
[INFO ] 2026-09-14 15:16:43.768 [main] StepDef - User is able to see Reassessment submenu
[INFO ] 2026-09-14 15:16:43.881 [main] StepDef - User is able to see Reverification submenu
[INFO ] 2026-09-14 15:16:43.962 [main] StepDef - User is able to see Reverification TL submenu
[INFO ] 2026-09-14 15:16:44.070 [main] StepDef - User is able to see House Tax Entry submenu
[INFO ] 2026-09-14 15:16:44.150 [main] StepDef - User is able to see Legacy Entry submenu
[INFO ] 2026-09-14 15:16:44.251 [main] StepDef - User is able to see Edit New Assessment submenu
[INFO ] 2026-09-14 15:16:49.691 [main] StepDef - Setup-Regression method executed
[INFO ] 2026-09-14 15:16:49.712 [main] StepDef - chrome browser launched
[INFO ] 2026-09-14 15:16:52.662 [main] StepDef - URL opened
[INFO ] 2026-09-14 15:16:53.823 [main] StepDef - username and password entered
[INFO ] 2026-09-14 15:16:55.772 [main] StepDef - clicked on login button
[INFO ] 2026-09-14 15:16:58.852 [main] StepDef - Test passed: Login feature: User is able to see dashboard text
[INFO ] 2026-09-14 15:16:59.054 [main] StepDef - clicked on Assessment Menu
[INFO ] 2026-09-14 15:17:02.742 [main] StepDef - User clicks on House Tax Entry submenu of Assessment menu
[INFO ] 2026-09-14 15:17:05.843 [main] StepDef - User can see House Tax Entry page
[INFO ] 2026-09-14 15:17:13.119 [main] StepDef - User enters property details
[INFO ] 2026-09-14 15:17:15.058 [main] StepDef - User enters permanent address
[INFO ] 2026-09-14 15:17:15.291 [main] StepDef - User enters current address
[INFO ] 2026-09-14 15:17:17.109 [main] StepDef - User enters owner details
[INFO ] 2026-09-14 15:17:22.935 [main] StepDef - User enters floor details
[INFO ] 2026-09-14 15:17:26.143 [main] StepDef - User enters demand details
[INFO ] 2026-09-14 15:17:29.894 [main] StepDef - User clicks on view button
[INFO ] 2026-09-14 15:17:29.951 [main] StepDef - User can see House Tax Entry View Page
[INFO ] 2026-09-14 15:17:30.470 [main] StepDef - User clicks on save button
[INFO ] 2026-09-14 15:17:33.528 [main] StepDef - User can see House Tax Payment page
[INFO ] 2026-09-14 15:17:37.837 [main] StepDef - User enters payment details
[INFO ] 2026-09-14 15:17:40.000 [main] StepDef - User clicks on pay now button
[INFO ] 2026-09-14 15:17:43.064 [main] StepDef - User can see House Tax Payment Receipt Page
[INFO ] 2026-09-14 15:17:48.422 [main] StepDef - Setup-Regression method executed
[INFO ] 2026-09-14 15:17:48.438 [main] StepDef - chrome browser launched
[INFO ] 2026-09-14 15:17:50.959 [main] StepDef - URL opened
[INFO ] 2026-09-14 15:17:51.998 [main] StepDef - username and password entered
[INFO ] 2026-09-14 15:17:54.128 [main] StepDef - clicked on login button
[INFO ] 2026-09-14 15:17:57.212 [main] StepDef - Test passed: Login feature: User is able to see dashboard text
[INFO ] 2026-09-14 15:17:57.438 [main] StepDef - clicked on Assessment Menu
[INFO ] 2026-09-14 15:18:00.792 [main] StepDef - User clicks on Legacy Entry submenu of Assessment menu
[INFO ] 2026-09-14 15:18:02.912 [main] StepDef - User can see Legacy Entry page
[INFO ] 2026-09-14 15:18:07.875 [main] StepDef - User enters property details of Legacy Entry submenu
[INFO ] 2026-09-14 15:18:09.558 [main] StepDef - User enters permanent address of Legacy Entry submenu
[INFO ] 2026-09-14 15:18:09.800 [main] StepDef - User enters current address of Legacy Entry submenu
[INFO ] 2026-09-14 15:18:11.636 [main] StepDef - User enters owner details of Legacy Entry submenu
[INFO ] 2026-09-14 15:18:13.111 [main] StepDef - User enters tax details of Legacy Entry submenu
[INFO ] 2026-09-14 15:18:15.904 [main] StepDef - User clicks on save button of Legacy Entry submenu
[INFO ] 2026-09-14 15:18:15.962 [main] StepDef - User can see confirmation message
[INFO ] 2026-09-14 15:18:20.802 [main] StepDef - Setup-Smoke method executed
[INFO ] 2026-09-14 15:18:20.829 [main] StepDef - chrome browser launched
[INFO ] 2026-09-14 15:18:23.370 [main] StepDef - URL opened
[INFO ] 2026-09-14 15:18:24.417 [main] StepDef - username and password entered
[INFO ] 2026-09-14 15:18:26.545 [main] StepDef - clicked on login button
[INFO ] 2026-09-14 15:18:29.626 [main] StepDef - Test passed: Login feature: User is able to see dashboard text
[INFO ] 2026-09-14 15:18:29.825 [main] StepDef - User clicks on dashboard menu
[INFO ] 2026-09-14 15:18:31.943 [main] StepDef - user is able to see Work Report Dashboard submenu
[INFO ] 2026-09-14 15:18:32.035 [main] StepDef - user is able to see BOH Dashboard submenu
[INFO ] 2026-09-14 15:18:38.020 [main] StepDef - Setup-Regression method executed
[INFO ] 2026-09-14 15:18:38.042 [main] StepDef - chrome browser launched
[INFO ] 2026-09-14 15:18:40.847 [main] StepDef - URL opened
[INFO ] 2026-09-14 15:18:41.786 [main] StepDef - username and password entered
[INFO ] 2026-09-14 15:18:43.340 [main] StepDef - clicked on login button
[INFO ] 2026-09-14 15:18:46.405 [main] StepDef - Test passed: Login feature: User is able to see dashboard text
[INFO ] 2026-09-14 15:18:46.605 [main] StepDef - User clicks on dashboard menu
[INFO ] 2026-09-14 15:18:49.622 [main] StepDef - User clicks on Work Report Dashboard submenu
[INFO ] 2026-09-14 15:18:52.917 [main] StepDef - User clicks on search button of Work Report Dashboard
[INFO ] 2026-09-14 15:18:54.985 [main] StepDef - user can view Work Report Dashboard report
[INFO ] 2026-09-14 15:18:54.987 [main] StepDef - Browser closed
[INFO ] 2026-09-14 15:19:00.993 [main] StepDef - Setup-Regression method executed
[INFO ] 2026-09-14 15:19:01.011 [main] StepDef - chrome browser launched
[INFO ] 2026-09-14 15:19:03.647 [main] StepDef - URL opened
[INFO ] 2026-09-14 15:19:04.654 [main] StepDef - username and password entered
[INFO ] 2026-09-14 15:19:06.554 [main] StepDef - clicked on login button
[INFO ] 2026-09-14 15:19:09.623 [main] StepDef - Test passed: Login feature: User is able to see dashboard text
[INFO ] 2026-09-14 15:19:09.811 [main] StepDef - User clicks on dashboard menu
[INFO ] 2026-09-14 15:19:12.983 [main] StepDef - User clicks on Work BOH Dashboard submenu
[INFO ] 2026-09-14 15:19:15.972 [main] StepDef - User clicks on search button of BOH Dashboard
[INFO ] 2026-09-14 15:19:18.079 [main] StepDef - user can view report of BOH Dashboard
[INFO ] 2026-09-14 15:19:18.088 [main] StepDef - Browser closed
[INFO ] 2026-09-14 15:19:23.566 [main] StepDef - Setup-Smoke method executed
[INFO ] 2026-09-14 15:19:23.577 [main] StepDef - chrome browser launched
[INFO ] 2026-09-14 15:19:26.267 [main] StepDef - URL opened
[INFO ] 2026-09-14 15:19:27.463 [main] StepDef - username and password entered
[INFO ] 2026-09-14 15:19:29.087 [main] StepDef - clicked on login button
[INFO ] 2026-09-14 15:19:32.164 [main] StepDef - Test passed: Login feature: User is able to see dashboard text
[INFO ] 2026-09-14 15:19:32.356 [main] StepDef - User clicks on Inactive Property menu
[INFO ] 2026-09-14 15:19:34.613 [main] StepDef - user can view Inactive Property submenu of Inactive Property menu
[INFO ] 2026-09-14 15:19:34.760 [main] StepDef - user can view Inactive DCB submenu of Inactive Property menu
[INFO ] 2026-09-14 15:19:34.903 [main] StepDef - user can view Inactive Property Activity submenu of Inactive Property menu
[INFO ] 2026-09-14 15:19:39.709 [main] StepDef - Setup-Smoke method executed
[INFO ] 2026-09-14 15:19:39.727 [main] StepDef - chrome browser launched
[INFO ] 2026-09-14 15:19:44.704 [main] StepDef - URL opened
[INFO ] 2026-09-14 15:19:45.595 [main] StepDef - username and password entered
[INFO ] 2026-09-14 15:19:48.041 [main] StepDef - clicked on login button
[INFO ] 2026-09-14 15:19:51.196 [main] StepDef - Test passed: Login feature: User is able to see dashboard text
[INFO ] 2026-09-14 15:19:51.827 [main] StepDef - User clicks on Inactive Survey menu
[INFO ] 2026-09-14 15:19:54.018 [main] StepDef - user can view Inactive Survey submenu of Inactive Survey menu
[INFO ] 2026-09-14 15:19:54.172 [main] StepDef - user can view Inactive Survey Activity submenu of Inactive Survey menu
[INFO ] 2026-09-14 15:19:59.110 [main] StepDef - Setup-Smoke method executed
[INFO ] 2026-09-14 15:20:04.573 [main] StepDef - Setup-Regression method executed
[INFO ] 2026-09-14 15:20:04.590 [main] StepDef - chrome browser launched
[INFO ] 2026-09-14 15:20:08.275 [main] StepDef - URL opened
[INFO ] 2026-09-14 15:20:09.211 [main] StepDef - username and password entered
[INFO ] 2026-09-14 15:20:13.689 [main] StepDef - clicked on login button
[INFO ] 2026-09-14 15:20:17.150 [main] StepDef - Test passed: Login feature: User is able to see dashboard text
[INFO ] 2026-09-14 15:20:18.135 [main] StepDef - User clicked on super admin profile
[INFO ] 2026-09-14 15:20:23.875 [main] StepDef - User clicked on signout button
[INFO ] 2026-09-14 15:20:25.898 [main] StepDef - User is able to see login page of Nagar Palika Rawatsar
[INFO ] 2026-09-14 15:20:25.900 [main] StepDef - Browser closed
[INFO ] 2026-09-14 15:20:31.307 [main] StepDef - Setup-DDT method executed..
[INFO ] 2026-09-14 15:20:31.319 [main] StepDef - chrome browser launched
[INFO ] 2026-09-14 15:20:33.865 [main] StepDef - URL opened
[INFO ] 2026-09-14 15:20:34.828 [main] StepDef - username and password entered
[INFO ] 2026-09-14 15:20:37.080 [main] StepDef - clicked on login button
[INFO ] 2026-09-14 15:20:40.154 [main] StepDef - LOGIN SUCCESSFUL - Dashboard is displayed as expected.
[INFO ] 2026-09-14 15:20:45.250 [main] StepDef - Setup-DDT method executed..
[INFO ] 2026-09-14 15:20:45.266 [main] StepDef - chrome browser launched
[INFO ] 2026-09-14 15:20:49.038 [main] StepDef - URL opened
[INFO ] 2026-09-14 15:20:50.023 [main] StepDef - username and password entered
[INFO ] 2026-09-14 15:20:51.154 [main] StepDef - clicked on login button
[INFO ] 2026-09-14 15:20:54.236 [main] StepDef - LOGIN UNSUCCESSFUL - Dashboard is not displayed as expected.
[INFO ] 2026-09-14 15:20:59.234 [main] StepDef - Setup-DDT method executed..
[INFO ] 2026-09-14 15:20:59.245 [main] StepDef - chrome browser launched
[INFO ] 2026-09-14 15:21:02.269 [main] StepDef - URL opened
[INFO ] 2026-09-14 15:21:03.338 [main] StepDef - username and password entered
[INFO ] 2026-09-14 15:21:04.938 [main] StepDef - clicked on login button
[INFO ] 2026-09-14 15:21:08.011 [main] StepDef - LOGIN UNSUCCESSFUL - Dashboard is not displayed as expected.
[INFO ] 2026-09-14 15:21:12.805 [main] StepDef - Setup-DDT method executed..
[INFO ] 2026-09-14 15:21:12.814 [main] StepDef - chrome browser launched
[INFO ] 2026-09-14 15:21:15.821 [main] StepDef - URL opened
[INFO ] 2026-09-14 15:21:16.888 [main] StepDef - username and password entered
[INFO ] 2026-09-14 15:21:18.566 [main] StepDef - clicked on login button
[INFO ] 2026-09-14 15:21:21.637 [main] StepDef - LOGIN UNSUCCESSFUL - Dashboard is not displayed as expected.
[INFO ] 2026-09-14 15:21:26.550 [main] StepDef - Setup-DDT method executed..
[INFO ] 2026-09-14 15:21:26.560 [main] StepDef - chrome browser launched
[INFO ] 2026-09-14 15:21:29.748 [main] StepDef - URL opened
[INFO ] 2026-09-14 15:21:30.724 [main] StepDef - username and password entered
[INFO ] 2026-09-14 15:21:31.051 [main] StepDef - clicked on login button
[INFO ] 2026-09-14 15:21:34.355 [main] StepDef - LOGIN UNSUCCESSFUL - Dashboard is not displayed as expected.
[INFO ] 2026-09-14 15:21:39.994 [main] StepDef - Setup-DDT method executed..
[INFO ] 2026-09-14 15:21:40.002 [main] StepDef - chrome browser launched
[INFO ] 2026-09-14 15:21:44.433 [main] StepDef - URL opened
[INFO ] 2026-09-14 15:21:45.586 [main] StepDef - username and password entered
[INFO ] 2026-09-14 15:21:45.819 [main] StepDef - clicked on login button
[INFO ] 2026-09-14 15:21:48.873 [main] StepDef - LOGIN UNSUCCESSFUL - Dashboard is not displayed as expected.
[INFO ] 2026-09-14 15:21:54.020 [main] StepDef - Setup-DDT method executed..
[INFO ] 2026-09-14 15:21:54.031 [main] StepDef - chrome browser launched
[INFO ] 2026-09-14 15:21:57.718 [main] StepDef - URL opened
[INFO ] 2026-09-14 15:21:58.574 [main] StepDef - username and password entered
[INFO ] 2026-09-14 15:21:58.923 [main] StepDef - clicked on login button
[INFO ] 2026-09-14 15:22:01.989 [main] StepDef - LOGIN UNSUCCESSFUL - Dashboard is not displayed as expected.
[INFO ] 2026-09-14 15:22:07.073 [main] StepDef - Setup-DDT method executed..
[INFO ] 2026-09-14 15:22:07.084 [main] StepDef - chrome browser launched
[INFO ] 2026-09-14 15:22:10.048 [main] StepDef - URL opened
[INFO ] 2026-09-14 15:22:11.067 [main] StepDef - username and password entered
[INFO ] 2026-09-14 15:22:11.422 [main] StepDef - clicked on login button
[INFO ] 2026-09-14 15:22:14.502 [main] StepDef - LOGIN UNSUCCESSFUL - Dashboard is not displayed as expected.
[INFO ] 2026-09-14 15:22:19.438 [main] StepDef - Setup-DDT method executed..
[INFO ] 2026-09-14 15:22:19.454 [main] StepDef - chrome browser launched
[INFO ] 2026-09-14 15:22:19.934 [main] StepDef - URL opened
[INFO ] 2026-09-14 15:22:23.770 [main] StepDef - username and password entered
[INFO ] 2026-09-14 15:22:24.121 [main] StepDef - clicked on login button
[INFO ] 2026-09-14 15:22:27.199 [main] StepDef - LOGIN UNSUCCESSFUL - Dashboard is not displayed as expected.
[INFO ] 2026-09-14 15:22:32.065 [main] StepDef - Setup-Smoke method executed
[INFO ] 2026-09-14 15:22:32.083 [main] StepDef - chrome browser launched
[INFO ] 2026-09-14 15:22:35.278 [main] StepDef - URL opened
[INFO ] 2026-09-14 15:22:36.349 [main] StepDef - username and password entered
[INFO ] 2026-09-14 15:22:38.604 [main] StepDef - clicked on login button
[INFO ] 2026-09-14 15:22:41.679 [main] StepDef - Test passed: Login feature: User is able to see dashboard text
[INFO ] 2026-09-14 15:22:41.882 [main] StepDef - User clicks on Property Survey menu
[INFO ] 2026-09-14 15:22:44.169 [main] StepDef - user can view Survey Report submenu of Property Survey menu
[INFO ] 2026-09-14 15:22:44.405 [main] StepDef - user can view Survey Summary Report submenu of Property Survey menu
[INFO ] 2026-09-14 15:22:44.703 [main] StepDef - user can view Survey Team Summary submenu of Property Survey menu
[INFO ] 2026-09-14 15:22:44.830 [main] StepDef - user can view Survey Assessed List submenu of Property Survey menu
[INFO ] 2026-09-14 15:22:44.981 [main] StepDef - user can view Survey Assessed Report submenu of Property Survey menu
[INFO ] 2026-09-14 15:22:45.110 [main] StepDef - user can view Wardwise Survey Report submenu of Property Survey menu
[INFO ] 2026-09-14 15:22:45.235 [main] StepDef - user can view Survey Pending Report submenu of Property Survey menu
[INFO ] 2026-09-14 15:22:45.346 [main] StepDef - user can view Survey Level Summary Report submenu of Property Survey menu
[INFO ] 2026-09-14 15:22:45.454 [main] StepDef - user can view Survey Level Summary Report submenu of Property Survey menu
[INFO ] 2026-09-14 15:22:45.997 [main] StepDef - user can view Userwise Forward Summary submenu of Property Survey menu
[INFO ] 2026-09-14 15:22:46.209 [main] StepDef - user can view Userwise Survey Edit Report submenu of Property Survey menu
[INFO ] 2026-09-14 15:22:46.356 [main] StepDef - user can view Survey Modification Report submenu of Property Survey menu
[INFO ] 2026-09-14 15:22:46.504 [main] StepDef - user can view Survey Geotagging Report submenu of Property Survey menu
[INFO ] 2026-09-14 15:22:46.667 [main] StepDef - user can view Ex-Party Survey Notice submenu of Property Survey menu
[INFO ] 2026-09-14 15:22:46.829 [main] StepDef - user can view Survey Notice List submenu of Property Survey menu
[INFO ] 2026-09-14 15:22:47.094 [main] StepDef - user can view Bulk Survey Notice Print submenu of Property Survey menu
[INFO ] 2026-09-14 15:22:47.239 [main] StepDef - user can view Survey Notice Received List submenu of Property Survey menu
[INFO ] 2026-09-14 15:22:47.418 [main] StepDef - user can view Survey Notice Received Report submenu of Property Survey menu
[INFO ] 2026-09-14 15:22:47.565 [main] StepDef - user can view Survey Notice Distributed Report submenu of Property Survey menu
[INFO ] 2026-09-14 15:22:47.697 [main] StepDef - user can view Survey Demand Report submenu of Property Survey menu
[INFO ] 2026-09-14 15:22:47.796 [main] StepDef - user can view Survey GIS Update submenu of Property Survey menu
[INFO ] 2026-09-14 15:22:47.924 [main] StepDef - user can view Survey Visit Report submenu of Property Survey menu
[INFO ] 2026-09-14 15:22:48.061 [main] StepDef - user can view TL Survey Visit submenu of Property Survey menu
[INFO ] 2026-09-14 15:22:48.203 [main] StepDef - user can view TL Survey Visit Report submenu of Property Survey menu
[INFO ] 2026-09-14 15:22:53.087 [main] StepDef - Setup-Smoke method executed
[INFO ] 2026-09-14 15:22:53.098 [main] StepDef - chrome browser launched
[INFO ] 2026-09-14 15:22:56.090 [main] StepDef - URL opened
[INFO ] 2026-09-14 15:22:57.356 [main] StepDef - username and password entered
[INFO ] 2026-09-14 15:23:00.854 [main] StepDef - clicked on login button
[INFO ] 2026-09-14 15:23:03.945 [main] StepDef - Test passed: Login feature: User is able to see dashboard text
[INFO ] 2026-09-14 15:23:04.337 [main] StepDef - User clicks on UD Tax menu
[INFO ] 2026-09-14 15:23:06.484 [main] StepDef - User is able to see Search Propety submenu
[INFO ] 2026-09-14 15:23:06.591 [main] StepDef - User is able to see Document Upload submenu
[INFO ] 2026-09-14 15:23:06.687 [main] StepDef - User is able to see Update Property Details submenu
[INFO ] 2026-09-14 15:23:06.767 [main] StepDef - User is able to see Last Payment Update submenu
[INFO ] 2026-09-14 15:23:06.860 [main] StepDef - User is able to see Update Owner Details submenu
[INFO ] 2026-09-14 15:23:06.952 [main] StepDef - User is able to see Property Deativate submenu
[INFO ] 2026-09-14 15:23:07.083 [main] StepDef - User is able to see Ward Update submenu
[INFO ] 2026-09-14 15:23:07.156 [main] StepDef - User is able to see Adjustment submenu
[INFO ] 2026-09-14 15:23:07.235 [main] StepDef - User is able to see House Tax Last Payment Update submenu
[INFO ] 2026-09-14 15:23:07.312 [main] StepDef - User is able to see TL Property Visit submenu
[INFO ] 2026-09-14 15:23:07.507 [main] StepDef - User is able to see DN Notice Distribution submenu
[INFO ] 2026-09-14 15:23:12.998 [main] StepDef - Setup-Regression method executed
[INFO ] 2026-09-14 15:23:13.017 [main] StepDef - chrome browser launched
[INFO ] 2026-09-14 15:23:15.786 [main] StepDef - URL opened
[INFO ] 2026-09-14 15:23:16.933 [main] StepDef - username and password entered
[INFO ] 2026-09-14 15:23:18.883 [main] StepDef - clicked on login button
[INFO ] 2026-09-14 15:23:21.963 [main] StepDef - Test passed: Login feature: User is able to see dashboard text
[INFO ] 2026-09-14 15:23:22.184 [main] StepDef - User clicks on UD Tax menu
[INFO ] 2026-09-14 15:23:25.785 [main] StepDef - user clicks on search property submenu
[INFO ] 2026-09-14 15:23:27.863 [main] StepDef - user can see search property page
[INFO ] 2026-09-14 15:23:28.696 [main] StepDef - user select ward no.
[INFO ] 2026-09-14 15:23:29.450 [main] StepDef - user click on search button
[INFO ] 2026-09-14 15:23:30.618 [main] StepDef - user can see property list page
[INFO ] 2026-09-14 15:23:35.925 [main] StepDef - Setup-Regression method executed
[INFO ] 2026-09-14 15:23:35.934 [main] StepDef - chrome browser launched
[INFO ] 2026-09-14 15:23:38.607 [main] StepDef - URL opened
[INFO ] 2026-09-14 15:23:39.614 [main] StepDef - username and password entered
[INFO ] 2026-09-14 15:23:41.894 [main] StepDef - clicked on login button
[INFO ] 2026-09-14 15:23:44.978 [main] StepDef - Test passed: Login feature: User is able to see dashboard text
[INFO ] 2026-09-14 15:23:45.167 [main] StepDef - User clicks on UD Tax menu
[INFO ] 2026-09-14 15:23:48.445 [main] StepDef - user clicks on document upload submenu
[INFO ] 2026-09-14 15:23:50.536 [main] StepDef - user can see search property page
[INFO ] 2026-09-14 15:23:51.136 [main] StepDef - user select ward no.
[INFO ] 2026-09-14 15:23:51.790 [main] StepDef - user click on search button
[INFO ] 2026-09-14 15:23:58.470 [main] StepDef - Setup-Regression method executed
[INFO ] 2026-09-14 15:23:58.481 [main] StepDef - chrome browser launched
[INFO ] 2026-09-14 15:24:01.479 [main] StepDef - URL opened
[INFO ] 2026-09-14 15:24:02.618 [main] StepDef - username and password entered
[INFO ] 2026-09-14 15:24:04.512 [main] StepDef - clicked on login button
[INFO ] 2026-09-14 15:24:07.583 [main] StepDef - Test passed: Login feature: User is able to see dashboard text
[INFO ] 2026-09-14 15:24:07.800 [main] StepDef - User clicks on UD Tax menu
[INFO ] 2026-09-14 15:24:11.149 [main] StepDef - user clicks on update property details submenu
[INFO ] 2026-09-14 15:24:13.262 [main] StepDef - user can see search property page
[INFO ] 2026-09-14 15:24:13.978 [main] StepDef - user select ward no.
[INFO ] 2026-09-14 15:24:15.556 [main] StepDef - user click on search button
[INFO ] 2026-09-14 15:24:15.844 [main] StepDef - user can see property list page
[INFO ] 2026-09-14 15:24:21.715 [main] StepDef - Setup-Regression method executed
[INFO ] 2026-09-14 15:24:21.782 [main] StepDef - chrome browser launched
[INFO ] 2026-09-14 15:24:24.956 [main] StepDef - URL opened
[INFO ] 2026-09-14 15:24:25.927 [main] StepDef - username and password entered
[INFO ] 2026-09-14 15:24:28.517 [main] StepDef - clicked on login button
[INFO ] 2026-09-14 15:24:31.644 [main] StepDef - Test passed: Login feature: User is able to see dashboard text
[INFO ] 2026-09-14 15:24:32.103 [main] StepDef - User clicks on UD Tax menu
[INFO ] 2026-09-14 15:24:35.165 [main] StepDef - user clicks on last payment update submenu
[INFO ] 2026-09-14 15:24:37.420 [main] StepDef - user can see search property page
[INFO ] 2026-09-14 15:24:38.185 [main] StepDef - user select ward no.
[INFO ] 2026-09-14 15:24:40.321 [main] StepDef - user click on search button
[INFO ] 2026-09-14 15:24:40.520 [main] StepDef - user can see property list page
[INFO ] 2026-09-14 15:24:45.950 [main] StepDef - Setup-Regression method executed
[INFO ] 2026-09-14 15:24:45.964 [main] StepDef - chrome browser launched
[INFO ] 2026-09-14 15:24:59.846 [main] StepDef - URL opened
[INFO ] 2026-09-14 15:25:01.687 [main] StepDef - username and password entered
[INFO ] 2026-09-14 15:25:05.764 [main] StepDef - clicked on login button
[INFO ] 2026-09-14 15:25:08.836 [main] StepDef - Test passed: Login feature: User is able to see dashboard text
[INFO ] 2026-09-14 15:25:09.033 [main] StepDef - User clicks on UD Tax menu
[INFO ] 2026-09-14 15:25:11.747 [main] StepDef - user clicks on update owner details submenu
[INFO ] 2026-09-14 15:25:13.839 [main] StepDef - user can see search property page
[INFO ] 2026-09-14 15:25:14.172 [main] StepDef - user select ward no.
[INFO ] 2026-09-14 15:25:14.561 [main] StepDef - user click on search button
[INFO ] 2026-09-14 15:25:20.393 [main] StepDef - Setup-Regression method executed
[INFO ] 2026-09-14 15:25:20.401 [main] StepDef - chrome browser launched
[INFO ] 2026-09-14 15:25:23.653 [main] StepDef - URL opened
[INFO ] 2026-09-14 15:25:24.756 [main] StepDef - username and password entered
[INFO ] 2026-09-14 15:25:26.966 [main] StepDef - clicked on login button
[INFO ] 2026-09-14 15:25:30.035 [main] StepDef - Test passed: Login feature: User is able to see dashboard text
[INFO ] 2026-09-14 15:25:30.237 [main] StepDef - User clicks on UD Tax menu
[INFO ] 2026-09-14 15:25:33.361 [main] StepDef - user clicks on property deactivate submenu
[INFO ] 2026-09-14 15:25:35.517 [main] StepDef - user can see search property page
[INFO ] 2026-09-14 15:25:36.187 [main] StepDef - user select ward no.
[INFO ] 2026-09-14 15:25:38.101 [main] StepDef - user click on search button
[INFO ] 2026-09-14 15:25:38.191 [main] StepDef - user can see property list page
[INFO ] 2026-09-14 15:25:43.317 [main] StepDef - Setup-Regression method executed
[INFO ] 2026-09-14 15:25:43.326 [main] StepDef - chrome browser launched
[INFO ] 2026-09-14 15:25:46.236 [main] StepDef - URL opened
[INFO ] 2026-09-14 15:25:47.225 [main] StepDef - username and password entered
[INFO ] 2026-09-14 15:25:49.299 [main] StepDef - clicked on login button
[INFO ] 2026-09-14 15:25:52.375 [main] StepDef - Test passed: Login feature: User is able to see dashboard text
[INFO ] 2026-09-14 15:25:52.570 [main] StepDef - User clicks on UD Tax menu
[INFO ] 2026-09-14 15:25:55.840 [main] StepDef - user clicks on ward update submenu
[INFO ] 2026-09-14 15:25:57.921 [main] StepDef - user can see search property page
[INFO ] 2026-09-14 15:25:58.449 [main] StepDef - user select ward no.
[INFO ] 2026-09-14 15:26:00.496 [main] StepDef - user click on search button
[INFO ] 2026-09-14 15:26:00.780 [main] StepDef - user can see property list page
[INFO ] 2026-09-14 15:26:06.291 [main] StepDef - Setup-Regression method executed
[INFO ] 2026-09-14 15:26:06.299 [main] StepDef - chrome browser launched
[INFO ] 2026-09-14 15:26:09.818 [main] StepDef - URL opened
[INFO ] 2026-09-14 15:26:10.690 [main] StepDef - username and password entered
[INFO ] 2026-09-14 15:26:12.736 [main] StepDef - clicked on login button
[INFO ] 2026-09-14 15:26:15.814 [main] StepDef - Test passed: Login feature: User is able to see dashboard text
[INFO ] 2026-09-14 15:26:16.030 [main] StepDef - User clicks on UD Tax menu
[INFO ] 2026-09-14 15:26:19.358 [main] StepDef - user clicks on ward update submenu
[INFO ] 2026-09-14 15:26:21.623 [main] StepDef - user can see search property page
[INFO ] 2026-09-14 15:26:22.265 [main] StepDef - user select ward no.
[INFO ] 2026-09-14 15:26:24.485 [main] StepDef - user click on search button
[INFO ] 2026-09-14 15:26:24.652 [main] StepDef - user can see property list page
[INFO ] 2026-09-14 15:26:29.818 [main] StepDef - Setup-Regression method executed
[INFO ] 2026-09-14 15:26:29.824 [main] StepDef - chrome browser launched
[INFO ] 2026-09-14 15:26:33.092 [main] StepDef - URL opened
[INFO ] 2026-09-14 15:26:34.053 [main] StepDef - username and password entered
[INFO ] 2026-09-14 15:26:37.020 [main] StepDef - clicked on login button
[INFO ] 2026-09-14 15:26:40.120 [main] StepDef - Test passed: Login feature: User is able to see dashboard text
[INFO ] 2026-09-14 15:26:40.552 [main] StepDef - User clicks on UD Tax menu
[INFO ] 2026-09-14 15:26:44.073 [main] StepDef - user clicks on house tax last payment update submenu
[INFO ] 2026-09-14 15:26:46.189 [main] StepDef - user can see search property page
[INFO ] 2026-09-14 15:26:47.024 [main] StepDef - user select ward no.
[INFO ] 2026-09-14 15:26:48.390 [main] StepDef - user click on search button
[INFO ] 2026-09-14 15:26:48.590 [main] StepDef - user can see property list page
[INFO ] 2026-09-14 15:26:55.291 [main] StepDef - Setup-Regression method executed
[INFO ] 2026-09-14 15:26:55.296 [main] StepDef - chrome browser launched
[INFO ] 2026-09-14 15:26:58.963 [main] StepDef - URL opened
[INFO ] 2026-09-14 15:27:00.157 [main] StepDef - username and password entered
[INFO ] 2026-09-14 15:27:01.757 [main] StepDef - clicked on login button
[INFO ] 2026-09-14 15:27:04.827 [main] StepDef - Test passed: Login feature: User is able to see dashboard text
[INFO ] 2026-09-14 15:27:05.025 [main] StepDef - User clicks on UD Tax menu
[INFO ] 2026-09-14 15:27:08.423 [main] StepDef - user clicks on DN notice distribution submenu
[INFO ] 2026-09-14 15:27:10.546 [main] StepDef - user can see search property page
[INFO ] 2026-09-14 15:27:11.004 [main] StepDef - user select ward no.
[INFO ] 2026-09-14 15:27:11.650 [main] StepDef - user click on search button
[INFO ] 2026-09-14 15:27:12.937 [main] StepDef - user can see property list page
[INFO ] 2026-09-14 15:27:18.313 [main] StepDef - Setup-Smoke method executed
[INFO ] 2026-09-14 15:27:18.317 [main] StepDef - chrome browser launched
[INFO ] 2026-09-14 15:27:21.220 [main] StepDef - URL opened
[INFO ] 2026-09-14 15:27:22.216 [main] StepDef - username and password entered
[INFO ] 2026-09-14 15:27:24.355 [main] StepDef - clicked on login button
[INFO ] 2026-09-14 15:27:27.426 [main] StepDef - Test passed: Login feature: User is able to see dashboard text
[INFO ] 2026-09-14 15:27:27.628 [main] StepDef - User clicks on UD Tax Report menu
[INFO ] 2026-09-14 15:27:29.770 [main] StepDef - user can view counter report submenu of UDTax Report menu
[INFO ] 2026-09-14 15:27:29.837 [main] StepDef - user can view TC Collection Summary submenu of UDTax Report menu
[INFO ] 2026-09-14 15:27:29.911 [main] StepDef - user can view DCB Report submenu of UDTax Report menu
[INFO ] 2026-09-14 15:27:29.986 [main] StepDef - user can view SAF Report submenu of UDTax Report menu
[INFO ] 2026-09-14 15:27:30.065 [main] StepDef - user can view Zone and Ward Wise Collection Report submenu of UDTax Report menu
[INFO ] 2026-09-14 15:27:30.167 [main] StepDef - user can view Payment Mode Wise Collection submenu of UDTax Report menu
[INFO ] 2026-09-14 15:27:30.246 [main] StepDef - user can view ULB Report submenu of UDTax Report menu
[INFO ] 2026-09-14 15:27:30.318 [main] StepDef - user can view Transaction Deactivate Report submenu of UDTax Report menu
[INFO ] 2026-09-14 15:27:30.493 [main] StepDef - user can view ALL Module TC Summary submenu of UDTax Report menu
[INFO ] 2026-09-14 15:27:30.637 [main] StepDef - user can view Cheque Bounce Report submenu of UDTax Report menu
[INFO ] 2026-09-14 15:27:30.752 [main] StepDef - user can view Print All Payment Reciept submenu of UDTax Report menu
[INFO ] 2026-09-14 15:27:30.869 [main] StepDef - user can view Taxable Property Report submenu of UDTax Report menu
[INFO ] 2026-09-14 15:27:30.982 [main] StepDef - user can view PropertyWise DCB submenu of UDTax Report menu
[INFO ] 2026-09-14 15:27:31.115 [main] StepDef - user can view Htax DCB Report submenu of UDTax Report menu
[INFO ] 2026-09-14 15:27:31.228 [main] StepDef - user can view Print All Demand Reciept submenu of UDTax Report menu
[INFO ] 2026-09-14 15:27:31.397 [main] StepDef - user can view Variation Report submenu of UDTax Report menu
[INFO ] 2026-09-14 15:27:31.659 [main] StepDef - user can view Reassesment Diff submenu of UDTax Report menu
[INFO ] 2026-09-14 15:27:31.816 [main] StepDef - user can view Cheque Bounced Collection Report submenu of UDTax Report menu
[INFO ] 2026-09-14 15:27:31.985 [main] StepDef - user can view Re-verification Difference Report submenu of UDTax Report menu
[INFO ] 2026-09-14 15:27:32.120 [main] StepDef - user can view Tax Collection Report submenu of UDTax Report menu
[INFO ] 2026-09-14 15:27:32.280 [main] StepDef - user can view Appti List submenu of UDTax Report menu
[INFO ] 2026-09-14 15:27:32.383 [main] StepDef - user can view Apptti Pending Report submenu of UDTax Report menu
[INFO ] 2026-09-14 15:27:32.568 [main] StepDef - user can view Appti Reject List submenu of UDTax Report menu
[INFO ] 2026-09-14 15:27:32.700 [main] StepDef - user can view TC Visit Report submenu of UDTax Report menu
[INFO ] 2026-09-14 15:27:32.844 [main] StepDef - user can view TC Visit Summary submenu of UDTax Report menu
[INFO ] 2026-09-14 15:27:32.970 [main] StepDef - user can view Property Wise TC Visit submenu of UDTax Report menu
[INFO ] 2026-09-14 15:27:33.109 [main] StepDef - user can view TL Visit Report submenu of UDTax Report menu
[INFO ] 2026-09-14 15:27:33.551 [main] StepDef - user can view All Updation Report submenu of UDTax Report menu
[INFO ] 2026-09-14 15:27:33.948 [main] StepDef - user can view DN130 Distribution Reports submenu of UDTax Report menu
[INFO ] 2026-09-14 15:27:39.008 [main] StepDef - Setup-Regression method executed
[INFO ] 2026-09-14 15:27:39.014 [main] StepDef - chrome browser launched
[INFO ] 2026-09-14 15:27:41.444 [main] StepDef - URL opened
[INFO ] 2026-09-14 15:27:42.445 [main] StepDef - username and password entered
[INFO ] 2026-09-14 15:27:44.881 [main] StepDef - clicked on login button
[INFO ] 2026-09-14 15:27:47.967 [main] StepDef - Test passed: Login feature: User is able to see dashboard text
[INFO ] 2026-09-14 15:27:48.198 [main] StepDef - User clicks on UD Tax Report menu
[INFO ] 2026-09-14 15:27:51.311 [main] StepDef - user clicks on counter report submenu
[INFO ] 2026-09-14 15:27:53.426 [main] StepDef - user can see counter report page
[INFO ] 2026-09-14 15:27:54.283 [main] StepDef - user clicks on search button
[INFO ] 2026-09-14 15:27:55.408 [main] StepDef - user can see report
[INFO ] 2026-09-14 15:28:00.859 [main] StepDef - Setup-Regression method executed
[INFO ] 2026-09-14 15:28:00.862 [main] StepDef - chrome browser launched
[INFO ] 2026-09-14 15:28:03.499 [main] StepDef - URL opened
[INFO ] 2026-09-14 15:28:04.573 [main] StepDef - username and password entered
[INFO ] 2026-09-14 15:28:06.729 [main] StepDef - clicked on login button
[INFO ] 2026-09-14 15:28:09.801 [main] StepDef - Test passed: Login feature: User is able to see dashboard text
[INFO ] 2026-09-14 15:28:10.002 [main] StepDef - User clicks on UD Tax Report menu
[INFO ] 2026-09-14 15:28:13.318 [main] StepDef - user clicks on TC collection summary submenu
[INFO ] 2026-09-14 15:28:15.398 [main] StepDef - user can see TC collection summary page
[INFO ] 2026-09-14 15:28:15.882 [main] StepDef - user clicks on search button of TC collection summary page
[INFO ] 2026-09-14 15:28:16.348 [main] StepDef - user can see report of TC collection summary page
[INFO ] 2026-09-14 15:28:22.795 [main] StepDef - Setup-Regression method executed
[INFO ] 2026-09-14 15:28:22.800 [main] StepDef - chrome browser launched
[INFO ] 2026-09-14 15:28:25.566 [main] StepDef - URL opened
[INFO ] 2026-09-14 15:28:26.581 [main] StepDef - username and password entered
[INFO ] 2026-09-14 15:28:28.156 [main] StepDef - clicked on login button
[INFO ] 2026-09-14 15:28:31.232 [main] StepDef - Test passed: Login feature: User is able to see dashboard text
[INFO ] 2026-09-14 15:28:31.434 [main] StepDef - User clicks on UD Tax Report menu
[INFO ] 2026-09-14 15:28:34.672 [main] StepDef - user clicks on DCB Report submenu
[INFO ] 2026-09-14 15:28:36.785 [main] StepDef - user can see DCB ULB Wise page
[INFO ] 2026-09-14 15:28:37.647 [main] StepDef - user clicks on search button of DCB ULB Wise page
[INFO ] 2026-09-14 15:28:39.937 [main] StepDef - user can see total demand and total collection of DCB ULB Wise page
[INFO ] 2026-09-14 15:28:45.063 [main] StepDef - Setup-Regression method executed
[INFO ] 2026-09-14 15:28:45.067 [main] StepDef - chrome browser launched
[INFO ] 2026-09-14 15:28:47.708 [main] StepDef - URL opened
[INFO ] 2026-09-14 15:28:48.647 [main] StepDef - username and password entered
[INFO ] 2026-09-14 15:28:50.981 [main] StepDef - clicked on login button
[INFO ] 2026-09-14 15:28:54.057 [main] StepDef - Test passed: Login feature: User is able to see dashboard text
[INFO ] 2026-09-14 15:28:54.257 [main] StepDef - User clicks on UD Tax Report menu
[INFO ] 2026-09-14 15:28:57.762 [main] StepDef - user clicks on SAF Report submenu
[INFO ] 2026-09-14 15:28:59.885 [main] StepDef - user can see saf Report page
[INFO ] 2026-09-14 15:29:01.700 [main] StepDef - user clicks on search button of saf Report page
[INFO ] 2026-09-14 15:29:01.972 [main] StepDef - user can see property tax plain text of saf Report page
[INFO ] 2026-09-14 15:29:07.228 [main] StepDef - Setup-Smoke method executed
[INFO ] 2026-09-14 15:29:07.240 [main] StepDef - chrome browser launched
[INFO ] 2026-09-14 15:29:09.803 [main] StepDef - URL opened
[INFO ] 2026-09-14 15:29:10.764 [main] StepDef - username and password entered
[INFO ] 2026-09-14 15:29:11.771 [main] StepDef - clicked on login button
[INFO ] 2026-09-14 15:29:14.846 [main] StepDef - Test passed: Login feature: User is able to see dashboard text
[INFO ] 2026-09-14 15:29:15.061 [main] StepDef - clicked on UD Tax Menu
[INFO ] 2026-09-14 15:29:17.137 [main] StepDef - user can view Road Type submenu
[INFO ] 2026-09-14 15:29:17.188 [main] StepDef - user can view Usage Type submenu
[INFO ] 2026-09-14 15:29:17.240 [main] StepDef - user can view Usage SubCategory Master submenu
[INFO ] 2026-09-14 15:29:17.292 [main] StepDef - user can view Sub Category Details submenu
[INFO ] 2026-09-14 15:29:17.345 [main] StepDef - user can view DLC rate master submenu
[INFO ] 2026-09-14 15:29:17.399 [main] StepDef - user can view DLC Search submenu
[INFO ] 2026-09-14 15:37:54.404 [main] StepDef - Setup-Smoke method executed
[INFO ] 2026-09-14 15:37:54.776 [main] StepDef - chrome browser launched
[INFO ] 2026-09-14 15:37:57.652 [main] StepDef - URL opened
[INFO ] 2026-09-14 15:37:58.714 [main] StepDef - username and password entered
[INFO ] 2026-09-14 15:38:00.300 [main] StepDef - clicked on login button
[INFO ] 2026-09-14 15:38:03.429 [main] StepDef - Test passed: Login feature: User is able to see dashboard text
[INFO ] 2026-09-14 15:38:06.303 [main] StepDef - user can view transaction deactivate submenu of Accounts menu
[INFO ] 2026-09-14 15:38:06.487 [main] StepDef - user can view cash verification submenu of Accounts menu
[INFO ] 2026-09-14 15:38:06.623 [main] StepDef - user can view bank deposit date entry submenu of Accounts menu
[INFO ] 2026-09-14 15:38:06.783 [main] StepDef - user can view bank reconciliation submenu of Accounts menu
[INFO ] 2026-09-14 15:38:06.924 [main] StepDef - user can view Payment Mode Update submenu of Accounts menu
[INFO ] 2026-09-14 15:38:07.121 [main] StepDef - user can view House Tax Transaction Deactivate submenu of Accounts menu
[INFO ] 2026-09-14 15:38:07.467 [main] StepDef - user can view House Tax Payment Mode Update submenu of Accounts menu
[INFO ] 2026-09-14 15:38:13.926 [main] StepDef - Setup-Smoke method executed
[INFO ] 2026-09-14 15:38:13.954 [main] StepDef - chrome browser launched
[INFO ] 2026-09-14 15:38:17.321 [main] StepDef - URL opened
[INFO ] 2026-09-14 15:38:18.647 [main] StepDef - username and password entered
[INFO ] 2026-09-14 15:38:20.557 [main] StepDef - clicked on login button
[INFO ] 2026-09-14 15:38:23.647 [main] StepDef - Test passed: Login feature: User is able to see dashboard text
[INFO ] 2026-09-14 15:38:23.849 [main] StepDef - clicked on Assessment Menu
[INFO ] 2026-09-14 15:38:26.013 [main] StepDef - User is able to see Reassessment submenu
[INFO ] 2026-09-14 15:38:26.127 [main] StepDef - User is able to see Reverification submenu
[INFO ] 2026-09-14 15:38:26.233 [main] StepDef - User is able to see Reverification TL submenu
[INFO ] 2026-09-14 15:38:26.331 [main] StepDef - User is able to see House Tax Entry submenu
[INFO ] 2026-09-14 15:38:26.416 [main] StepDef - User is able to see Legacy Entry submenu
[INFO ] 2026-09-14 15:38:26.580 [main] StepDef - User is able to see Edit New Assessment submenu
[INFO ] 2026-09-14 15:38:32.174 [main] StepDef - Setup-Regression method executed
[INFO ] 2026-09-14 15:38:32.209 [main] StepDef - chrome browser launched
[INFO ] 2026-09-14 15:38:34.775 [main] StepDef - URL opened
[INFO ] 2026-09-14 15:38:35.753 [main] StepDef - username and password entered
[INFO ] 2026-09-14 15:38:38.373 [main] StepDef - clicked on login button
[INFO ] 2026-09-14 15:38:41.462 [main] StepDef - Test passed: Login feature: User is able to see dashboard text
[INFO ] 2026-09-14 15:38:41.662 [main] StepDef - clicked on Assessment Menu
[INFO ] 2026-09-14 15:38:45.221 [main] StepDef - User clicks on House Tax Entry submenu of Assessment menu
[INFO ] 2026-09-14 15:38:48.315 [main] StepDef - User can see House Tax Entry page
[INFO ] 2026-09-14 15:38:55.675 [main] StepDef - User enters property details
[INFO ] 2026-09-14 15:38:57.388 [main] StepDef - User enters permanent address
[INFO ] 2026-09-14 15:38:57.596 [main] StepDef - User enters current address
[INFO ] 2026-09-14 15:38:59.529 [main] StepDef - User enters owner details
[INFO ] 2026-09-14 15:39:05.852 [main] StepDef - User enters floor details
[INFO ] 2026-09-14 15:39:09.066 [main] StepDef - User enters demand details
[INFO ] 2026-09-14 15:39:12.769 [main] StepDef - User clicks on view button
[INFO ] 2026-09-14 15:39:12.824 [main] StepDef - User can see House Tax Entry View Page
[INFO ] 2026-09-14 15:39:13.300 [main] StepDef - User clicks on save button
[INFO ] 2026-09-14 15:39:16.368 [main] StepDef - User can see House Tax Payment page
[INFO ] 2026-09-14 15:39:19.809 [main] StepDef - User enters payment details
[INFO ] 2026-09-14 15:39:20.514 [main] StepDef - User clicks on pay now button
[INFO ] 2026-09-14 15:39:23.571 [main] StepDef - User can see House Tax Payment Receipt Page
[INFO ] 2026-09-14 15:39:28.833 [main] StepDef - Setup-Regression method executed
[INFO ] 2026-09-14 15:39:28.853 [main] StepDef - chrome browser launched
[INFO ] 2026-09-14 15:39:31.621 [main] StepDef - URL opened
[INFO ] 2026-09-14 15:39:32.967 [main] StepDef - username and password entered
[INFO ] 2026-09-14 15:39:34.619 [main] StepDef - clicked on login button
[INFO ] 2026-09-14 15:39:37.692 [main] StepDef - Test passed: Login feature: User is able to see dashboard text
[INFO ] 2026-09-14 15:39:37.889 [main] StepDef - clicked on Assessment Menu
[INFO ] 2026-09-14 15:39:41.258 [main] StepDef - User clicks on Legacy Entry submenu of Assessment menu
[INFO ] 2026-09-14 15:39:43.340 [main] StepDef - User can see Legacy Entry page
[INFO ] 2026-09-14 15:39:48.590 [main] StepDef - User enters property details of Legacy Entry submenu
[INFO ] 2026-09-14 15:39:50.197 [main] StepDef - User enters permanent address of Legacy Entry submenu
[INFO ] 2026-09-14 15:39:50.457 [main] StepDef - User enters current address of Legacy Entry submenu
[INFO ] 2026-09-14 15:39:52.291 [main] StepDef - User enters owner details of Legacy Entry submenu
[INFO ] 2026-09-14 15:39:53.739 [main] StepDef - User enters tax details of Legacy Entry submenu
[INFO ] 2026-09-14 15:39:57.071 [main] StepDef - User clicks on save button of Legacy Entry submenu
[INFO ] 2026-09-14 15:39:57.127 [main] StepDef - User can see confirmation message
[INFO ] 2026-09-14 15:40:02.134 [main] StepDef - Setup-Smoke method executed
[INFO ] 2026-09-14 15:40:02.151 [main] StepDef - chrome browser launched
[INFO ] 2026-09-14 15:40:04.687 [main] StepDef - URL opened
[INFO ] 2026-09-14 15:40:06.038 [main] StepDef - username and password entered
[INFO ] 2026-09-14 15:40:07.983 [main] StepDef - clicked on login button
[INFO ] 2026-09-14 15:40:11.053 [main] StepDef - Test passed: Login feature: User is able to see dashboard text
[INFO ] 2026-09-14 15:40:11.247 [main] StepDef - User clicks on dashboard menu
[INFO ] 2026-09-14 15:40:13.403 [main] StepDef - user is able to see Work Report Dashboard submenu
[INFO ] 2026-09-14 15:40:13.481 [main] StepDef - user is able to see BOH Dashboard submenu
[INFO ] 2026-09-14 15:40:19.166 [main] StepDef - Setup-Regression method executed
[INFO ] 2026-09-14 15:40:19.183 [main] StepDef - chrome browser launched
[INFO ] 2026-09-14 15:40:21.924 [main] StepDef - URL opened
[INFO ] 2026-09-14 15:40:22.951 [main] StepDef - username and password entered
[INFO ] 2026-09-14 15:40:24.672 [main] StepDef - clicked on login button
[INFO ] 2026-09-14 15:40:27.756 [main] StepDef - Test passed: Login feature: User is able to see dashboard text
[INFO ] 2026-09-14 15:40:27.988 [main] StepDef - User clicks on dashboard menu
[INFO ] 2026-09-14 15:40:31.357 [main] StepDef - User clicks on Work Report Dashboard submenu
[INFO ] 2026-09-14 15:40:34.719 [main] StepDef - User clicks on search button of Work Report Dashboard
[INFO ] 2026-09-14 15:40:36.803 [main] StepDef - user can view Work Report Dashboard report
[INFO ] 2026-09-14 15:40:36.805 [main] StepDef - Browser closed
[INFO ] 2026-09-14 15:40:41.822 [main] StepDef - Setup-Regression method executed
[INFO ] 2026-09-14 15:40:41.836 [main] StepDef - chrome browser launched
[INFO ] 2026-09-14 15:40:44.429 [main] StepDef - URL opened
[INFO ] 2026-09-14 15:40:45.616 [main] StepDef - username and password entered
[INFO ] 2026-09-14 15:40:47.613 [main] StepDef - clicked on login button
[INFO ] 2026-09-14 15:40:50.694 [main] StepDef - Test passed: Login feature: User is able to see dashboard text
[INFO ] 2026-09-14 15:40:50.883 [main] StepDef - User clicks on dashboard menu
[INFO ] 2026-09-14 15:40:53.870 [main] StepDef - User clicks on Work BOH Dashboard submenu
[INFO ] 2026-09-14 15:40:57.325 [main] StepDef - User clicks on search button of BOH Dashboard
[INFO ] 2026-09-14 15:40:59.457 [main] StepDef - user can view report of BOH Dashboard
[INFO ] 2026-09-14 15:40:59.460 [main] StepDef - Browser closed
[INFO ] 2026-09-14 15:41:04.585 [main] StepDef - Setup-Smoke method executed
[INFO ] 2026-09-14 15:41:04.601 [main] StepDef - chrome browser launched
[INFO ] 2026-09-14 15:41:11.834 [main] StepDef - URL opened
[INFO ] 2026-09-14 15:41:13.048 [main] StepDef - username and password entered
[INFO ] 2026-09-14 15:41:13.575 [main] StepDef - clicked on login button
[INFO ] 2026-09-14 15:41:16.738 [main] StepDef - Test passed: Login feature: User is able to see dashboard text
[INFO ] 2026-09-14 15:41:17.152 [main] StepDef - User clicks on Inactive Property menu
[INFO ] 2026-09-14 15:41:19.412 [main] StepDef - user can view Inactive Property submenu of Inactive Property menu
[INFO ] 2026-09-14 15:41:19.640 [main] StepDef - user can view Inactive DCB submenu of Inactive Property menu
[INFO ] 2026-09-14 15:41:19.819 [main] StepDef - user can view Inactive Property Activity submenu of Inactive Property menu
[INFO ] 2026-09-14 15:41:25.085 [main] StepDef - Setup-Smoke method executed
[INFO ] 2026-09-14 15:41:25.098 [main] StepDef - chrome browser launched
[INFO ] 2026-09-14 15:41:29.684 [main] StepDef - URL opened
[INFO ] 2026-09-14 15:41:30.876 [main] StepDef - username and password entered
[INFO ] 2026-09-14 15:41:32.361 [main] StepDef - clicked on login button
[INFO ] 2026-09-14 15:41:35.462 [main] StepDef - Test passed: Login feature: User is able to see dashboard text
[INFO ] 2026-09-14 15:41:35.766 [main] StepDef - User clicks on Inactive Survey menu
[INFO ] 2026-09-14 15:41:38.012 [main] StepDef - user can view Inactive Survey submenu of Inactive Survey menu
[INFO ] 2026-09-14 15:41:38.173 [main] StepDef - user can view Inactive Survey Activity submenu of Inactive Survey menu
[INFO ] 2026-09-14 15:41:44.150 [main] StepDef - Setup-Smoke method executed
[INFO ] 2026-09-14 15:41:49.498 [main] StepDef - Setup-Regression method executed
[INFO ] 2026-09-14 15:41:49.510 [main] StepDef - chrome browser launched
[INFO ] 2026-09-14 15:41:53.653 [main] StepDef - URL opened
[INFO ] 2026-09-14 15:41:54.817 [main] StepDef - username and password entered
[INFO ] 2026-09-14 15:41:56.485 [main] StepDef - clicked on login button
[INFO ] 2026-09-14 15:41:59.634 [main] StepDef - Test passed: Login feature: User is able to see dashboard text
[INFO ] 2026-09-14 15:42:00.393 [main] StepDef - User clicked on super admin profile
[INFO ] 2026-09-14 15:42:10.324 [main] StepDef - User clicked on signout button
[INFO ] 2026-09-14 15:42:12.801 [main] StepDef - User is able to see login page of Nagar Palika Rawatsar
[INFO ] 2026-09-14 15:42:12.803 [main] StepDef - Browser closed
[INFO ] 2026-09-14 15:42:19.060 [main] StepDef - Setup-DDT method executed..
[INFO ] 2026-09-14 15:42:19.076 [main] StepDef - chrome browser launched
[INFO ] 2026-09-14 15:42:22.066 [main] StepDef - URL opened
[INFO ] 2026-09-14 15:42:23.468 [main] StepDef - username and password entered
[INFO ] 2026-09-14 15:42:25.226 [main] StepDef - clicked on login button
[INFO ] 2026-09-14 15:42:28.323 [main] StepDef - LOGIN SUCCESSFUL - Dashboard is displayed as expected.
[INFO ] 2026-09-14 15:42:33.501 [main] StepDef - Setup-DDT method executed..
[INFO ] 2026-09-14 15:42:33.512 [main] StepDef - chrome browser launched
[INFO ] 2026-09-14 15:42:36.461 [main] StepDef - URL opened
[INFO ] 2026-09-14 15:42:37.694 [main] StepDef - username and password entered
[INFO ] 2026-09-14 15:42:38.911 [main] StepDef - clicked on login button
[INFO ] 2026-09-14 15:42:41.995 [main] StepDef - LOGIN UNSUCCESSFUL - Dashboard is not displayed as expected.
[INFO ] 2026-09-14 15:42:47.045 [main] StepDef - Setup-DDT method executed..
[INFO ] 2026-09-14 15:42:47.076 [main] StepDef - chrome browser launched
[INFO ] 2026-09-14 15:42:49.935 [main] StepDef - URL opened
[INFO ] 2026-09-14 15:42:50.993 [main] StepDef - username and password entered
[INFO ] 2026-09-14 15:42:52.585 [main] StepDef - clicked on login button
[INFO ] 2026-09-14 15:42:55.651 [main] StepDef - LOGIN UNSUCCESSFUL - Dashboard is not displayed as expected.
[INFO ] 2026-09-14 15:43:00.716 [main] StepDef - Setup-DDT method executed..
[INFO ] 2026-09-14 15:43:00.728 [main] StepDef - chrome browser launched
[INFO ] 2026-09-14 15:43:03.721 [main] StepDef - URL opened
[INFO ] 2026-09-14 15:43:04.747 [main] StepDef - username and password entered
[INFO ] 2026-09-14 15:43:06.328 [main] StepDef - clicked on login button
[INFO ] 2026-09-14 15:43:09.384 [main] StepDef - LOGIN UNSUCCESSFUL - Dashboard is not displayed as expected.
[INFO ] 2026-09-14 15:43:14.450 [main] StepDef - Setup-DDT method executed..
[INFO ] 2026-09-14 15:43:14.463 [main] StepDef - chrome browser launched
[INFO ] 2026-09-14 15:43:17.362 [main] StepDef - URL opened
[INFO ] 2026-09-14 15:43:18.348 [main] StepDef - username and password entered
[INFO ] 2026-09-14 15:43:18.663 [main] StepDef - clicked on login button
[INFO ] 2026-09-14 15:43:21.764 [main] StepDef - LOGIN UNSUCCESSFUL - Dashboard is not displayed as expected.
[INFO ] 2026-09-14 15:43:26.527 [main] StepDef - Setup-DDT method executed..
[INFO ] 2026-09-14 15:43:26.537 [main] StepDef - chrome browser launched
[INFO ] 2026-09-14 15:43:29.294 [main] StepDef - URL opened
[INFO ] 2026-09-14 15:43:30.162 [main] StepDef - username and password entered
[INFO ] 2026-09-14 15:43:30.526 [main] StepDef - clicked on login button
[INFO ] 2026-09-14 15:43:33.596 [main] StepDef - LOGIN UNSUCCESSFUL - Dashboard is not displayed as expected.
[INFO ] 2026-09-14 15:43:38.798 [main] StepDef - Setup-DDT method executed..
[INFO ] 2026-09-14 15:43:38.810 [main] StepDef - chrome browser launched
[INFO ] 2026-09-14 15:43:41.690 [main] StepDef - URL opened
[INFO ] 2026-09-14 15:43:42.595 [main] StepDef - username and password entered
[INFO ] 2026-09-14 15:43:42.920 [main] StepDef - clicked on login button
[INFO ] 2026-09-14 15:43:45.976 [main] StepDef - LOGIN UNSUCCESSFUL - Dashboard is not displayed as expected.
[INFO ] 2026-09-14 15:43:50.881 [main] StepDef - Setup-DDT method executed..
[INFO ] 2026-09-14 15:43:50.901 [main] StepDef - chrome browser launched
[INFO ] 2026-09-14 15:43:53.871 [main] StepDef - URL opened
[INFO ] 2026-09-14 15:43:54.905 [main] StepDef - username and password entered
[INFO ] 2026-09-14 15:43:55.273 [main] StepDef - clicked on login button
[INFO ] 2026-09-14 15:43:58.338 [main] StepDef - LOGIN UNSUCCESSFUL - Dashboard is not displayed as expected.
[INFO ] 2026-09-14 15:44:03.261 [main] StepDef - Setup-DDT method executed..
[INFO ] 2026-09-14 15:44:03.271 [main] StepDef - chrome browser launched
[INFO ] 2026-09-14 15:44:06.059 [main] StepDef - URL opened
[INFO ] 2026-09-14 15:44:07.179 [main] StepDef - username and password entered
[INFO ] 2026-09-14 15:44:07.538 [main] StepDef - clicked on login button
[INFO ] 2026-09-14 15:44:10.614 [main] StepDef - LOGIN UNSUCCESSFUL - Dashboard is not displayed as expected.
[INFO ] 2026-09-14 15:44:15.442 [main] StepDef - Setup-Smoke method executed
[INFO ] 2026-09-14 15:44:15.453 [main] StepDef - chrome browser launched
[INFO ] 2026-09-14 15:44:18.142 [main] StepDef - URL opened
[INFO ] 2026-09-14 15:44:19.162 [main] StepDef - username and password entered
[INFO ] 2026-09-14 15:44:21.321 [main] StepDef - clicked on login button
[INFO ] 2026-09-14 15:44:24.391 [main] StepDef - Test passed: Login feature: User is able to see dashboard text
[INFO ] 2026-09-14 15:44:24.592 [main] StepDef - User clicks on Property Survey menu
[INFO ] 2026-09-14 15:44:26.791 [main] StepDef - user can view Survey Report submenu of Property Survey menu
[INFO ] 2026-09-14 15:44:26.990 [main] StepDef - user can view Survey Summary Report submenu of Property Survey menu
[INFO ] 2026-09-14 15:44:27.143 [main] StepDef - user can view Survey Team Summary submenu of Property Survey menu
[INFO ] 2026-09-14 15:44:27.309 [main] StepDef - user can view Survey Assessed List submenu of Property Survey menu
[INFO ] 2026-09-14 15:44:27.450 [main] StepDef - user can view Survey Assessed Report submenu of Property Survey menu
[INFO ] 2026-09-14 15:44:27.626 [main] StepDef - user can view Wardwise Survey Report submenu of Property Survey menu
[INFO ] 2026-09-14 15:44:27.852 [main] StepDef - user can view Survey Pending Report submenu of Property Survey menu
[INFO ] 2026-09-14 15:44:28.040 [main] StepDef - user can view Survey Level Summary Report submenu of Property Survey menu
[INFO ] 2026-09-14 15:44:28.217 [main] StepDef - user can view Survey Level Summary Report submenu of Property Survey menu
[INFO ] 2026-09-14 15:44:28.514 [main] StepDef - user can view Userwise Forward Summary submenu of Property Survey menu
[INFO ] 2026-09-14 15:44:28.921 [main] StepDef - user can view Userwise Survey Edit Report submenu of Property Survey menu
[INFO ] 2026-09-14 15:44:29.296 [main] StepDef - user can view Survey Modification Report submenu of Property Survey menu
[INFO ] 2026-09-14 15:44:29.612 [main] StepDef - user can view Survey Geotagging Report submenu of Property Survey menu
[INFO ] 2026-09-14 15:44:29.749 [main] StepDef - user can view Ex-Party Survey Notice submenu of Property Survey menu
[INFO ] 2026-09-14 15:44:30.091 [main] StepDef - user can view Survey Notice List submenu of Property Survey menu
[INFO ] 2026-09-14 15:44:30.243 [main] StepDef - user can view Bulk Survey Notice Print submenu of Property Survey menu
[INFO ] 2026-09-14 15:44:30.381 [main] StepDef - user can view Survey Notice Received List submenu of Property Survey menu
[INFO ] 2026-09-14 15:44:30.519 [main] StepDef - user can view Survey Notice Received Report submenu of Property Survey menu
[INFO ] 2026-09-14 15:44:30.856 [main] StepDef - user can view Survey Notice Distributed Report submenu of Property Survey menu
[INFO ] 2026-09-14 15:44:31.023 [main] StepDef - user can view Survey Demand Report submenu of Property Survey menu
[INFO ] 2026-09-14 15:44:31.223 [main] StepDef - user can view Survey GIS Update submenu of Property Survey menu
[INFO ] 2026-09-14 15:44:31.383 [main] StepDef - user can view Survey Visit Report submenu of Property Survey menu
[INFO ] 2026-09-14 15:44:31.556 [main] StepDef - user can view TL Survey Visit submenu of Property Survey menu
[INFO ] 2026-09-14 15:44:31.769 [main] StepDef - user can view TL Survey Visit Report submenu of Property Survey menu
[INFO ] 2026-09-14 15:44:37.560 [main] StepDef - Setup-Smoke method executed
[INFO ] 2026-09-14 15:44:37.590 [main] StepDef - chrome browser launched
[INFO ] 2026-09-14 15:44:40.178 [main] StepDef - URL opened
[INFO ] 2026-09-14 15:44:41.255 [main] StepDef - username and password entered
[INFO ] 2026-09-14 15:44:43.640 [main] StepDef - clicked on login button
[INFO ] 2026-09-14 15:44:46.712 [main] StepDef - Test passed: Login feature: User is able to see dashboard text
[INFO ] 2026-09-14 15:44:46.904 [main] StepDef - User clicks on UD Tax menu
[INFO ] 2026-09-14 15:44:49.025 [main] StepDef - User is able to see Search Propety submenu
[INFO ] 2026-09-14 15:44:49.096 [main] StepDef - User is able to see Document Upload submenu
[INFO ] 2026-09-14 15:44:49.167 [main] StepDef - User is able to see Update Property Details submenu
[INFO ] 2026-09-14 15:44:49.250 [main] StepDef - User is able to see Last Payment Update submenu
[INFO ] 2026-09-14 15:44:49.323 [main] StepDef - User is able to see Update Owner Details submenu
[INFO ] 2026-09-14 15:44:49.425 [main] StepDef - User is able to see Property Deativate submenu
[INFO ] 2026-09-14 15:44:49.513 [main] StepDef - User is able to see Ward Update submenu
[INFO ] 2026-09-14 15:44:49.625 [main] StepDef - User is able to see Adjustment submenu
[INFO ] 2026-09-14 15:44:49.722 [main] StepDef - User is able to see House Tax Last Payment Update submenu
[INFO ] 2026-09-14 15:44:49.821 [main] StepDef - User is able to see TL Property Visit submenu
[INFO ] 2026-09-14 15:44:49.917 [main] StepDef - User is able to see DN Notice Distribution submenu
[INFO ] 2026-09-14 15:44:55.626 [main] StepDef - Setup-Regression method executed
[INFO ] 2026-09-14 15:44:55.640 [main] StepDef - chrome browser launched
[INFO ] 2026-09-14 15:44:58.453 [main] StepDef - URL opened
[INFO ] 2026-09-14 15:44:59.393 [main] StepDef - username and password entered
[INFO ] 2026-09-14 15:45:01.560 [main] StepDef - clicked on login button
[INFO ] 2026-09-14 15:45:04.626 [main] StepDef - Test passed: Login feature: User is able to see dashboard text
[INFO ] 2026-09-14 15:45:04.824 [main] StepDef - User clicks on UD Tax menu
[INFO ] 2026-09-14 15:45:08.074 [main] StepDef - user clicks on search property submenu
[INFO ] 2026-09-14 15:45:10.175 [main] StepDef - user can see search property page
[INFO ] 2026-09-14 15:45:10.662 [main] StepDef - user select ward no.
[INFO ] 2026-09-14 15:45:13.400 [main] StepDef - user click on search button
[INFO ] 2026-09-14 15:45:13.634 [main] StepDef - user can see property list page
[INFO ] 2026-09-14 15:45:19.224 [main] StepDef - Setup-Regression method executed
[INFO ] 2026-09-14 15:45:19.239 [main] StepDef - chrome browser launched
[INFO ] 2026-09-14 15:45:22.939 [main] StepDef - URL opened
[INFO ] 2026-09-14 15:45:24.336 [main] StepDef - username and password entered
[INFO ] 2026-09-14 15:45:27.465 [main] StepDef - clicked on login button
[INFO ] 2026-09-14 15:45:30.554 [main] StepDef - Test passed: Login feature: User is able to see dashboard text
[INFO ] 2026-09-14 15:45:30.788 [main] StepDef - User clicks on UD Tax menu
[INFO ] 2026-09-14 15:45:33.599 [main] StepDef - user clicks on document upload submenu
[INFO ] 2026-09-14 15:45:35.657 [main] StepDef - user can see search property page
[INFO ] 2026-09-14 15:45:36.091 [main] StepDef - user select ward no.
[INFO ] 2026-09-14 15:45:37.400 [main] StepDef - user click on search button
[INFO ] 2026-09-14 15:45:38.123 [main] StepDef - user can see property list page
[INFO ] 2026-09-14 15:45:43.359 [main] StepDef - Setup-Regression method executed
[INFO ] 2026-09-14 15:45:43.368 [main] StepDef - chrome browser launched
[INFO ] 2026-09-14 15:45:46.278 [main] StepDef - URL opened
[INFO ] 2026-09-14 15:45:47.403 [main] StepDef - username and password entered
[INFO ] 2026-09-14 15:45:49.401 [main] StepDef - clicked on login button
[INFO ] 2026-09-14 15:45:52.480 [main] StepDef - Test passed: Login feature: User is able to see dashboard text
[INFO ] 2026-09-14 15:45:52.677 [main] StepDef - User clicks on UD Tax menu
[INFO ] 2026-09-14 15:45:55.971 [main] StepDef - user clicks on update property details submenu
[INFO ] 2026-09-14 15:45:58.124 [main] StepDef - user can see search property page
[INFO ] 2026-09-14 15:45:58.831 [main] StepDef - user select ward no.
[INFO ] 2026-09-14 15:46:00.255 [main] StepDef - user click on search button
[INFO ] 2026-09-14 15:46:00.533 [main] StepDef - user can see property list page
[INFO ] 2026-09-14 15:46:05.967 [main] StepDef - Setup-Regression method executed
[INFO ] 2026-09-14 15:46:05.972 [main] StepDef - chrome browser launched
[INFO ] 2026-09-14 15:46:09.024 [main] StepDef - URL opened
[INFO ] 2026-09-14 15:46:10.053 [main] StepDef - username and password entered
[INFO ] 2026-09-14 15:46:11.911 [main] StepDef - clicked on login button
[INFO ] 2026-09-14 15:46:14.974 [main] StepDef - Test passed: Login feature: User is able to see dashboard text
[INFO ] 2026-09-14 15:46:15.169 [main] StepDef - User clicks on UD Tax menu
[INFO ] 2026-09-14 15:46:18.260 [main] StepDef - user clicks on last payment update submenu
[INFO ] 2026-09-14 15:46:20.329 [main] StepDef - user can see search property page
[INFO ] 2026-09-14 15:46:20.966 [main] StepDef - user select ward no.
[INFO ] 2026-09-14 15:46:23.349 [main] StepDef - user click on search button
[INFO ] 2026-09-14 15:46:23.555 [main] StepDef - user can see property list page
[INFO ] 2026-09-14 15:46:28.849 [main] StepDef - Setup-Regression method executed
[INFO ] 2026-09-14 15:46:28.861 [main] StepDef - chrome browser launched
[INFO ] 2026-09-14 15:46:31.932 [main] StepDef - URL opened
[INFO ] 2026-09-14 15:46:33.026 [main] StepDef - username and password entered
[INFO ] 2026-09-14 15:46:35.352 [main] StepDef - clicked on login button
[INFO ] 2026-09-14 15:46:38.431 [main] StepDef - Test passed: Login feature: User is able to see dashboard text
[INFO ] 2026-09-14 15:46:38.627 [main] StepDef - User clicks on UD Tax menu
[INFO ] 2026-09-14 15:46:41.737 [main] StepDef - user clicks on update owner details submenu
[INFO ] 2026-09-14 15:46:43.817 [main] StepDef - user can see search property page
[INFO ] 2026-09-14 15:46:44.310 [main] StepDef - user select ward no.
[INFO ] 2026-09-14 15:46:45.795 [main] StepDef - user click on search button
[INFO ] 2026-09-14 15:46:46.114 [main] StepDef - user can see property list page
[INFO ] 2026-09-14 15:46:51.352 [main] StepDef - Setup-Regression method executed
[INFO ] 2026-09-14 15:46:51.362 [main] StepDef - chrome browser launched
[INFO ] 2026-09-14 15:46:54.894 [main] StepDef - URL opened
[INFO ] 2026-09-14 15:46:55.883 [main] StepDef - username and password entered
[INFO ] 2026-09-14 15:46:57.686 [main] StepDef - clicked on login button
[INFO ] 2026-09-14 15:47:00.748 [main] StepDef - Test passed: Login feature: User is able to see dashboard text
[INFO ] 2026-09-14 15:47:00.951 [main] StepDef - User clicks on UD Tax menu
[INFO ] 2026-09-14 15:47:04.093 [main] StepDef - user clicks on property deactivate submenu
[INFO ] 2026-09-14 15:47:06.226 [main] StepDef - user can see search property page
[INFO ] 2026-09-14 15:47:06.852 [main] StepDef - user select ward no.
[INFO ] 2026-09-14 15:47:08.947 [main] StepDef - user click on search button
[INFO ] 2026-09-14 15:47:09.106 [main] StepDef - user can see property list page
[INFO ] 2026-09-14 15:47:14.414 [main] StepDef - Setup-Regression method executed
[INFO ] 2026-09-14 15:47:14.445 [main] StepDef - chrome browser launched
[INFO ] 2026-09-14 15:47:17.333 [main] StepDef - URL opened
[INFO ] 2026-09-14 15:47:18.433 [main] StepDef - username and password entered
[INFO ] 2026-09-14 15:47:20.409 [main] StepDef - clicked on login button
[INFO ] 2026-09-14 15:47:23.476 [main] StepDef - Test passed: Login feature: User is able to see dashboard text
[INFO ] 2026-09-14 15:47:23.670 [main] StepDef - User clicks on UD Tax menu
[INFO ] 2026-09-14 15:47:26.799 [main] StepDef - user clicks on ward update submenu
[INFO ] 2026-09-14 15:47:28.957 [main] StepDef - user can see search property page
[INFO ] 2026-09-14 15:47:29.456 [main] StepDef - user select ward no.
[INFO ] 2026-09-14 15:47:30.826 [main] StepDef - user click on search button
[INFO ] 2026-09-14 15:47:31.046 [main] StepDef - user can see property list page
[INFO ] 2026-09-14 15:47:36.346 [main] StepDef - Setup-Regression method executed
[INFO ] 2026-09-14 15:47:36.358 [main] StepDef - chrome browser launched
[INFO ] 2026-09-14 15:47:41.383 [main] StepDef - URL opened
[INFO ] 2026-09-14 15:47:42.388 [main] StepDef - username and password entered
[INFO ] 2026-09-14 15:47:44.486 [main] StepDef - clicked on login button
[INFO ] 2026-09-14 15:47:47.570 [main] StepDef - Test passed: Login feature: User is able to see dashboard text
[INFO ] 2026-09-14 15:47:47.770 [main] StepDef - User clicks on UD Tax menu
[INFO ] 2026-09-14 15:47:51.150 [main] StepDef - user clicks on ward update submenu
[INFO ] 2026-09-14 15:47:53.366 [main] StepDef - user can see search property page
[INFO ] 2026-09-14 15:47:54.141 [main] StepDef - user select ward no.
[INFO ] 2026-09-14 15:47:55.471 [main] StepDef - user click on search button
[INFO ] 2026-09-14 15:47:55.621 [main] StepDef - user can see property list page
[INFO ] 2026-09-14 15:48:02.909 [main] StepDef - Setup-Regression method executed
[INFO ] 2026-09-14 15:48:02.913 [main] StepDef - chrome browser launched
[INFO ] 2026-09-14 15:48:05.932 [main] StepDef - URL opened
[INFO ] 2026-09-14 15:48:07.110 [main] StepDef - username and password entered
[INFO ] 2026-09-14 15:48:09.244 [main] StepDef - clicked on login button
[INFO ] 2026-09-14 15:48:12.313 [main] StepDef - Test passed: Login feature: User is able to see dashboard text
[INFO ] 2026-09-14 15:48:12.511 [main] StepDef - User clicks on UD Tax menu
[INFO ] 2026-09-14 15:48:15.540 [main] StepDef - user clicks on house tax last payment update submenu
[INFO ] 2026-09-14 15:48:17.633 [main] StepDef - user can see search property page
[INFO ] 2026-09-14 15:48:18.134 [main] StepDef - user select ward no.
[INFO ] 2026-09-14 15:48:20.708 [main] StepDef - user click on search button
[INFO ] 2026-09-14 15:48:20.862 [main] StepDef - user can see property list page
[INFO ] 2026-09-14 15:48:26.752 [main] StepDef - Setup-Regression method executed
[INFO ] 2026-09-14 15:48:26.757 [main] StepDef - chrome browser launched
[INFO ] 2026-09-14 15:48:29.353 [main] StepDef - URL opened
[INFO ] 2026-09-14 15:48:30.389 [main] StepDef - username and password entered
[INFO ] 2026-09-14 15:48:32.544 [main] StepDef - clicked on login button
[INFO ] 2026-09-14 15:48:35.613 [main] StepDef - Test passed: Login feature: User is able to see dashboard text
[INFO ] 2026-09-14 15:48:35.803 [main] StepDef - User clicks on UD Tax menu
[INFO ] 2026-09-14 15:48:39.242 [main] StepDef - user clicks on DN notice distribution submenu
[INFO ] 2026-09-14 15:48:41.341 [main] StepDef - user can see search property page
[INFO ] 2026-09-14 15:48:41.860 [main] StepDef - user select ward no.
[INFO ] 2026-09-14 15:48:42.726 [main] StepDef - user click on search button
[INFO ] 2026-09-14 15:48:43.743 [main] StepDef - user can see property list page
[INFO ] 2026-09-14 15:48:49.546 [main] StepDef - Setup-Smoke method executed
[INFO ] 2026-09-14 15:48:49.551 [main] StepDef - chrome browser launched
[INFO ] 2026-09-14 15:48:52.306 [main] StepDef - URL opened
[INFO ] 2026-09-14 15:48:53.403 [main] StepDef - username and password entered
[INFO ] 2026-09-14 15:48:55.810 [main] StepDef - clicked on login button
[INFO ] 2026-09-14 15:48:58.876 [main] StepDef - Test passed: Login feature: User is able to see dashboard text
[INFO ] 2026-09-14 15:48:59.085 [main] StepDef - User clicks on UD Tax Report menu
[INFO ] 2026-09-14 15:49:01.227 [main] StepDef - user can view counter report submenu of UDTax Report menu
[INFO ] 2026-09-14 15:49:01.313 [main] StepDef - user can view TC Collection Summary submenu of UDTax Report menu
[INFO ] 2026-09-14 15:49:01.411 [main] StepDef - user can view DCB Report submenu of UDTax Report menu
[INFO ] 2026-09-14 15:49:01.524 [main] StepDef - user can view SAF Report submenu of UDTax Report menu
[INFO ] 2026-09-14 15:49:01.645 [main] StepDef - user can view Zone and Ward Wise Collection Report submenu of UDTax Report menu
[INFO ] 2026-09-14 15:49:01.744 [main] StepDef - user can view Payment Mode Wise Collection submenu of UDTax Report menu
[INFO ] 2026-09-14 15:49:01.839 [main] StepDef - user can view ULB Report submenu of UDTax Report menu
[INFO ] 2026-09-14 15:49:01.921 [main] StepDef - user can view Transaction Deactivate Report submenu of UDTax Report menu
[INFO ] 2026-09-14 15:49:02.146 [main] StepDef - user can view ALL Module TC Summary submenu of UDTax Report menu
[INFO ] 2026-09-14 15:49:02.384 [main] StepDef - user can view Cheque Bounce Report submenu of UDTax Report menu
[INFO ] 2026-09-14 15:49:02.524 [main] StepDef - user can view Print All Payment Reciept submenu of UDTax Report menu
[INFO ] 2026-09-14 15:49:02.829 [main] StepDef - user can view Taxable Property Report submenu of UDTax Report menu
[INFO ] 2026-09-14 15:49:03.215 [main] StepDef - user can view PropertyWise DCB submenu of UDTax Report menu
[INFO ] 2026-09-14 15:49:03.468 [main] StepDef - user can view Htax DCB Report submenu of UDTax Report menu
[INFO ] 2026-09-14 15:49:03.702 [main] StepDef - user can view Print All Demand Reciept submenu of UDTax Report menu
[INFO ] 2026-09-14 15:49:03.858 [main] StepDef - user can view Variation Report submenu of UDTax Report menu
[INFO ] 2026-09-14 15:49:04.075 [main] StepDef - user can view Reassesment Diff submenu of UDTax Report menu
[INFO ] 2026-09-14 15:49:04.290 [main] StepDef - user can view Cheque Bounced Collection Report submenu of UDTax Report menu
[INFO ] 2026-09-14 15:49:04.556 [main] StepDef - user can view Re-verification Difference Report submenu of UDTax Report menu
[INFO ] 2026-09-14 15:49:04.868 [main] StepDef - user can view Tax Collection Report submenu of UDTax Report menu
[INFO ] 2026-09-14 15:49:05.049 [main] StepDef - user can view Appti List submenu of UDTax Report menu
[INFO ] 2026-09-14 15:49:05.197 [main] StepDef - user can view Apptti Pending Report submenu of UDTax Report menu
[INFO ] 2026-09-14 15:49:05.340 [main] StepDef - user can view Appti Reject List submenu of UDTax Report menu
[INFO ] 2026-09-14 15:49:05.492 [main] StepDef - user can view TC Visit Report submenu of UDTax Report menu
[INFO ] 2026-09-14 15:49:05.668 [main] StepDef - user can view TC Visit Summary submenu of UDTax Report menu
[INFO ] 2026-09-14 15:49:05.861 [main] StepDef - user can view Property Wise TC Visit submenu of UDTax Report menu
[INFO ] 2026-09-14 15:49:06.034 [main] StepDef - user can view TL Visit Report submenu of UDTax Report menu
[INFO ] 2026-09-14 15:49:06.193 [main] StepDef - user can view All Updation Report submenu of UDTax Report menu
[INFO ] 2026-09-14 15:49:06.351 [main] StepDef - user can view DN130 Distribution Reports submenu of UDTax Report menu
[INFO ] 2026-09-14 15:49:11.438 [main] StepDef - Setup-Regression method executed
[INFO ] 2026-09-14 15:49:11.443 [main] StepDef - chrome browser launched
[INFO ] 2026-09-14 15:49:15.152 [main] StepDef - URL opened
[INFO ] 2026-09-14 15:49:16.212 [main] StepDef - username and password entered
[INFO ] 2026-09-14 15:49:17.783 [main] StepDef - clicked on login button
[INFO ] 2026-09-14 15:49:20.859 [main] StepDef - Test passed: Login feature: User is able to see dashboard text
[INFO ] 2026-09-14 15:49:21.069 [main] StepDef - User clicks on UD Tax Report menu
[INFO ] 2026-09-14 15:49:24.335 [main] StepDef - user clicks on counter report submenu
[INFO ] 2026-09-14 15:49:26.436 [main] StepDef - user can see counter report page
[INFO ] 2026-09-14 15:49:28.211 [main] StepDef - user clicks on search button
[INFO ] 2026-09-14 15:49:28.435 [main] StepDef - user can see report
[INFO ] 2026-09-14 15:49:33.481 [main] StepDef - Setup-Regression method executed
[INFO ] 2026-09-14 15:49:33.487 [main] StepDef - chrome browser launched
[INFO ] 2026-09-14 15:49:36.547 [main] StepDef - URL opened
[INFO ] 2026-09-14 15:49:37.573 [main] StepDef - username and password entered
[INFO ] 2026-09-14 15:49:39.500 [main] StepDef - clicked on login button
[INFO ] 2026-09-14 15:49:42.570 [main] StepDef - Test passed: Login feature: User is able to see dashboard text
[INFO ] 2026-09-14 15:49:42.802 [main] StepDef - User clicks on UD Tax Report menu
[INFO ] 2026-09-14 15:49:46.308 [main] StepDef - user clicks on TC collection summary submenu
[INFO ] 2026-09-14 15:49:48.447 [main] StepDef - user can see TC collection summary page
[INFO ] 2026-09-14 15:49:50.226 [main] StepDef - user clicks on search button of TC collection summary page
[INFO ] 2026-09-14 15:49:50.433 [main] StepDef - user can see report of TC collection summary page
[INFO ] 2026-09-14 15:49:55.441 [main] StepDef - Setup-Regression method executed
[INFO ] 2026-09-14 15:49:55.445 [main] StepDef - chrome browser launched
[INFO ] 2026-09-14 15:49:58.242 [main] StepDef - URL opened
[INFO ] 2026-09-14 15:49:59.288 [main] StepDef - username and password entered
[INFO ] 2026-09-14 15:50:01.291 [main] StepDef - clicked on login button
[INFO ] 2026-09-14 15:50:04.360 [main] StepDef - Test passed: Login feature: User is able to see dashboard text
[INFO ] 2026-09-14 15:50:04.572 [main] StepDef - User clicks on UD Tax Report menu
[INFO ] 2026-09-14 15:50:07.688 [main] StepDef - user clicks on DCB Report submenu
[INFO ] 2026-09-14 15:50:09.890 [main] StepDef - user can see DCB ULB Wise page
[INFO ] 2026-09-14 15:50:10.136 [main] StepDef - user clicks on search button of DCB ULB Wise page
[INFO ] 2026-09-14 15:50:12.466 [main] StepDef - user can see total demand and total collection of DCB ULB Wise page
[INFO ] 2026-09-14 15:50:17.374 [main] StepDef - Setup-Regression method executed
[INFO ] 2026-09-14 15:50:17.378 [main] StepDef - chrome browser launched
[INFO ] 2026-09-14 15:50:20.294 [main] StepDef - URL opened
[INFO ] 2026-09-14 15:50:21.327 [main] StepDef - username and password entered
[INFO ] 2026-09-14 15:50:23.517 [main] StepDef - clicked on login button
[INFO ] 2026-09-14 15:50:26.581 [main] StepDef - Test passed: Login feature: User is able to see dashboard text
[INFO ] 2026-09-14 15:50:26.783 [main] StepDef - User clicks on UD Tax Report menu
[INFO ] 2026-09-14 15:50:30.387 [main] StepDef - user clicks on SAF Report submenu
[INFO ] 2026-09-14 15:50:32.466 [main] StepDef - user can see saf Report page
[INFO ] 2026-09-14 15:50:32.949 [main] StepDef - user clicks on search button of saf Report page
[INFO ] 2026-09-14 15:50:33.706 [main] StepDef - user can see property tax plain text of saf Report page
[INFO ] 2026-09-14 15:50:38.654 [main] StepDef - Setup-Smoke method executed
[INFO ] 2026-09-14 15:50:38.659 [main] StepDef - chrome browser launched
[INFO ] 2026-09-14 15:50:42.422 [main] StepDef - URL opened
[INFO ] 2026-09-14 15:50:43.315 [main] StepDef - username and password entered
[INFO ] 2026-09-14 15:50:44.827 [main] StepDef - clicked on login button
[INFO ] 2026-09-14 15:50:47.895 [main] StepDef - Test passed: Login feature: User is able to see dashboard text
[INFO ] 2026-09-14 15:50:48.086 [main] StepDef - clicked on UD Tax Menu
[INFO ] 2026-09-14 15:50:50.276 [main] StepDef - user can view Road Type submenu
[INFO ] 2026-09-14 15:50:50.359 [main] StepDef - user can view Usage Type submenu
[INFO ] 2026-09-14 15:50:50.434 [main] StepDef - user can view Usage SubCategory Master submenu
[INFO ] 2026-09-14 15:50:50.516 [main] StepDef - user can view Sub Category Details submenu
[INFO ] 2026-09-14 15:50:50.584 [main] StepDef - user can view DLC rate master submenu
[INFO ] 2026-09-14 15:50:50.662 [main] StepDef - user can view DLC Search submenu
[INFO ] 2026-09-15 11:57:12.912 [main] StepDef - Setup-Smoke method executed
[INFO ] 2026-09-15 11:57:13.805 [main] StepDef - chrome browser launched
[INFO ] 2026-09-15 11:57:16.409 [main] StepDef - URL opened
[INFO ] 2026-09-15 11:57:17.144 [main] StepDef - username and password entered
[INFO ] 2026-09-15 11:57:18.933 [main] StepDef - clicked on login button
[INFO ] 2026-09-15 11:57:22.027 [main] StepDef - Test passed: Login feature: User is able to see dashboard text
[INFO ] 2026-09-15 11:57:24.554 [main] StepDef - user can view transaction deactivate submenu of Accounts menu
[INFO ] 2026-09-15 11:57:24.728 [main] StepDef - user can view cash verification submenu of Accounts menu
[INFO ] 2026-09-15 11:57:24.856 [main] StepDef - user can view bank deposit date entry submenu of Accounts menu
[INFO ] 2026-09-15 11:57:24.958 [main] StepDef - user can view bank reconciliation submenu of Accounts menu
[INFO ] 2026-09-15 11:57:25.072 [main] StepDef - user can view Payment Mode Update submenu of Accounts menu
[INFO ] 2026-09-15 11:57:25.181 [main] StepDef - user can view House Tax Transaction Deactivate submenu of Accounts menu
[INFO ] 2026-09-15 11:57:25.288 [main] StepDef - user can view House Tax Payment Mode Update submenu of Accounts menu
[INFO ] 2026-09-15 11:57:29.429 [main] StepDef - Setup-Smoke method executed
[INFO ] 2026-09-15 11:57:29.462 [main] StepDef - chrome browser launched
[INFO ] 2026-09-15 11:57:31.580 [main] StepDef - URL opened
[INFO ] 2026-09-15 11:57:32.340 [main] StepDef - username and password entered
[INFO ] 2026-09-15 11:57:33.944 [main] StepDef - clicked on login button
[INFO ] 2026-09-15 11:57:37.025 [main] StepDef - Test passed: Login feature: User is able to see dashboard text
[INFO ] 2026-09-15 11:57:37.197 [main] StepDef - clicked on Assessment Menu
[INFO ] 2026-09-15 11:57:39.285 [main] StepDef - User is able to see Reassessment submenu
[INFO ] 2026-09-15 11:57:39.340 [main] StepDef - User is able to see Reverification submenu
[INFO ] 2026-09-15 11:57:39.400 [main] StepDef - User is able to see Reverification TL submenu
[INFO ] 2026-09-15 11:57:39.453 [main] StepDef - User is able to see House Tax Entry submenu
[INFO ] 2026-09-15 11:57:39.507 [main] StepDef - User is able to see Legacy Entry submenu
[INFO ] 2026-09-15 11:57:39.560 [main] StepDef - User is able to see Edit New Assessment submenu
[INFO ] 2026-09-15 11:57:44.050 [main] StepDef - Setup-Regression method executed
[INFO ] 2026-09-15 11:57:44.075 [main] StepDef - chrome browser launched
[INFO ] 2026-09-15 11:57:46.272 [main] StepDef - URL opened
[INFO ] 2026-09-15 11:57:47.241 [main] StepDef - username and password entered
[INFO ] 2026-09-15 11:57:48.670 [main] StepDef - clicked on login button
[INFO ] 2026-09-15 11:57:51.766 [main] StepDef - Test passed: Login feature: User is able to see dashboard text
[INFO ] 2026-09-15 11:57:51.975 [main] StepDef - clicked on Assessment Menu
[INFO ] 2026-09-15 11:57:55.083 [main] StepDef - User clicks on House Tax Entry submenu of Assessment menu
[INFO ] 2026-09-15 11:57:58.233 [main] StepDef - User can see House Tax Entry page
[INFO ] 2026-09-15 11:58:05.462 [main] StepDef - User enters property details
[INFO ] 2026-09-15 11:58:06.982 [main] StepDef - User enters permanent address
[INFO ] 2026-09-15 11:58:07.175 [main] StepDef - User enters current address
[INFO ] 2026-09-15 11:58:08.649 [main] StepDef - User enters owner details
[INFO ] 2026-09-15 11:58:13.550 [main] StepDef - User enters floor details
[INFO ] 2026-09-15 11:58:16.612 [main] StepDef - User enters demand details
[INFO ] 2026-09-15 11:58:20.214 [main] StepDef - User clicks on view button
[INFO ] 2026-09-15 11:58:20.269 [main] StepDef - User can see House Tax Entry View Page
[INFO ] 2026-09-15 11:58:20.419 [main] StepDef - User clicks on save button
[INFO ] 2026-09-15 11:58:23.489 [main] StepDef - User can see House Tax Payment page
[INFO ] 2026-09-15 11:58:26.715 [main] StepDef - User enters payment details
[INFO ] 2026-09-15 11:58:27.405 [main] StepDef - User clicks on pay now button
[INFO ] 2026-09-15 11:58:30.459 [main] StepDef - User can see House Tax Payment Receipt Page
[INFO ] 2026-09-15 11:58:34.668 [main] StepDef - Setup-Regression method executed
[INFO ] 2026-09-15 11:58:34.682 [main] StepDef - chrome browser launched
[INFO ] 2026-09-15 11:58:36.938 [main] StepDef - URL opened
[INFO ] 2026-09-15 11:58:37.712 [main] StepDef - username and password entered
[INFO ] 2026-09-15 11:58:39.416 [main] StepDef - clicked on login button
[INFO ] 2026-09-15 11:58:42.487 [main] StepDef - Test passed: Login feature: User is able to see dashboard text
[INFO ] 2026-09-15 11:58:42.672 [main] StepDef - clicked on Assessment Menu
[INFO ] 2026-09-15 11:58:45.494 [main] StepDef - User clicks on Legacy Entry submenu of Assessment menu
[INFO ] 2026-09-15 11:58:47.575 [main] StepDef - User can see Legacy Entry page
[INFO ] 2026-09-15 11:58:52.406 [main] StepDef - User enters property details of Legacy Entry submenu
[INFO ] 2026-09-15 11:58:54.899 [main] StepDef - User enters permanent address of Legacy Entry submenu
[INFO ] 2026-09-15 11:58:55.167 [main] StepDef - User enters current address of Legacy Entry submenu
[INFO ] 2026-09-15 11:58:57.217 [main] StepDef - User enters owner details of Legacy Entry submenu
[INFO ] 2026-09-15 11:58:58.701 [main] StepDef - User enters tax details of Legacy Entry submenu
[INFO ] 2026-09-15 11:59:01.789 [main] StepDef - User clicks on save button of Legacy Entry submenu
[INFO ] 2026-09-15 11:59:01.840 [main] StepDef - User can see confirmation message
[INFO ] 2026-09-15 11:59:05.842 [main] StepDef - Setup-Smoke method executed
[INFO ] 2026-09-15 11:59:05.860 [main] StepDef - chrome browser launched
[INFO ] 2026-09-15 11:59:08.049 [main] StepDef - URL opened
[INFO ] 2026-09-15 11:59:08.810 [main] StepDef - username and password entered
[INFO ] 2026-09-15 11:59:10.174 [main] StepDef - clicked on login button
[INFO ] 2026-09-15 11:59:13.250 [main] StepDef - Test passed: Login feature: User is able to see dashboard text
[INFO ] 2026-09-15 11:59:13.416 [main] StepDef - User clicks on dashboard menu
[INFO ] 2026-09-15 11:59:15.502 [main] StepDef - user is able to see Work Report Dashboard submenu
[INFO ] 2026-09-15 11:59:15.556 [main] StepDef - user is able to see BOH Dashboard submenu
[INFO ] 2026-09-15 11:59:19.393 [main] StepDef - Setup-Regression method executed
[INFO ] 2026-09-15 11:59:19.411 [main] StepDef - chrome browser launched
[INFO ] 2026-09-15 11:59:23.513 [main] StepDef - URL opened
[INFO ] 2026-09-15 11:59:24.530 [main] StepDef - username and password entered
[INFO ] 2026-09-15 11:59:25.850 [main] StepDef - clicked on login button
[INFO ] 2026-09-15 11:59:28.921 [main] StepDef - Test passed: Login feature: User is able to see dashboard text
[INFO ] 2026-09-15 11:59:29.087 [main] StepDef - User clicks on dashboard menu
[INFO ] 2026-09-15 11:59:32.093 [main] StepDef - User clicks on Work Report Dashboard submenu
[INFO ] 2026-09-15 11:59:34.395 [main] StepDef - User clicks on search button of Work Report Dashboard
[INFO ] 2026-09-15 11:59:36.457 [main] StepDef - user can view Work Report Dashboard report
[INFO ] 2026-09-15 11:59:36.461 [main] StepDef - Browser closed
[INFO ] 2026-09-15 11:59:40.514 [main] StepDef - Setup-Regression method executed
[INFO ] 2026-09-15 11:59:40.525 [main] StepDef - chrome browser launched
[INFO ] 2026-09-15 11:59:43.060 [main] StepDef - URL opened
[INFO ] 2026-09-15 11:59:43.828 [main] StepDef - username and password entered
[INFO ] 2026-09-15 11:59:45.398 [main] StepDef - clicked on login button
[INFO ] 2026-09-15 11:59:48.482 [main] StepDef - Test passed: Login feature: User is able to see dashboard text
[INFO ] 2026-09-15 11:59:48.644 [main] StepDef - User clicks on dashboard menu
[INFO ] 2026-09-15 11:59:51.493 [main] StepDef - User clicks on Work BOH Dashboard submenu
[INFO ] 2026-09-15 11:59:54.027 [main] StepDef - User clicks on search button of BOH Dashboard
[INFO ] 2026-09-15 11:59:56.107 [main] StepDef - user can view report of BOH Dashboard
[INFO ] 2026-09-15 11:59:56.109 [main] StepDef - Browser closed
[INFO ] 2026-09-15 12:00:00.233 [main] StepDef - Setup-Smoke method executed
[INFO ] 2026-09-15 12:00:00.246 [main] StepDef - chrome browser launched
[INFO ] 2026-09-15 12:00:02.235 [main] StepDef - URL opened
[INFO ] 2026-09-15 12:00:02.938 [main] StepDef - username and password entered
[INFO ] 2026-09-15 12:00:04.639 [main] StepDef - clicked on login button
[INFO ] 2026-09-15 12:00:07.710 [main] StepDef - Test passed: Login feature: User is able to see dashboard text
[INFO ] 2026-09-15 12:00:07.873 [main] StepDef - User clicks on Inactive Property menu
[INFO ] 2026-09-15 12:00:10.012 [main] StepDef - user can view Inactive Property submenu of Inactive Property menu
[INFO ] 2026-09-15 12:00:10.096 [main] StepDef - user can view Inactive DCB submenu of Inactive Property menu
[INFO ] 2026-09-15 12:00:10.187 [main] StepDef - user can view Inactive Property Activity submenu of Inactive Property menu
[INFO ] 2026-09-15 12:00:14.278 [main] StepDef - Setup-Smoke method executed
[INFO ] 2026-09-15 12:00:14.295 [main] StepDef - chrome browser launched
[INFO ] 2026-09-15 12:00:16.351 [main] StepDef - URL opened
[INFO ] 2026-09-15 12:00:17.078 [main] StepDef - username and password entered
[INFO ] 2026-09-15 12:00:18.817 [main] StepDef - clicked on login button
[INFO ] 2026-09-15 12:00:21.882 [main] StepDef - Test passed: Login feature: User is able to see dashboard text
[INFO ] 2026-09-15 12:00:22.062 [main] StepDef - User clicks on Inactive Survey menu
[INFO ] 2026-09-15 12:00:24.196 [main] StepDef - user can view Inactive Survey submenu of Inactive Survey menu
[INFO ] 2026-09-15 12:00:24.279 [main] StepDef - user can view Inactive Survey Activity submenu of Inactive Survey menu
[INFO ] 2026-09-15 12:00:28.228 [main] StepDef - Setup-Regression method executed
[INFO ] 2026-09-15 12:00:32.105 [main] StepDef - Setup-Smoke method executed
[INFO ] 2026-09-15 12:00:32.114 [main] StepDef - chrome browser launched
[INFO ] 2026-09-15 12:00:34.793 [main] StepDef - URL opened
[INFO ] 2026-09-15 12:00:35.677 [main] StepDef - username and password entered
[INFO ] 2026-09-15 12:00:37.078 [main] StepDef - clicked on login button
[INFO ] 2026-09-15 12:00:40.172 [main] StepDef - Test passed: Login feature: User is able to see dashboard text
[INFO ] 2026-09-15 12:00:40.359 [main] StepDef - User clicked on super admin profile
[INFO ] 2026-09-15 12:00:43.581 [main] StepDef - User clicked on signout button
[INFO ] 2026-09-15 12:00:45.705 [main] StepDef - User is able to see login page of Nagar Palika Rawatsar
[INFO ] 2026-09-15 12:00:45.708 [main] StepDef - Browser closed
[INFO ] 2026-09-15 12:00:52.238 [main] StepDef - Setup-DDT method executed..
[INFO ] 2026-09-15 12:00:52.254 [main] StepDef - chrome browser launched
[INFO ] 2026-09-15 12:00:54.353 [main] StepDef - URL opened
[INFO ] 2026-09-15 12:00:55.071 [main] StepDef - username and password entered
[INFO ] 2026-09-15 12:00:57.412 [main] StepDef - clicked on login button
[INFO ] 2026-09-15 12:01:00.503 [main] StepDef - LOGIN SUCCESSFUL - Dashboard is displayed as expected.
[INFO ] 2026-09-15 12:01:04.521 [main] StepDef - Setup-DDT method executed..
[INFO ] 2026-09-15 12:01:04.529 [main] StepDef - chrome browser launched
[INFO ] 2026-09-15 12:01:06.517 [main] StepDef - URL opened
[INFO ] 2026-09-15 12:01:07.284 [main] StepDef - username and password entered
[INFO ] 2026-09-15 12:01:08.401 [main] StepDef - clicked on login button
[INFO ] 2026-09-15 12:01:11.493 [main] StepDef - LOGIN UNSUCCESSFUL - Dashboard is not displayed as expected.
[INFO ] 2026-09-15 12:01:15.403 [main] StepDef - Setup-DDT method executed..
[INFO ] 2026-09-15 12:01:15.418 [main] StepDef - chrome browser launched
[INFO ] 2026-09-15 12:01:17.553 [main] StepDef - URL opened
[INFO ] 2026-09-15 12:01:18.356 [main] StepDef - username and password entered
[INFO ] 2026-09-15 12:01:19.636 [main] StepDef - clicked on login button
[INFO ] 2026-09-15 12:01:22.696 [main] StepDef - LOGIN UNSUCCESSFUL - Dashboard is not displayed as expected.
[INFO ] 2026-09-15 12:01:26.641 [main] StepDef - Setup-DDT method executed..
[INFO ] 2026-09-15 12:01:26.657 [main] StepDef - chrome browser launched
[INFO ] 2026-09-15 12:01:29.304 [main] StepDef - URL opened
[INFO ] 2026-09-15 12:01:30.239 [main] StepDef - username and password entered
[INFO ] 2026-09-15 12:01:31.346 [main] StepDef - clicked on login button
[INFO ] 2026-09-15 12:01:34.400 [main] StepDef - LOGIN UNSUCCESSFUL - Dashboard is not displayed as expected.
[INFO ] 2026-09-15 12:01:38.238 [main] StepDef - Setup-DDT method executed..
[INFO ] 2026-09-15 12:01:38.250 [main] StepDef - chrome browser launched
[INFO ] 2026-09-15 12:01:40.251 [main] StepDef - URL opened
[INFO ] 2026-09-15 12:01:40.910 [main] StepDef - username and password entered
[INFO ] 2026-09-15 12:01:41.171 [main] StepDef - clicked on login button
[INFO ] 2026-09-15 12:01:44.257 [main] StepDef - LOGIN UNSUCCESSFUL - Dashboard is not displayed as expected.
[INFO ] 2026-09-15 12:01:48.483 [main] StepDef - Setup-DDT method executed..
[INFO ] 2026-09-15 12:01:48.489 [main] StepDef - chrome browser launched
[INFO ] 2026-09-15 12:01:50.730 [main] StepDef - URL opened
[INFO ] 2026-09-15 12:01:51.367 [main] StepDef - username and password entered
[INFO ] 2026-09-15 12:01:51.696 [main] StepDef - clicked on login button
[INFO ] 2026-09-15 12:01:54.757 [main] StepDef - LOGIN UNSUCCESSFUL - Dashboard is not displayed as expected.
[INFO ] 2026-09-15 12:01:58.734 [main] StepDef - Setup-DDT method executed..
[INFO ] 2026-09-15 12:01:58.743 [main] StepDef - chrome browser launched
[INFO ] 2026-09-15 12:02:00.836 [main] StepDef - URL opened
[INFO ] 2026-09-15 12:02:01.484 [main] StepDef - username and password entered
[INFO ] 2026-09-15 12:02:01.756 [main] StepDef - clicked on login button
[INFO ] 2026-09-15 12:02:04.822 [main] StepDef - LOGIN UNSUCCESSFUL - Dashboard is not displayed as expected.
[INFO ] 2026-09-15 12:02:08.820 [main] StepDef - Setup-DDT method executed..
[INFO ] 2026-09-15 12:02:08.831 [main] StepDef - chrome browser launched
[INFO ] 2026-09-15 12:02:11.067 [main] StepDef - URL opened
[INFO ] 2026-09-15 12:02:11.685 [main] StepDef - username and password entered
[INFO ] 2026-09-15 12:02:12.056 [main] StepDef - clicked on login button
[INFO ] 2026-09-15 12:02:15.135 [main] StepDef - LOGIN UNSUCCESSFUL - Dashboard is not displayed as expected.
[INFO ] 2026-09-15 12:02:19.108 [main] StepDef - Setup-DDT method executed..
[INFO ] 2026-09-15 12:02:19.117 [main] StepDef - chrome browser launched
[INFO ] 2026-09-15 12:02:21.272 [main] StepDef - URL opened
[INFO ] 2026-09-15 12:02:21.939 [main] StepDef - username and password entered
[INFO ] 2026-09-15 12:02:22.232 [main] StepDef - clicked on login button
[INFO ] 2026-09-15 12:02:25.304 [main] StepDef - LOGIN UNSUCCESSFUL - Dashboard is not displayed as expected.
[INFO ] 2026-09-15 12:02:29.613 [main] StepDef - Setup-Smoke method executed
[INFO ] 2026-09-15 12:02:29.652 [main] StepDef - chrome browser launched
[INFO ] 2026-09-15 12:02:31.824 [main] StepDef - URL opened
[INFO ] 2026-09-15 12:02:32.809 [main] StepDef - username and password entered
[INFO ] 2026-09-15 12:02:34.264 [main] StepDef - clicked on login button
[INFO ] 2026-09-15 12:02:37.325 [main] StepDef - Test passed: Login feature: User is able to see dashboard text
[INFO ] 2026-09-15 12:02:37.513 [main] StepDef - User clicks on Property Survey menu
[INFO ] 2026-09-15 12:02:39.661 [main] StepDef - user can view Survey Report submenu of Property Survey menu
[INFO ] 2026-09-15 12:02:39.755 [main] StepDef - user can view Survey Summary Report submenu of Property Survey menu
[INFO ] 2026-09-15 12:02:39.850 [main] StepDef - user can view Survey Team Summary submenu of Property Survey menu
[INFO ] 2026-09-15 12:02:39.940 [main] StepDef - user can view Survey Assessed List submenu of Property Survey menu
[INFO ] 2026-09-15 12:02:40.037 [main] StepDef - user can view Survey Assessed Report submenu of Property Survey menu
[INFO ] 2026-09-15 12:02:40.130 [main] StepDef - user can view Wardwise Survey Report submenu of Property Survey menu
[INFO ] 2026-09-15 12:02:40.219 [main] StepDef - user can view Survey Pending Report submenu of Property Survey menu
[INFO ] 2026-09-15 12:02:40.301 [main] StepDef - user can view Survey Level Summary Report submenu of Property Survey menu
[INFO ] 2026-09-15 12:02:40.375 [main] StepDef - user can view Survey Level Summary Report submenu of Property Survey menu
[INFO ] 2026-09-15 12:02:40.509 [main] StepDef - user can view Userwise Forward Summary submenu of Property Survey menu
[INFO ] 2026-09-15 12:02:40.651 [main] StepDef - user can view Userwise Survey Edit Report submenu of Property Survey menu
[INFO ] 2026-09-15 12:02:40.770 [main] StepDef - user can view Survey Modification Report submenu of Property Survey menu
[INFO ] 2026-09-15 12:02:40.881 [main] StepDef - user can view Survey Geotagging Report submenu of Property Survey menu
[INFO ] 2026-09-15 12:02:41.049 [main] StepDef - user can view Ex-Party Survey Notice submenu of Property Survey menu
[INFO ] 2026-09-15 12:02:41.161 [main] StepDef - user can view Survey Notice List submenu of Property Survey menu
[INFO ] 2026-09-15 12:02:41.309 [main] StepDef - user can view Bulk Survey Notice Print submenu of Property Survey menu
[INFO ] 2026-09-15 12:02:41.462 [main] StepDef - user can view Survey Notice Received List submenu of Property Survey menu
[INFO ] 2026-09-15 12:02:41.585 [main] StepDef - user can view Survey Notice Received Report submenu of Property Survey menu
[INFO ] 2026-09-15 12:02:41.660 [main] StepDef - user can view Survey Notice Distributed Report submenu of Property Survey menu
[INFO ] 2026-09-15 12:02:41.764 [main] StepDef - user can view Survey Demand Report submenu of Property Survey menu
[INFO ] 2026-09-15 12:02:41.880 [main] StepDef - user can view Survey GIS Update submenu of Property Survey menu
[INFO ] 2026-09-15 12:02:41.977 [main] StepDef - user can view Survey Visit Report submenu of Property Survey menu
[INFO ] 2026-09-15 12:02:42.106 [main] StepDef - user can view TL Survey Visit submenu of Property Survey menu
[INFO ] 2026-09-15 12:02:42.267 [main] StepDef - user can view TL Survey Visit Report submenu of Property Survey menu
[INFO ] 2026-09-15 12:02:47.039 [main] StepDef - Setup-Smoke method executed
[INFO ] 2026-09-15 12:02:47.064 [main] StepDef - chrome browser launched
[INFO ] 2026-09-15 12:02:49.062 [main] StepDef - URL opened
[INFO ] 2026-09-15 12:02:49.836 [main] StepDef - username and password entered
[INFO ] 2026-09-15 12:02:51.403 [main] StepDef - clicked on login button
[INFO ] 2026-09-15 12:02:54.491 [main] StepDef - Test passed: Login feature: User is able to see dashboard text
[INFO ] 2026-09-15 12:02:54.660 [main] StepDef - User clicks on UD Tax menu
[INFO ] 2026-09-15 12:02:56.747 [main] StepDef - User is able to see Search Propety submenu
[INFO ] 2026-09-15 12:02:56.798 [main] StepDef - User is able to see Document Upload submenu
[INFO ] 2026-09-15 12:02:56.846 [main] StepDef - User is able to see Update Property Details submenu
[INFO ] 2026-09-15 12:02:56.892 [main] StepDef - User is able to see Last Payment Update submenu
[INFO ] 2026-09-15 12:02:56.939 [main] StepDef - User is able to see Update Owner Details submenu
[INFO ] 2026-09-15 12:02:56.982 [main] StepDef - User is able to see Property Deativate submenu
[INFO ] 2026-09-15 12:02:57.033 [main] StepDef - User is able to see Ward Update submenu
[INFO ] 2026-09-15 12:02:57.077 [main] StepDef - User is able to see Adjustment submenu
[INFO ] 2026-09-15 12:02:57.129 [main] StepDef - User is able to see House Tax Last Payment Update submenu
[INFO ] 2026-09-15 12:02:57.177 [main] StepDef - User is able to see TL Property Visit submenu
[INFO ] 2026-09-15 12:02:57.218 [main] StepDef - User is able to see DN Notice Distribution submenu
[INFO ] 2026-09-15 12:03:01.098 [main] StepDef - Setup-Regression method executed
[INFO ] 2026-09-15 12:03:01.112 [main] StepDef - chrome browser launched
[INFO ] 2026-09-15 12:03:03.224 [main] StepDef - URL opened
[INFO ] 2026-09-15 12:03:03.946 [main] StepDef - username and password entered
[INFO ] 2026-09-15 12:03:05.703 [main] StepDef - clicked on login button
[INFO ] 2026-09-15 12:03:08.768 [main] StepDef - Test passed: Login feature: User is able to see dashboard text
[INFO ] 2026-09-15 12:03:08.936 [main] StepDef - User clicks on UD Tax menu
[INFO ] 2026-09-15 12:03:11.550 [main] StepDef - user clicks on search property submenu
[INFO ] 2026-09-15 12:03:13.598 [main] StepDef - user can see search property page
[INFO ] 2026-09-15 12:03:13.852 [main] StepDef - user select ward no.
[INFO ] 2026-09-15 12:03:14.259 [main] StepDef - user click on search button
[INFO ] 2026-09-15 12:03:19.135 [main] StepDef - Setup-Regression method executed
[INFO ] 2026-09-15 12:03:19.144 [main] StepDef - chrome browser launched
[INFO ] 2026-09-15 12:03:22.300 [main] StepDef - URL opened
[INFO ] 2026-09-15 12:03:23.251 [main] StepDef - username and password entered
[INFO ] 2026-09-15 12:03:24.547 [main] StepDef - clicked on login button
[INFO ] 2026-09-15 12:03:27.631 [main] StepDef - Test passed: Login feature: User is able to see dashboard text
[INFO ] 2026-09-15 12:03:27.808 [main] StepDef - User clicks on UD Tax menu
[INFO ] 2026-09-15 12:03:30.651 [main] StepDef - user clicks on document upload submenu
[INFO ] 2026-09-15 12:03:32.877 [main] StepDef - user can see search property page
[INFO ] 2026-09-15 12:03:33.471 [main] StepDef - user select ward no.
[INFO ] 2026-09-15 12:03:34.008 [main] StepDef - user click on search button
[INFO ] 2026-09-15 12:03:39.169 [main] StepDef - Setup-Regression method executed
[INFO ] 2026-09-15 12:03:39.176 [main] StepDef - chrome browser launched
[INFO ] 2026-09-15 12:03:41.180 [main] StepDef - URL opened
[INFO ] 2026-09-15 12:03:41.914 [main] StepDef - username and password entered
[INFO ] 2026-09-15 12:03:43.358 [main] StepDef - clicked on login button
[INFO ] 2026-09-15 12:03:46.426 [main] StepDef - Test passed: Login feature: User is able to see dashboard text
[INFO ] 2026-09-15 12:03:46.602 [main] StepDef - User clicks on UD Tax menu
[INFO ] 2026-09-15 12:03:49.202 [main] StepDef - user clicks on update property details submenu
[INFO ] 2026-09-15 12:03:51.270 [main] StepDef - user can see search property page
[INFO ] 2026-09-15 12:03:51.720 [main] StepDef - user select ward no.
[INFO ] 2026-09-15 12:03:52.233 [main] StepDef - user click on search button
[INFO ] 2026-09-15 12:03:57.830 [main] StepDef - Setup-Regression method executed
[INFO ] 2026-09-15 12:03:57.836 [main] StepDef - chrome browser launched
[INFO ] 2026-09-15 12:03:59.895 [main] StepDef - URL opened
[INFO ] 2026-09-15 12:04:00.645 [main] StepDef - username and password entered
[INFO ] 2026-09-15 12:04:02.301 [main] StepDef - clicked on login button
[INFO ] 2026-09-15 12:04:05.374 [main] StepDef - Test passed: Login feature: User is able to see dashboard text
[INFO ] 2026-09-15 12:04:05.542 [main] StepDef - User clicks on UD Tax menu
[INFO ] 2026-09-15 12:04:08.141 [main] StepDef - user clicks on last payment update submenu
[INFO ] 2026-09-15 12:04:10.200 [main] StepDef - user can see search property page
[INFO ] 2026-09-15 12:04:10.544 [main] StepDef - user select ward no.
[INFO ] 2026-09-15 12:04:11.082 [main] StepDef - user click on search button
[INFO ] 2026-09-15 12:04:11.799 [main] StepDef - user can see property list page
[INFO ] 2026-09-15 12:04:15.863 [main] StepDef - Setup-Regression method executed
[INFO ] 2026-09-15 12:04:15.877 [main] StepDef - chrome browser launched
[INFO ] 2026-09-15 12:04:18.045 [main] StepDef - URL opened
[INFO ] 2026-09-15 12:04:18.920 [main] StepDef - username and password entered
[INFO ] 2026-09-15 12:04:20.713 [main] StepDef - clicked on login button
[INFO ] 2026-09-15 12:04:23.791 [main] StepDef - Test passed: Login feature: User is able to see dashboard text
[INFO ] 2026-09-15 12:04:23.953 [main] StepDef - User clicks on UD Tax menu
[INFO ] 2026-09-15 12:04:26.629 [main] StepDef - user clicks on update owner details submenu
[INFO ] 2026-09-15 12:04:28.702 [main] StepDef - user can see search property page
[INFO ] 2026-09-15 12:04:29.093 [main] StepDef - user select ward no.
[INFO ] 2026-09-15 12:04:30.321 [main] StepDef - user click on search button
[INFO ] 2026-09-15 12:04:30.465 [main] StepDef - user can see property list page
[INFO ] 2026-09-15 12:04:34.830 [main] StepDef - Setup-Regression method executed
[INFO ] 2026-09-15 12:04:34.841 [main] StepDef - chrome browser launched
[INFO ] 2026-09-15 12:04:37.059 [main] StepDef - URL opened
[INFO ] 2026-09-15 12:04:38.647 [main] StepDef - username and password entered
[INFO ] 2026-09-15 12:04:40.237 [main] StepDef - clicked on login button
[INFO ] 2026-09-15 12:04:43.298 [main] StepDef - Test passed: Login feature: User is able to see dashboard text
[INFO ] 2026-09-15 12:04:43.496 [main] StepDef - User clicks on UD Tax menu
[INFO ] 2026-09-15 12:04:46.359 [main] StepDef - user clicks on property deactivate submenu
[INFO ] 2026-09-15 12:04:48.415 [main] StepDef - user can see search property page
[INFO ] 2026-09-15 12:04:48.719 [main] StepDef - user select ward no.
[INFO ] 2026-09-15 12:04:49.138 [main] StepDef - user click on search button
[INFO ] 2026-09-15 12:04:49.770 [main] StepDef - user can see property list page
[INFO ] 2026-09-15 12:04:54.641 [main] StepDef - Setup-Regression method executed
[INFO ] 2026-09-15 12:04:54.651 [main] StepDef - chrome browser launched
[INFO ] 2026-09-15 12:04:56.720 [main] StepDef - URL opened
[INFO ] 2026-09-15 12:04:57.502 [main] StepDef - username and password entered
[INFO ] 2026-09-15 12:04:59.342 [main] StepDef - clicked on login button
[INFO ] 2026-09-15 12:05:02.399 [main] StepDef - Test passed: Login feature: User is able to see dashboard text
[INFO ] 2026-09-15 12:05:02.589 [main] StepDef - User clicks on UD Tax menu
[INFO ] 2026-09-15 12:05:05.342 [main] StepDef - user clicks on ward update submenu
[INFO ] 2026-09-15 12:05:07.405 [main] StepDef - user can see search property page
[INFO ] 2026-09-15 12:05:07.743 [main] StepDef - user select ward no.
[INFO ] 2026-09-15 12:05:08.234 [main] StepDef - user click on search button
[INFO ] 2026-09-15 12:05:08.952 [main] StepDef - user can see property list page
[INFO ] 2026-09-15 12:05:15.008 [main] StepDef - Setup-Regression method executed
[INFO ] 2026-09-15 12:05:15.014 [main] StepDef - chrome browser launched
[INFO ] 2026-09-15 12:05:17.828 [main] StepDef - URL opened
[INFO ] 2026-09-15 12:05:18.727 [main] StepDef - username and password entered
[INFO ] 2026-09-15 12:05:20.290 [main] StepDef - clicked on login button
[INFO ] 2026-09-15 12:05:23.346 [main] StepDef - Test passed: Login feature: User is able to see dashboard text
[INFO ] 2026-09-15 12:05:23.525 [main] StepDef - User clicks on UD Tax menu
[INFO ] 2026-09-15 12:05:26.294 [main] StepDef - user clicks on ward update submenu
[INFO ] 2026-09-15 12:05:28.371 [main] StepDef - user can see search property page
[INFO ] 2026-09-15 12:05:28.741 [main] StepDef - user select ward no.
[INFO ] 2026-09-15 12:05:29.276 [main] StepDef - user click on search button
[INFO ] 2026-09-15 12:05:35.689 [main] StepDef - Setup-Regression method executed
[INFO ] 2026-09-15 12:05:35.694 [main] StepDef - chrome browser launched
[INFO ] 2026-09-15 12:05:37.760 [main] StepDef - URL opened
[INFO ] 2026-09-15 12:05:38.621 [main] StepDef - username and password entered
[INFO ] 2026-09-15 12:05:40.409 [main] StepDef - clicked on login button
[INFO ] 2026-09-15 12:05:43.473 [main] StepDef - Test passed: Login feature: User is able to see dashboard text
[INFO ] 2026-09-15 12:05:43.661 [main] StepDef - User clicks on UD Tax menu
[INFO ] 2026-09-15 12:05:46.354 [main] StepDef - user clicks on house tax last payment update submenu
[INFO ] 2026-09-15 12:05:48.425 [main] StepDef - user can see search property page
[INFO ] 2026-09-15 12:05:48.867 [main] StepDef - user select ward no.
[INFO ] 2026-09-15 12:05:49.583 [main] StepDef - user click on search button
[INFO ] 2026-09-15 12:05:50.159 [main] StepDef - user can see property list page
[INFO ] 2026-09-15 12:05:54.691 [main] StepDef - Setup-Regression method executed
[INFO ] 2026-09-15 12:05:54.701 [main] StepDef - chrome browser launched
[INFO ] 2026-09-15 12:05:56.830 [main] StepDef - URL opened
[INFO ] 2026-09-15 12:05:57.587 [main] StepDef - username and password entered
[INFO ] 2026-09-15 12:05:59.184 [main] StepDef - clicked on login button
[INFO ] 2026-09-15 12:06:02.246 [main] StepDef - Test passed: Login feature: User is able to see dashboard text
[INFO ] 2026-09-15 12:06:02.428 [main] StepDef - User clicks on UD Tax menu
[INFO ] 2026-09-15 12:06:05.233 [main] StepDef - user clicks on DN notice distribution submenu
[INFO ] 2026-09-15 12:06:07.298 [main] StepDef - user can see search property page
[INFO ] 2026-09-15 12:06:07.618 [main] StepDef - user select ward no.
[INFO ] 2026-09-15 12:06:08.136 [main] StepDef - user click on search button
[INFO ] 2026-09-15 12:06:14.278 [main] StepDef - Setup-Smoke method executed
[INFO ] 2026-09-15 12:06:14.285 [main] StepDef - chrome browser launched
[INFO ] 2026-09-15 12:06:14.692 [main] StepDef - URL opened
[INFO ] 2026-09-15 12:06:17.379 [main] StepDef - username and password entered
[INFO ] 2026-09-15 12:06:18.934 [main] StepDef - clicked on login button
[INFO ] 2026-09-15 12:06:22.017 [main] StepDef - Test passed: Login feature: User is able to see dashboard text
[INFO ] 2026-09-15 12:06:22.190 [main] StepDef - User clicks on UD Tax Report menu
[INFO ] 2026-09-15 12:06:24.266 [main] StepDef - user can view counter report submenu of UDTax Report menu
[INFO ] 2026-09-15 12:06:24.312 [main] StepDef - user can view TC Collection Summary submenu of UDTax Report menu
[INFO ] 2026-09-15 12:06:24.359 [main] StepDef - user can view DCB Report submenu of UDTax Report menu
[INFO ] 2026-09-15 12:06:24.404 [main] StepDef - user can view SAF Report submenu of UDTax Report menu
[INFO ] 2026-09-15 12:06:24.449 [main] StepDef - user can view Zone and Ward Wise Collection Report submenu of UDTax Report menu
[INFO ] 2026-09-15 12:06:24.492 [main] StepDef - user can view Payment Mode Wise Collection submenu of UDTax Report menu
[INFO ] 2026-09-15 12:06:24.536 [main] StepDef - user can view ULB Report submenu of UDTax Report menu
[INFO ] 2026-09-15 12:06:24.581 [main] StepDef - user can view Transaction Deactivate Report submenu of UDTax Report menu
[INFO ] 2026-09-15 12:06:24.715 [main] StepDef - user can view ALL Module TC Summary submenu of UDTax Report menu
[INFO ] 2026-09-15 12:06:24.824 [main] StepDef - user can view Cheque Bounce Report submenu of UDTax Report menu
[INFO ] 2026-09-15 12:06:24.934 [main] StepDef - user can view Print All Payment Reciept submenu of UDTax Report menu
[INFO ] 2026-09-15 12:06:25.024 [main] StepDef - user can view Taxable Property Report submenu of UDTax Report menu
[INFO ] 2026-09-15 12:06:25.161 [main] StepDef - user can view PropertyWise DCB submenu of UDTax Report menu
[INFO ] 2026-09-15 12:06:25.272 [main] StepDef - user can view Htax DCB Report submenu of UDTax Report menu
[INFO ] 2026-09-15 12:06:25.388 [main] StepDef - user can view Print All Demand Reciept submenu of UDTax Report menu
[INFO ] 2026-09-15 12:06:25.515 [main] StepDef - user can view Variation Report submenu of UDTax Report menu
[INFO ] 2026-09-15 12:06:25.631 [main] StepDef - user can view Reassesment Diff submenu of UDTax Report menu
[INFO ] 2026-09-15 12:06:25.752 [main] StepDef - user can view Cheque Bounced Collection Report submenu of UDTax Report menu
[INFO ] 2026-09-15 12:06:25.873 [main] StepDef - user can view Re-verification Difference Report submenu of UDTax Report menu
[INFO ] 2026-09-15 12:06:25.997 [main] StepDef - user can view Tax Collection Report submenu of UDTax Report menu
[INFO ] 2026-09-15 12:06:26.126 [main] StepDef - user can view Appti List submenu of UDTax Report menu
[INFO ] 2026-09-15 12:06:26.267 [main] StepDef - user can view Apptti Pending Report submenu of UDTax Report menu
[INFO ] 2026-09-15 12:06:26.390 [main] StepDef - user can view Appti Reject List submenu of UDTax Report menu
[INFO ] 2026-09-15 12:06:26.638 [main] StepDef - user can view TC Visit Report submenu of UDTax Report menu
[INFO ] 2026-09-15 12:06:26.737 [main] StepDef - user can view TC Visit Summary submenu of UDTax Report menu
[INFO ] 2026-09-15 12:06:26.843 [main] StepDef - user can view Property Wise TC Visit submenu of UDTax Report menu
[INFO ] 2026-09-15 12:06:26.979 [main] StepDef - user can view TL Visit Report submenu of UDTax Report menu
[INFO ] 2026-09-15 12:06:27.084 [main] StepDef - user can view All Updation Report submenu of UDTax Report menu
[INFO ] 2026-09-15 12:06:27.166 [main] StepDef - user can view DN130 Distribution Reports submenu of UDTax Report menu
[INFO ] 2026-09-15 12:06:31.050 [main] StepDef - Setup-Regression method executed
[INFO ] 2026-09-15 12:06:31.053 [main] StepDef - chrome browser launched
[INFO ] 2026-09-15 12:06:33.098 [main] StepDef - URL opened
[INFO ] 2026-09-15 12:06:33.849 [main] StepDef - username and password entered
[INFO ] 2026-09-15 12:06:35.530 [main] StepDef - clicked on login button
[INFO ] 2026-09-15 12:06:38.592 [main] StepDef - Test passed: Login feature: User is able to see dashboard text
[INFO ] 2026-09-15 12:06:38.759 [main] StepDef - User clicks on UD Tax Report menu
[INFO ] 2026-09-15 12:06:41.512 [main] StepDef - user clicks on counter report submenu
[INFO ] 2026-09-15 12:06:43.588 [main] StepDef - user can see counter report page
[INFO ] 2026-09-15 12:06:43.989 [main] StepDef - user clicks on search button
[INFO ] 2026-09-15 12:06:48.643 [main] StepDef - Setup-Regression method executed
[INFO ] 2026-09-15 12:06:48.648 [main] StepDef - chrome browser launched
[INFO ] 2026-09-15 12:06:50.626 [main] StepDef - URL opened
[INFO ] 2026-09-15 12:06:51.339 [main] StepDef - username and password entered
[INFO ] 2026-09-15 12:06:52.939 [main] StepDef - clicked on login button
[INFO ] 2026-09-15 12:06:56.015 [main] StepDef - Test passed: Login feature: User is able to see dashboard text
[INFO ] 2026-09-15 12:06:56.185 [main] StepDef - User clicks on UD Tax Report menu
[INFO ] 2026-09-15 12:06:58.915 [main] StepDef - user clicks on TC collection summary submenu
[INFO ] 2026-09-15 12:07:00.981 [main] StepDef - user can see TC collection summary page
[INFO ] 2026-09-15 12:07:01.644 [main] StepDef - user clicks on search button of TC collection summary page
[INFO ] 2026-09-15 12:07:01.817 [main] StepDef - user can see report of TC collection summary page
[INFO ] 2026-09-15 12:07:06.572 [main] StepDef - Setup-Regression method executed
[INFO ] 2026-09-15 12:07:06.575 [main] StepDef - chrome browser launched
[INFO ] 2026-09-15 12:07:08.649 [main] StepDef - URL opened
[INFO ] 2026-09-15 12:07:09.443 [main] StepDef - username and password entered
[INFO ] 2026-09-15 12:07:11.099 [main] StepDef - clicked on login button
[INFO ] 2026-09-15 12:07:14.170 [main] StepDef - Test passed: Login feature: User is able to see dashboard text
[INFO ] 2026-09-15 12:07:14.333 [main] StepDef - User clicks on UD Tax Report menu
[INFO ] 2026-09-15 12:07:17.628 [main] StepDef - user clicks on DCB Report submenu
[INFO ] 2026-09-15 12:07:19.703 [main] StepDef - user can see DCB ULB Wise page
[INFO ] 2026-09-15 12:07:20.013 [main] StepDef - user clicks on search button of DCB ULB Wise page
[INFO ] 2026-09-15 12:07:22.154 [main] StepDef - user can see total demand and total collection of DCB ULB Wise page
[INFO ] 2026-09-15 12:07:26.800 [main] StepDef - Setup-Regression method executed
[INFO ] 2026-09-15 12:07:26.803 [main] StepDef - chrome browser launched
[INFO ] 2026-09-15 12:07:29.024 [main] StepDef - URL opened
[INFO ] 2026-09-15 12:07:29.750 [main] StepDef - username and password entered
[INFO ] 2026-09-15 12:07:31.498 [main] StepDef - clicked on login button
[INFO ] 2026-09-15 12:07:34.552 [main] StepDef - Test passed: Login feature: User is able to see dashboard text
[INFO ] 2026-09-15 12:07:34.724 [main] StepDef - User clicks on UD Tax Report menu
[INFO ] 2026-09-15 12:07:37.404 [main] StepDef - user clicks on SAF Report submenu
[INFO ] 2026-09-15 12:07:39.499 [main] StepDef - user can see saf Report page
[INFO ] 2026-09-15 12:07:39.886 [main] StepDef - user clicks on search button of saf Report page
[INFO ] 2026-09-15 12:07:44.980 [main] StepDef - Setup-Smoke method executed
[INFO ] 2026-09-15 12:07:44.983 [main] StepDef - chrome browser launched
[INFO ] 2026-09-15 12:07:47.043 [main] StepDef - URL opened
[INFO ] 2026-09-15 12:07:47.745 [main] StepDef - username and password entered
[INFO ] 2026-09-15 12:07:49.430 [main] StepDef - clicked on login button
[INFO ] 2026-09-15 12:07:52.510 [main] StepDef - Test passed: Login feature: User is able to see dashboard text
[INFO ] 2026-09-15 12:07:52.682 [main] StepDef - clicked on UD Tax Menu
[INFO ] 2026-09-15 12:07:54.750 [main] StepDef - user can view Road Type submenu
[INFO ] 2026-09-15 12:07:54.795 [main] StepDef - user can view Usage Type submenu
[INFO ] 2026-09-15 12:07:54.840 [main] StepDef - user can view Usage SubCategory Master submenu
[INFO ] 2026-09-15 12:07:54.884 [main] StepDef - user can view Sub Category Details submenu
[INFO ] 2026-09-15 12:07:54.927 [main] StepDef - user can view DLC rate master submenu
[INFO ] 2026-09-15 12:07:54.971 [main] StepDef - user can view DLC Search submenu
[INFO ] 2026-09-15 12:14:15.219 [main] StepDef - Setup-Regression method executed
[INFO ] 2026-09-15 12:14:15.482 [main] StepDef - chrome browser launched
[INFO ] 2026-09-15 12:14:17.753 [main] StepDef - URL opened
[INFO ] 2026-09-15 12:14:18.678 [main] StepDef - username and password entered
[INFO ] 2026-09-15 12:14:20.095 [main] StepDef - clicked on login button
[INFO ] 2026-09-15 12:14:23.176 [main] StepDef - Test passed: Login feature: User is able to see dashboard text
[INFO ] 2026-09-15 12:14:23.372 [main] StepDef - User clicks on UD Tax menu
[INFO ] 2026-09-15 12:14:26.319 [main] StepDef - user clicks on search property submenu
[INFO ] 2026-09-15 12:14:28.431 [main] StepDef - user can see search property page
[INFO ] 2026-09-15 12:14:28.937 [main] StepDef - user select ward no.
[INFO ] 2026-09-15 12:14:29.973 [main] StepDef - user click on search button
[INFO ] 2026-09-15 12:14:30.673 [main] StepDef - user can see property list page
[INFO ] 2026-09-15 12:14:35.061 [main] StepDef - Setup-Regression method executed
[INFO ] 2026-09-15 12:14:35.119 [main] StepDef - chrome browser launched
[INFO ] 2026-09-15 12:14:37.366 [main] StepDef - URL opened
[INFO ] 2026-09-15 12:14:38.376 [main] StepDef - username and password entered
[INFO ] 2026-09-15 12:14:39.908 [main] StepDef - clicked on login button
[INFO ] 2026-09-15 12:14:42.975 [main] StepDef - Test passed: Login feature: User is able to see dashboard text
[INFO ] 2026-09-15 12:14:43.171 [main] StepDef - User clicks on UD Tax menu
[INFO ] 2026-09-15 12:14:45.872 [main] StepDef - user clicks on document upload submenu
[INFO ] 2026-09-15 12:14:47.964 [main] StepDef - user can see search property page
[INFO ] 2026-09-15 12:14:48.386 [main] StepDef - user select ward no.
[INFO ] 2026-09-15 12:14:49.454 [main] StepDef - user click on search button
[INFO ] 2026-09-15 12:14:49.618 [main] StepDef - user can see property list page
[INFO ] 2026-09-15 12:14:53.891 [main] StepDef - Setup-Regression method executed
[INFO ] 2026-09-15 12:14:53.925 [main] StepDef - chrome browser launched
[INFO ] 2026-09-15 12:15:09.140 [main] StepDef - URL opened
[INFO ] 2026-09-15 12:15:10.655 [main] StepDef - username and password entered
[INFO ] 2026-09-15 12:15:12.970 [main] StepDef - clicked on login button
[INFO ] 2026-09-15 12:15:16.046 [main] StepDef - Test passed: Login feature: User is able to see dashboard text
[INFO ] 2026-09-15 12:15:16.214 [main] StepDef - User clicks on UD Tax menu
[INFO ] 2026-09-15 12:15:18.793 [main] StepDef - user clicks on update property details submenu
[INFO ] 2026-09-15 12:15:20.862 [main] StepDef - user can see search property page
[INFO ] 2026-09-15 12:15:21.114 [main] StepDef - user select ward no.
[INFO ] 2026-09-15 12:15:21.452 [main] StepDef - user click on search button
[INFO ] 2026-09-15 12:15:27.634 [main] StepDef - Setup-Regression method executed
[INFO ] 2026-09-15 12:15:27.664 [main] StepDef - chrome browser launched
[INFO ] 2026-09-15 12:15:29.933 [main] StepDef - URL opened
[INFO ] 2026-09-15 12:15:30.989 [main] StepDef - username and password entered
[INFO ] 2026-09-15 12:15:32.422 [main] StepDef - clicked on login button
[INFO ] 2026-09-15 12:15:35.490 [main] StepDef - Test passed: Login feature: User is able to see dashboard text
[INFO ] 2026-09-15 12:15:35.671 [main] StepDef - User clicks on UD Tax menu
[INFO ] 2026-09-15 12:15:38.441 [main] StepDef - user clicks on ward update submenu
[INFO ] 2026-09-15 12:15:40.532 [main] StepDef - user can see search property page
[INFO ] 2026-09-15 12:15:41.162 [main] StepDef - user select ward no.
[INFO ] 2026-09-15 12:15:41.737 [main] StepDef - user click on search button
[INFO ] 2026-09-15 12:15:42.485 [main] StepDef - user can see property list page
[INFO ] 2026-09-15 12:15:47.058 [main] StepDef - Setup-Regression method executed
[INFO ] 2026-09-15 12:15:47.073 [main] StepDef - chrome browser launched
[INFO ] 2026-09-15 12:15:49.349 [main] StepDef - URL opened
[INFO ] 2026-09-15 12:15:50.223 [main] StepDef - username and password entered
[INFO ] 2026-09-15 12:15:51.852 [main] StepDef - clicked on login button
[INFO ] 2026-09-15 12:15:54.925 [main] StepDef - Test passed: Login feature: User is able to see dashboard text
[INFO ] 2026-09-15 12:15:55.100 [main] StepDef - User clicks on UD Tax menu
[INFO ] 2026-09-15 12:15:57.974 [main] StepDef - user clicks on DN notice distribution submenu
[INFO ] 2026-09-15 12:16:00.102 [main] StepDef - user can see search property page
[INFO ] 2026-09-15 12:16:00.574 [main] StepDef - user select ward no.
[INFO ] 2026-09-15 12:16:01.182 [main] StepDef - user click on search button
[INFO ] 2026-09-15 12:16:01.828 [main] StepDef - user can see property list page
[INFO ] 2026-09-15 12:16:05.927 [main] StepDef - Setup-Regression method executed
[INFO ] 2026-09-15 12:16:05.938 [main] StepDef - chrome browser launched
[INFO ] 2026-09-15 12:16:08.100 [main] StepDef - URL opened
[INFO ] 2026-09-15 12:16:08.814 [main] StepDef - username and password entered
[INFO ] 2026-09-15 12:16:10.462 [main] StepDef - clicked on login button
[INFO ] 2026-09-15 12:16:13.533 [main] StepDef - Test passed: Login feature: User is able to see dashboard text
[INFO ] 2026-09-15 12:16:13.706 [main] StepDef - User clicks on UD Tax Report menu
[INFO ] 2026-09-15 12:16:16.365 [main] StepDef - user clicks on counter report submenu
[INFO ] 2026-09-15 12:16:18.470 [main] StepDef - user can see counter report page
[INFO ] 2026-09-15 12:16:19.220 [main] StepDef - user clicks on search button
[INFO ] 2026-09-15 12:16:19.470 [main] StepDef - user can see report
[INFO ] 2026-09-15 12:16:23.924 [main] StepDef - Setup-Regression method executed
[INFO ] 2026-09-15 12:16:23.939 [main] StepDef - chrome browser launched
[INFO ] 2026-09-15 12:16:24.287 [main] StepDef - URL opened
[INFO ] 2026-09-15 12:16:26.805 [main] StepDef - username and password entered
[INFO ] 2026-09-15 12:16:28.432 [main] StepDef - clicked on login button
[INFO ] 2026-09-15 12:16:31.493 [main] StepDef - Test passed: Login feature: User is able to see dashboard text
[INFO ] 2026-09-15 12:16:31.675 [main] StepDef - User clicks on UD Tax Report menu
[INFO ] 2026-09-15 12:16:34.369 [main] StepDef - user clicks on SAF Report submenu
[INFO ] 2026-09-15 12:16:36.477 [main] StepDef - user can see saf Report page
[INFO ] 2026-09-15 12:16:36.936 [main] StepDef - user clicks on search button of saf Report page
[INFO ] 2026-09-15 12:16:37.435 [main] StepDef - user can see property tax plain text of saf Report page
[INFO ] 2026-09-15 12:17:25.283 [main] StepDef - Setup-Regression method executed
[INFO ] 2026-09-15 12:17:25.534 [main] StepDef - chrome browser launched
[INFO ] 2026-09-15 12:17:27.683 [main] StepDef - URL opened
[INFO ] 2026-09-15 12:17:28.677 [main] StepDef - username and password entered
[INFO ] 2026-09-15 12:17:30.321 [main] StepDef - clicked on login button
[INFO ] 2026-09-15 12:17:33.401 [main] StepDef - Test passed: Login feature: User is able to see dashboard text
[INFO ] 2026-09-15 12:17:33.585 [main] StepDef - User clicks on UD Tax menu
[INFO ] 2026-09-15 12:17:36.507 [main] StepDef - user clicks on update property details submenu
[INFO ] 2026-09-15 12:17:38.744 [main] StepDef - user can see search property page
[INFO ] 2026-09-15 12:17:39.181 [main] StepDef - user select ward no.
[INFO ] 2026-09-15 12:17:39.852 [main] StepDef - user click on search button
[INFO ] 2026-09-15 12:17:40.817 [main] StepDef - user can see property list page
[INFO ] 2026-09-15 15:59:57.832 [main] StepDef - Setup-Smoke method executed
[INFO ] 2026-09-15 15:59:58.121 [main] StepDef - chrome browser launched
[INFO ] 2026-09-15 16:00:00.264 [main] StepDef - URL opened
[INFO ] 2026-09-15 16:00:01.111 [main] StepDef - username and password entered
[INFO ] 2026-09-15 16:00:02.537 [main] StepDef - clicked on login button
[INFO ] 2026-09-15 16:00:05.607 [main] StepDef - Test passed: Login feature: User is able to see dashboard text
[INFO ] 2026-09-15 16:00:08.081 [main] StepDef - user can view transaction deactivate submenu of Accounts menu
[INFO ] 2026-09-15 16:00:08.283 [main] StepDef - user can view cash verification submenu of Accounts menu
[INFO ] 2026-09-15 16:00:08.425 [main] StepDef - user can view bank deposit date entry submenu of Accounts menu
[INFO ] 2026-09-15 16:00:08.551 [main] StepDef - user can view bank reconciliation submenu of Accounts menu
[INFO ] 2026-09-15 16:00:08.686 [main] StepDef - user can view Payment Mode Update submenu of Accounts menu
[INFO ] 2026-09-15 16:00:08.881 [main] StepDef - user can view House Tax Transaction Deactivate submenu of Accounts menu
[INFO ] 2026-09-15 16:00:09.038 [main] StepDef - user can view House Tax Payment Mode Update submenu of Accounts menu
[INFO ] 2026-09-15 16:00:14.222 [main] StepDef - Setup-Smoke method executed
[INFO ] 2026-09-15 16:00:14.251 [main] StepDef - chrome browser launched
[INFO ] 2026-09-15 16:00:16.269 [main] StepDef - URL opened
[INFO ] 2026-09-15 16:00:17.091 [main] StepDef - username and password entered
[INFO ] 2026-09-15 16:00:18.853 [main] StepDef - clicked on login button
[INFO ] 2026-09-15 16:00:21.935 [main] StepDef - Test passed: Login feature: User is able to see dashboard text
[INFO ] 2026-09-15 16:00:22.108 [main] StepDef - clicked on Assessment Menu
[INFO ] 2026-09-15 16:00:24.181 [main] StepDef - User is able to see Reassessment submenu
[INFO ] 2026-09-15 16:00:24.239 [main] StepDef - User is able to see Reverification submenu
[INFO ] 2026-09-15 16:00:24.295 [main] StepDef - User is able to see Reverification TL submenu
[INFO ] 2026-09-15 16:00:24.354 [main] StepDef - User is able to see House Tax Entry submenu
[INFO ] 2026-09-15 16:00:24.406 [main] StepDef - User is able to see Legacy Entry submenu
[INFO ] 2026-09-15 16:00:24.460 [main] StepDef - User is able to see Edit New Assessment submenu
[INFO ] 2026-09-15 16:00:28.662 [main] StepDef - Setup-Regression method executed
[INFO ] 2026-09-15 16:00:28.686 [main] StepDef - chrome browser launched
[INFO ] 2026-09-15 16:00:30.790 [main] StepDef - URL opened
[INFO ] 2026-09-15 16:00:31.564 [main] StepDef - username and password entered
[INFO ] 2026-09-15 16:00:33.211 [main] StepDef - clicked on login button
[INFO ] 2026-09-15 16:00:36.279 [main] StepDef - Test passed: Login feature: User is able to see dashboard text
[INFO ] 2026-09-15 16:00:36.451 [main] StepDef - clicked on Assessment Menu
[INFO ] 2026-09-15 16:00:39.310 [main] StepDef - User clicks on House Tax Entry submenu of Assessment menu
[INFO ] 2026-09-15 16:00:42.404 [main] StepDef - User can see House Tax Entry page
[INFO ] 2026-09-15 16:00:49.843 [main] StepDef - User enters property details
[INFO ] 2026-09-15 16:00:51.171 [main] StepDef - User enters permanent address
[INFO ] 2026-09-15 16:00:51.346 [main] StepDef - User enters current address
[INFO ] 2026-09-15 16:00:52.791 [main] StepDef - User enters owner details
[INFO ] 2026-09-15 16:00:57.786 [main] StepDef - User enters floor details
[INFO ] 2026-09-15 16:01:00.797 [main] StepDef - User enters demand details
[INFO ] 2026-09-15 16:01:04.356 [main] StepDef - User clicks on view button
[INFO ] 2026-09-15 16:01:04.408 [main] StepDef - User can see House Tax Entry View Page
[INFO ] 2026-09-15 16:01:04.843 [main] StepDef - User clicks on save button
[INFO ] 2026-09-15 16:01:07.912 [main] StepDef - User can see House Tax Payment page
[INFO ] 2026-09-15 16:01:11.098 [main] StepDef - User enters payment details
[INFO ] 2026-09-15 16:01:11.538 [main] StepDef - User clicks on pay now button
[INFO ] 2026-09-15 16:01:14.605 [main] StepDef - User can see House Tax Payment Receipt Page
[INFO ] 2026-09-15 16:01:18.842 [main] StepDef - Setup-Regression method executed
[INFO ] 2026-09-15 16:01:18.858 [main] StepDef - chrome browser launched
[INFO ] 2026-09-15 16:01:20.979 [main] StepDef - URL opened
[INFO ] 2026-09-15 16:01:21.775 [main] StepDef - username and password entered
[INFO ] 2026-09-15 16:01:23.396 [main] StepDef - clicked on login button
[INFO ] 2026-09-15 16:01:26.484 [main] StepDef - Test passed: Login feature: User is able to see dashboard text
[INFO ] 2026-09-15 16:01:26.653 [main] StepDef - clicked on Assessment Menu
[INFO ] 2026-09-15 16:01:29.406 [main] StepDef - User clicks on Legacy Entry submenu of Assessment menu
[INFO ] 2026-09-15 16:01:31.509 [main] StepDef - User can see Legacy Entry page
[INFO ] 2026-09-15 16:01:36.427 [main] StepDef - User enters property details of Legacy Entry submenu
[INFO ] 2026-09-15 16:01:37.956 [main] StepDef - User enters permanent address of Legacy Entry submenu
[INFO ] 2026-09-15 16:01:38.141 [main] StepDef - User enters current address of Legacy Entry submenu
[INFO ] 2026-09-15 16:01:39.646 [main] StepDef - User enters owner details of Legacy Entry submenu
[INFO ] 2026-09-15 16:01:40.913 [main] StepDef - User enters tax details of Legacy Entry submenu
[INFO ] 2026-09-15 16:01:43.845 [main] StepDef - User clicks on save button of Legacy Entry submenu
[INFO ] 2026-09-15 16:01:43.904 [main] StepDef - User can see confirmation message
[INFO ] 2026-09-15 16:01:48.871 [main] StepDef - Setup-Smoke method executed
[INFO ] 2026-09-15 16:01:48.891 [main] StepDef - chrome browser launched
[INFO ] 2026-09-15 16:01:51.440 [main] StepDef - URL opened
[INFO ] 2026-09-15 16:01:52.381 [main] StepDef - username and password entered
[INFO ] 2026-09-15 16:01:54.064 [main] StepDef - clicked on login button
[INFO ] 2026-09-15 16:01:57.127 [main] StepDef - Test passed: Login feature: User is able to see dashboard text
[INFO ] 2026-09-15 16:01:57.292 [main] StepDef - User clicks on dashboard menu
[INFO ] 2026-09-15 16:01:59.402 [main] StepDef - user is able to see Work Report Dashboard submenu
[INFO ] 2026-09-15 16:01:59.479 [main] StepDef - user is able to see BOH Dashboard submenu
[INFO ] 2026-09-15 16:02:03.641 [main] StepDef - Setup-Regression method executed
[INFO ] 2026-09-15 16:02:03.656 [main] StepDef - chrome browser launched
[INFO ] 2026-09-15 16:02:05.821 [main] StepDef - URL opened
[INFO ] 2026-09-15 16:02:06.558 [main] StepDef - username and password entered
[INFO ] 2026-09-15 16:02:08.238 [main] StepDef - clicked on login button
[INFO ] 2026-09-15 16:02:11.302 [main] StepDef - Test passed: Login feature: User is able to see dashboard text
[INFO ] 2026-09-15 16:02:11.479 [main] StepDef - User clicks on dashboard menu
[INFO ] 2026-09-15 16:02:14.128 [main] StepDef - User clicks on Work Report Dashboard submenu
[INFO ] 2026-09-15 16:02:16.838 [main] StepDef - User clicks on search button of Work Report Dashboard
[INFO ] 2026-09-15 16:02:18.932 [main] StepDef - user can view Work Report Dashboard report
[INFO ] 2026-09-15 16:02:18.935 [main] StepDef - Browser closed
[INFO ] 2026-09-15 16:02:23.134 [main] StepDef - Setup-Regression method executed
[INFO ] 2026-09-15 16:02:23.144 [main] StepDef - chrome browser launched
[INFO ] 2026-09-15 16:02:25.321 [main] StepDef - URL opened
[INFO ] 2026-09-15 16:02:26.103 [main] StepDef - username and password entered
[INFO ] 2026-09-15 16:02:27.735 [main] StepDef - clicked on login button
[INFO ] 2026-09-15 16:02:30.801 [main] StepDef - Test passed: Login feature: User is able to see dashboard text
[INFO ] 2026-09-15 16:02:30.962 [main] StepDef - User clicks on dashboard menu
[INFO ] 2026-09-15 16:02:33.567 [main] StepDef - User clicks on Work BOH Dashboard submenu
[INFO ] 2026-09-15 16:02:36.384 [main] StepDef - User clicks on search button of BOH Dashboard
[INFO ] 2026-09-15 16:02:38.450 [main] StepDef - user can view report of BOH Dashboard
[INFO ] 2026-09-15 16:02:38.456 [main] StepDef - Browser closed
[INFO ] 2026-09-15 16:02:42.370 [main] StepDef - Setup-Smoke method executed
[INFO ] 2026-09-15 16:02:42.385 [main] StepDef - chrome browser launched
[INFO ] 2026-09-15 16:02:44.463 [main] StepDef - URL opened
[INFO ] 2026-09-15 16:02:45.149 [main] StepDef - username and password entered
[INFO ] 2026-09-15 16:02:46.970 [main] StepDef - clicked on login button
[INFO ] 2026-09-15 16:02:50.044 [main] StepDef - Test passed: Login feature: User is able to see dashboard text
[INFO ] 2026-09-15 16:02:50.223 [main] StepDef - User clicks on Inactive Property menu
[INFO ] 2026-09-15 16:02:52.357 [main] StepDef - user can view Inactive Property submenu of Inactive Property menu
[INFO ] 2026-09-15 16:02:52.452 [main] StepDef - user can view Inactive DCB submenu of Inactive Property menu
[INFO ] 2026-09-15 16:02:52.542 [main] StepDef - user can view Inactive Property Activity submenu of Inactive Property menu
[INFO ] 2026-09-15 16:02:56.507 [main] StepDef - Setup-Smoke method executed
[INFO ] 2026-09-15 16:02:56.539 [main] StepDef - chrome browser launched
[INFO ] 2026-09-15 16:02:59.066 [main] StepDef - URL opened
[INFO ] 2026-09-15 16:02:59.851 [main] StepDef - username and password entered
[INFO ] 2026-09-15 16:03:01.454 [main] StepDef - clicked on login button
[INFO ] 2026-09-15 16:03:04.533 [main] StepDef - Test passed: Login feature: User is able to see dashboard text
[INFO ] 2026-09-15 16:03:04.703 [main] StepDef - User clicks on Inactive Survey menu
[INFO ] 2026-09-15 16:03:06.829 [main] StepDef - user can view Inactive Survey submenu of Inactive Survey menu
[INFO ] 2026-09-15 16:03:06.928 [main] StepDef - user can view Inactive Survey Activity submenu of Inactive Survey menu
[INFO ] 2026-09-15 16:03:10.881 [main] StepDef - Setup-Regression method executed
[INFO ] 2026-09-15 16:03:15.022 [main] StepDef - Setup-Smoke method executed
[INFO ] 2026-09-15 16:03:15.047 [main] StepDef - chrome browser launched
[INFO ] 2026-09-15 16:03:17.683 [main] StepDef - URL opened
[INFO ] 2026-09-15 16:03:18.564 [main] StepDef - username and password entered
[INFO ] 2026-09-15 16:03:20.103 [main] StepDef - clicked on login button
[INFO ] 2026-09-15 16:03:23.206 [main] StepDef - Test passed: Login feature: User is able to see dashboard text
[INFO ] 2026-09-15 16:03:23.441 [main] StepDef - User clicked on super admin profile
[INFO ] 2026-09-15 16:03:28.615 [main] StepDef - User clicked on signout button
[INFO ] 2026-09-15 16:03:30.656 [main] StepDef - User is able to see login page of Nagar Palika Rawatsar
[INFO ] 2026-09-15 16:03:30.661 [main] StepDef - Browser closed
[INFO ] 2026-09-15 16:03:35.047 [main] StepDef - Setup-DDT method executed..
[INFO ] 2026-09-15 16:03:35.057 [main] StepDef - chrome browser launched
[INFO ] 2026-09-15 16:03:37.146 [main] StepDef - URL opened
[INFO ] 2026-09-15 16:03:37.854 [main] StepDef - username and password entered
[INFO ] 2026-09-15 16:03:39.636 [main] StepDef - clicked on login button
[INFO ] 2026-09-15 16:03:42.712 [main] StepDef - LOGIN SUCCESSFUL - Dashboard is displayed as expected.
[INFO ] 2026-09-15 16:03:46.629 [main] StepDef - Setup-DDT method executed..
[INFO ] 2026-09-15 16:03:46.637 [main] StepDef - chrome browser launched
[INFO ] 2026-09-15 16:03:48.771 [main] StepDef - URL opened
[INFO ] 2026-09-15 16:03:49.551 [main] StepDef - username and password entered
[INFO ] 2026-09-15 16:03:51.395 [main] StepDef - clicked on login button
[INFO ] 2026-09-15 16:03:54.473 [main] StepDef - LOGIN UNSUCCESSFUL - Dashboard is not displayed as expected.
[INFO ] 2026-09-15 16:03:58.389 [main] StepDef - Setup-DDT method executed..
[INFO ] 2026-09-15 16:03:58.409 [main] StepDef - chrome browser launched
[INFO ] 2026-09-15 16:04:00.492 [main] StepDef - URL opened
[INFO ] 2026-09-15 16:04:01.329 [main] StepDef - username and password entered
[INFO ] 2026-09-15 16:04:02.446 [main] StepDef - clicked on login button
[INFO ] 2026-09-15 16:04:05.499 [main] StepDef - LOGIN UNSUCCESSFUL - Dashboard is not displayed as expected.
[INFO ] 2026-09-15 16:04:09.512 [main] StepDef - Setup-DDT method executed..
[INFO ] 2026-09-15 16:04:09.527 [main] StepDef - chrome browser launched
[INFO ] 2026-09-15 16:04:11.676 [main] StepDef - URL opened
[INFO ] 2026-09-15 16:04:12.480 [main] StepDef - username and password entered
[INFO ] 2026-09-15 16:04:13.559 [main] StepDef - clicked on login button
[INFO ] 2026-09-15 16:04:16.622 [main] StepDef - LOGIN UNSUCCESSFUL - Dashboard is not displayed as expected.
[INFO ] 2026-09-15 16:04:20.472 [main] StepDef - Setup-DDT method executed..
[INFO ] 2026-09-15 16:04:20.481 [main] StepDef - chrome browser launched
[INFO ] 2026-09-15 16:04:22.531 [main] StepDef - URL opened
[INFO ] 2026-09-15 16:04:23.198 [main] StepDef - username and password entered
[INFO ] 2026-09-15 16:04:23.565 [main] StepDef - clicked on login button
[INFO ] 2026-09-15 16:04:26.628 [main] StepDef - LOGIN UNSUCCESSFUL - Dashboard is not displayed as expected.
[INFO ] 2026-09-15 16:04:30.574 [main] StepDef - Setup-DDT method executed..
[INFO ] 2026-09-15 16:04:30.583 [main] StepDef - chrome browser launched
[INFO ] 2026-09-15 16:04:32.697 [main] StepDef - URL opened
[INFO ] 2026-09-15 16:04:33.328 [main] StepDef - username and password entered
[INFO ] 2026-09-15 16:04:33.633 [main] StepDef - clicked on login button
[INFO ] 2026-09-15 16:04:36.717 [main] StepDef - LOGIN UNSUCCESSFUL - Dashboard is not displayed as expected.
[INFO ] 2026-09-15 16:04:40.576 [main] StepDef - Setup-DDT method executed..
[INFO ] 2026-09-15 16:04:40.588 [main] StepDef - chrome browser launched
[INFO ] 2026-09-15 16:04:42.623 [main] StepDef - URL opened
[INFO ] 2026-09-15 16:04:43.225 [main] StepDef - username and password entered
[INFO ] 2026-09-15 16:04:43.527 [main] StepDef - clicked on login button
[INFO ] 2026-09-15 16:04:46.597 [main] StepDef - LOGIN UNSUCCESSFUL - Dashboard is not displayed as expected.
[INFO ] 2026-09-15 16:04:50.460 [main] StepDef - Setup-DDT method executed..
[INFO ] 2026-09-15 16:04:50.475 [main] StepDef - chrome browser launched
[INFO ] 2026-09-15 16:04:52.556 [main] StepDef - URL opened
[INFO ] 2026-09-15 16:04:53.228 [main] StepDef - username and password entered
[INFO ] 2026-09-15 16:04:53.514 [main] StepDef - clicked on login button
[INFO ] 2026-09-15 16:04:56.593 [main] StepDef - LOGIN UNSUCCESSFUL - Dashboard is not displayed as expected.
[INFO ] 2026-09-15 16:05:00.513 [main] StepDef - Setup-DDT method executed..
[INFO ] 2026-09-15 16:05:00.525 [main] StepDef - chrome browser launched
[INFO ] 2026-09-15 16:05:02.607 [main] StepDef - URL opened
[INFO ] 2026-09-15 16:05:03.254 [main] StepDef - username and password entered
[INFO ] 2026-09-15 16:05:03.532 [main] StepDef - clicked on login button
[INFO ] 2026-09-15 16:05:06.612 [main] StepDef - LOGIN UNSUCCESSFUL - Dashboard is not displayed as expected.
[INFO ] 2026-09-15 16:05:10.792 [main] StepDef - Setup-Smoke method executed
[INFO ] 2026-09-15 16:05:10.799 [main] StepDef - chrome browser launched
[INFO ] 2026-09-15 16:05:12.851 [main] StepDef - URL opened
[INFO ] 2026-09-15 16:05:13.594 [main] StepDef - username and password entered
[INFO ] 2026-09-15 16:05:15.404 [main] StepDef - clicked on login button
[INFO ] 2026-09-15 16:05:18.476 [main] StepDef - Test passed: Login feature: User is able to see dashboard text
[INFO ] 2026-09-15 16:05:18.641 [main] StepDef - User clicks on Property Survey menu
[INFO ] 2026-09-15 16:05:20.753 [main] StepDef - user can view Survey Report submenu of Property Survey menu
[INFO ] 2026-09-15 16:05:20.833 [main] StepDef - user can view Survey Summary Report submenu of Property Survey menu
[INFO ] 2026-09-15 16:05:20.915 [main] StepDef - user can view Survey Team Summary submenu of Property Survey menu
[INFO ] 2026-09-15 16:05:20.998 [main] StepDef - user can view Survey Assessed List submenu of Property Survey menu
[INFO ] 2026-09-15 16:05:21.093 [main] StepDef - user can view Survey Assessed Report submenu of Property Survey menu
[INFO ] 2026-09-15 16:05:21.180 [main] StepDef - user can view Wardwise Survey Report submenu of Property Survey menu
[INFO ] 2026-09-15 16:05:21.254 [main] StepDef - user can view Survey Pending Report submenu of Property Survey menu
[INFO ] 2026-09-15 16:05:21.356 [main] StepDef - user can view Survey Level Summary Report submenu of Property Survey menu
[INFO ] 2026-09-15 16:05:21.439 [main] StepDef - user can view Survey Level Summary Report submenu of Property Survey menu
[INFO ] 2026-09-15 16:05:21.541 [main] StepDef - user can view Userwise Forward Summary submenu of Property Survey menu
[INFO ] 2026-09-15 16:05:21.671 [main] StepDef - user can view Userwise Survey Edit Report submenu of Property Survey menu
[INFO ] 2026-09-15 16:05:21.780 [main] StepDef - user can view Survey Modification Report submenu of Property Survey menu
[INFO ] 2026-09-15 16:05:21.885 [main] StepDef - user can view Survey Geotagging Report submenu of Property Survey menu
[INFO ] 2026-09-15 16:05:22.011 [main] StepDef - user can view Ex-Party Survey Notice submenu of Property Survey menu
[INFO ] 2026-09-15 16:05:22.123 [main] StepDef - user can view Survey Notice List submenu of Property Survey menu
[INFO ] 2026-09-15 16:05:22.249 [main] StepDef - user can view Bulk Survey Notice Print submenu of Property Survey menu
[INFO ] 2026-09-15 16:05:22.399 [main] StepDef - user can view Survey Notice Received List submenu of Property Survey menu
[INFO ] 2026-09-15 16:05:22.516 [main] StepDef - user can view Survey Notice Received Report submenu of Property Survey menu
[INFO ] 2026-09-15 16:05:22.665 [main] StepDef - user can view Survey Notice Distributed Report submenu of Property Survey menu
[INFO ] 2026-09-15 16:05:22.770 [main] StepDef - user can view Survey Demand Report submenu of Property Survey menu
[INFO ] 2026-09-15 16:05:22.891 [main] StepDef - user can view Survey GIS Update submenu of Property Survey menu
[INFO ] 2026-09-15 16:05:23.089 [main] StepDef - user can view Survey Visit Report submenu of Property Survey menu
[INFO ] 2026-09-15 16:05:23.200 [main] StepDef - user can view TL Survey Visit submenu of Property Survey menu
[INFO ] 2026-09-15 16:05:23.332 [main] StepDef - user can view TL Survey Visit Report submenu of Property Survey menu
[INFO ] 2026-09-15 16:05:27.479 [main] StepDef - Setup-Smoke method executed
[INFO ] 2026-09-15 16:05:27.491 [main] StepDef - chrome browser launched
[INFO ] 2026-09-15 16:05:29.520 [main] StepDef - URL opened
[INFO ] 2026-09-15 16:05:30.265 [main] StepDef - username and password entered
[INFO ] 2026-09-15 16:05:32.075 [main] StepDef - clicked on login button
[INFO ] 2026-09-15 16:05:35.142 [main] StepDef - Test passed: Login feature: User is able to see dashboard text
[INFO ] 2026-09-15 16:05:35.301 [main] StepDef - User clicks on UD Tax menu
[INFO ] 2026-09-15 16:05:37.382 [main] StepDef - User is able to see Search Propety submenu
[INFO ] 2026-09-15 16:05:37.428 [main] StepDef - User is able to see Document Upload submenu
[INFO ] 2026-09-15 16:05:37.474 [main] StepDef - User is able to see Update Property Details submenu
[INFO ] 2026-09-15 16:05:37.517 [main] StepDef - User is able to see Last Payment Update submenu
[INFO ] 2026-09-15 16:05:37.562 [main] StepDef - User is able to see Update Owner Details submenu
[INFO ] 2026-09-15 16:05:37.607 [main] StepDef - User is able to see Property Deativate submenu
[INFO ] 2026-09-15 16:05:37.652 [main] StepDef - User is able to see Ward Update submenu
[INFO ] 2026-09-15 16:05:37.699 [main] StepDef - User is able to see Adjustment submenu
[INFO ] 2026-09-15 16:05:37.753 [main] StepDef - User is able to see House Tax Last Payment Update submenu
[INFO ] 2026-09-15 16:05:37.799 [main] StepDef - User is able to see TL Property Visit submenu
[INFO ] 2026-09-15 16:05:37.843 [main] StepDef - User is able to see DN Notice Distribution submenu
[INFO ] 2026-09-15 16:05:41.595 [main] StepDef - Setup-Regression method executed
[INFO ] 2026-09-15 16:05:41.606 [main] StepDef - chrome browser launched
[INFO ] 2026-09-15 16:05:44.178 [main] StepDef - URL opened
[INFO ] 2026-09-15 16:05:44.859 [main] StepDef - username and password entered
[INFO ] 2026-09-15 16:05:46.773 [main] StepDef - clicked on login button
[INFO ] 2026-09-15 16:05:49.840 [main] StepDef - Test passed: Login feature: User is able to see dashboard text
[INFO ] 2026-09-15 16:05:50.044 [main] StepDef - User clicks on UD Tax menu
[INFO ] 2026-09-15 16:05:52.840 [main] StepDef - user clicks on search property submenu
[INFO ] 2026-09-15 16:05:54.903 [main] StepDef - user can see search property page
[INFO ] 2026-09-15 16:05:55.258 [main] StepDef - user select ward no.
[INFO ] 2026-09-15 16:05:56.163 [main] StepDef - user click on search button
[INFO ] 2026-09-15 16:05:56.279 [main] StepDef - user can see property list page
[INFO ] 2026-09-15 16:06:00.485 [main] StepDef - Setup-Regression method executed
[INFO ] 2026-09-15 16:06:00.491 [main] StepDef - chrome browser launched
[INFO ] 2026-09-15 16:06:02.590 [main] StepDef - URL opened
[INFO ] 2026-09-15 16:06:03.356 [main] StepDef - username and password entered
[INFO ] 2026-09-15 16:06:05.065 [main] StepDef - clicked on login button
[INFO ] 2026-09-15 16:06:08.145 [main] StepDef - Test passed: Login feature: User is able to see dashboard text
[INFO ] 2026-09-15 16:06:08.336 [main] StepDef - User clicks on UD Tax menu
[INFO ] 2026-09-15 16:06:10.972 [main] StepDef - user clicks on document upload submenu
[INFO ] 2026-09-15 16:06:13.048 [main] StepDef - user can see search property page
[INFO ] 2026-09-15 16:06:13.482 [main] StepDef - user select ward no.
[INFO ] 2026-09-15 16:06:14.008 [main] StepDef - user click on search button
[INFO ] 2026-09-15 16:06:14.503 [main] StepDef - user can see property list page
[INFO ] 2026-09-15 16:06:18.560 [main] StepDef - Setup-Regression method executed
[INFO ] 2026-09-15 16:06:18.570 [main] StepDef - chrome browser launched
[INFO ] 2026-09-15 16:06:20.716 [main] StepDef - URL opened
[INFO ] 2026-09-15 16:06:21.544 [main] StepDef - username and password entered
[INFO ] 2026-09-15 16:06:23.121 [main] StepDef - clicked on login button
[INFO ] 2026-09-15 16:06:26.203 [main] StepDef - Test passed: Login feature: User is able to see dashboard text
[INFO ] 2026-09-15 16:06:26.373 [main] StepDef - User clicks on UD Tax menu
[INFO ] 2026-09-15 16:06:29.009 [main] StepDef - user clicks on update property details submenu
[INFO ] 2026-09-15 16:06:31.088 [main] StepDef - user can see search property page
[INFO ] 2026-09-15 16:06:31.807 [main] StepDef - user select ward no.
[INFO ] 2026-09-15 16:06:32.301 [main] StepDef - user click on search button
[INFO ] 2026-09-15 16:06:33.287 [main] StepDef - user can see property list page
[INFO ] 2026-09-15 16:06:38.119 [main] StepDef - Setup-Regression method executed
[INFO ] 2026-09-15 16:06:38.126 [main] StepDef - chrome browser launched
[INFO ] 2026-09-15 16:06:40.282 [main] StepDef - URL opened
[INFO ] 2026-09-15 16:06:40.988 [main] StepDef - username and password entered
[INFO ] 2026-09-15 16:06:42.450 [main] StepDef - clicked on login button
[INFO ] 2026-09-15 16:06:45.534 [main] StepDef - Test passed: Login feature: User is able to see dashboard text
[INFO ] 2026-09-15 16:06:45.700 [main] StepDef - User clicks on UD Tax menu
[INFO ] 2026-09-15 16:06:48.262 [main] StepDef - user clicks on last payment update submenu
[INFO ] 2026-09-15 16:06:50.323 [main] StepDef - user can see search property page
[INFO ] 2026-09-15 16:06:50.766 [main] StepDef - user select ward no.
[INFO ] 2026-09-15 16:06:51.929 [main] StepDef - user click on search button
[INFO ] 2026-09-15 16:06:52.189 [main] StepDef - user can see property list page
[INFO ] 2026-09-15 16:06:56.216 [main] StepDef - Setup-Regression method executed
[INFO ] 2026-09-15 16:06:56.226 [main] StepDef - chrome browser launched
[INFO ] 2026-09-15 16:06:58.334 [main] StepDef - URL opened
[INFO ] 2026-09-15 16:06:59.188 [main] StepDef - username and password entered
[INFO ] 2026-09-15 16:07:01.112 [main] StepDef - clicked on login button
[INFO ] 2026-09-15 16:07:04.172 [main] StepDef - Test passed: Login feature: User is able to see dashboard text
[INFO ] 2026-09-15 16:07:04.339 [main] StepDef - User clicks on UD Tax menu
[INFO ] 2026-09-15 16:07:07.066 [main] StepDef - user clicks on update owner details submenu
[INFO ] 2026-09-15 16:07:09.155 [main] StepDef - user can see search property page
[INFO ] 2026-09-15 16:07:09.720 [main] StepDef - user select ward no.
[INFO ] 2026-09-15 16:07:10.950 [main] StepDef - user click on search button
[INFO ] 2026-09-15 16:07:11.108 [main] StepDef - user can see property list page
[INFO ] 2026-09-15 16:07:15.350 [main] StepDef - Setup-Regression method executed
[INFO ] 2026-09-15 16:07:15.366 [main] StepDef - chrome browser launched
[INFO ] 2026-09-15 16:07:17.614 [main] StepDef - URL opened
[INFO ] 2026-09-15 16:07:18.364 [main] StepDef - username and password entered
[INFO ] 2026-09-15 16:07:19.957 [main] StepDef - clicked on login button
[INFO ] 2026-09-15 16:07:23.029 [main] StepDef - Test passed: Login feature: User is able to see dashboard text
[INFO ] 2026-09-15 16:07:23.191 [main] StepDef - User clicks on UD Tax menu
[INFO ] 2026-09-15 16:07:25.821 [main] StepDef - user clicks on property deactivate submenu
[INFO ] 2026-09-15 16:07:27.882 [main] StepDef - user can see search property page
[INFO ] 2026-09-15 16:07:28.387 [main] StepDef - user select ward no.
[INFO ] 2026-09-15 16:07:29.415 [main] StepDef - user click on search button
[INFO ] 2026-09-15 16:07:29.672 [main] StepDef - user can see property list page
[INFO ] 2026-09-15 16:07:33.485 [main] StepDef - Setup-Regression method executed
[INFO ] 2026-09-15 16:07:33.497 [main] StepDef - chrome browser launched
[INFO ] 2026-09-15 16:07:35.484 [main] StepDef - URL opened
[INFO ] 2026-09-15 16:07:36.172 [main] StepDef - username and password entered
[INFO ] 2026-09-15 16:07:38.288 [main] StepDef - clicked on login button
[INFO ] 2026-09-15 16:07:41.353 [main] StepDef - Test passed: Login feature: User is able to see dashboard text
[INFO ] 2026-09-15 16:07:41.528 [main] StepDef - User clicks on UD Tax menu
[INFO ] 2026-09-15 16:07:44.120 [main] StepDef - user clicks on ward update submenu
[INFO ] 2026-09-15 16:07:46.199 [main] StepDef - user can see search property page
[INFO ] 2026-09-15 16:07:46.783 [main] StepDef - user select ward no.
[INFO ] 2026-09-15 16:07:47.896 [main] StepDef - user click on search button
[INFO ] 2026-09-15 16:07:48.071 [main] StepDef - user can see property list page
[INFO ] 2026-09-15 16:07:52.380 [main] StepDef - Setup-Regression method executed
[INFO ] 2026-09-15 16:07:52.397 [main] StepDef - chrome browser launched
[INFO ] 2026-09-15 16:07:54.510 [main] StepDef - URL opened
[INFO ] 2026-09-15 16:07:55.243 [main] StepDef - username and password entered
[INFO ] 2026-09-15 16:07:56.855 [main] StepDef - clicked on login button
[INFO ] 2026-09-15 16:07:59.927 [main] StepDef - Test passed: Login feature: User is able to see dashboard text
[INFO ] 2026-09-15 16:08:00.114 [main] StepDef - User clicks on UD Tax menu
[INFO ] 2026-09-15 16:08:02.732 [main] StepDef - user clicks on ward update submenu
[INFO ] 2026-09-15 16:08:04.831 [main] StepDef - user can see search property page
[INFO ] 2026-09-15 16:08:05.365 [main] StepDef - user select ward no.
[INFO ] 2026-09-15 16:08:06.550 [main] StepDef - user click on search button
[INFO ] 2026-09-15 16:08:06.871 [main] StepDef - user can see property list page
[INFO ] 2026-09-15 16:08:10.825 [main] StepDef - Setup-Regression method executed
[INFO ] 2026-09-15 16:08:10.831 [main] StepDef - chrome browser launched
[INFO ] 2026-09-15 16:08:12.839 [main] StepDef - URL opened
[INFO ] 2026-09-15 16:08:13.586 [main] StepDef - username and password entered
[INFO ] 2026-09-15 16:08:15.251 [main] StepDef - clicked on login button
[INFO ] 2026-09-15 16:08:18.321 [main] StepDef - Test passed: Login feature: User is able to see dashboard text
[INFO ] 2026-09-15 16:08:18.493 [main] StepDef - User clicks on UD Tax menu
[INFO ] 2026-09-15 16:08:21.053 [main] StepDef - user clicks on house tax last payment update submenu
[INFO ] 2026-09-15 16:08:23.111 [main] StepDef - user can see search property page
[INFO ] 2026-09-15 16:08:23.474 [main] StepDef - user select ward no.
[INFO ] 2026-09-15 16:08:24.095 [main] StepDef - user click on search button
[INFO ] 2026-09-15 16:08:24.882 [main] StepDef - user can see property list page
[INFO ] 2026-09-15 16:08:28.820 [main] StepDef - Setup-Regression method executed
[INFO ] 2026-09-15 16:08:28.828 [main] StepDef - chrome browser launched
[INFO ] 2026-09-15 16:08:30.978 [main] StepDef - URL opened
[INFO ] 2026-09-15 16:08:31.702 [main] StepDef - username and password entered
[INFO ] 2026-09-15 16:08:33.442 [main] StepDef - clicked on login button
[INFO ] 2026-09-15 16:08:36.523 [main] StepDef - Test passed: Login feature: User is able to see dashboard text
[INFO ] 2026-09-15 16:08:36.684 [main] StepDef - User clicks on UD Tax menu
[INFO ] 2026-09-15 16:08:39.369 [main] StepDef - user clicks on DN notice distribution submenu
[INFO ] 2026-09-15 16:08:41.428 [main] StepDef - user can see search property page
[INFO ] 2026-09-15 16:08:41.759 [main] StepDef - user select ward no.
[INFO ] 2026-09-15 16:08:43.070 [main] StepDef - user click on search button
[INFO ] 2026-09-15 16:08:43.199 [main] StepDef - user can see property list page
[INFO ] 2026-09-15 16:08:47.451 [main] StepDef - Setup-Smoke method executed
[INFO ] 2026-09-15 16:08:47.475 [main] StepDef - chrome browser launched
[INFO ] 2026-09-15 16:08:49.717 [main] StepDef - URL opened
[INFO ] 2026-09-15 16:08:50.451 [main] StepDef - username and password entered
[INFO ] 2026-09-15 16:08:52.059 [main] StepDef - clicked on login button
[INFO ] 2026-09-15 16:08:55.135 [main] StepDef - Test passed: Login feature: User is able to see dashboard text
[INFO ] 2026-09-15 16:08:55.305 [main] StepDef - User clicks on UD Tax Report menu
[INFO ] 2026-09-15 16:08:57.394 [main] StepDef - user can view counter report submenu of UDTax Report menu
[INFO ] 2026-09-15 16:08:57.437 [main] StepDef - user can view TC Collection Summary submenu of UDTax Report menu
[INFO ] 2026-09-15 16:08:57.482 [main] StepDef - user can view DCB Report submenu of UDTax Report menu
[INFO ] 2026-09-15 16:08:57.525 [main] StepDef - user can view SAF Report submenu of UDTax Report menu
[INFO ] 2026-09-15 16:08:57.567 [main] StepDef - user can view Zone and Ward Wise Collection Report submenu of UDTax Report menu
[INFO ] 2026-09-15 16:08:57.613 [main] StepDef - user can view Payment Mode Wise Collection submenu of UDTax Report menu
[INFO ] 2026-09-15 16:08:57.664 [main] StepDef - user can view ULB Report submenu of UDTax Report menu
[INFO ] 2026-09-15 16:08:57.707 [main] StepDef - user can view Transaction Deactivate Report submenu of UDTax Report menu
[INFO ] 2026-09-15 16:08:57.819 [main] StepDef - user can view ALL Module TC Summary submenu of UDTax Report menu
[INFO ] 2026-09-15 16:08:57.927 [main] StepDef - user can view Cheque Bounce Report submenu of UDTax Report menu
[INFO ] 2026-09-15 16:08:58.013 [main] StepDef - user can view Print All Payment Reciept submenu of UDTax Report menu
[INFO ] 2026-09-15 16:08:58.125 [main] StepDef - user can view Taxable Property Report submenu of UDTax Report menu
[INFO ] 2026-09-15 16:08:58.235 [main] StepDef - user can view PropertyWise DCB submenu of UDTax Report menu
[INFO ] 2026-09-15 16:08:58.380 [main] StepDef - user can view Htax DCB Report submenu of UDTax Report menu
[INFO ] 2026-09-15 16:08:58.489 [main] StepDef - user can view Print All Demand Reciept submenu of UDTax Report menu
[INFO ] 2026-09-15 16:08:58.604 [main] StepDef - user can view Variation Report submenu of UDTax Report menu
[INFO ] 2026-09-15 16:08:58.790 [main] StepDef - user can view Reassesment Diff submenu of UDTax Report menu
[INFO ] 2026-09-15 16:08:58.919 [main] StepDef - user can view Cheque Bounced Collection Report submenu of UDTax Report menu
[INFO ] 2026-09-15 16:08:59.033 [main] StepDef - user can view Re-verification Difference Report submenu of UDTax Report menu
[INFO ] 2026-09-15 16:08:59.147 [main] StepDef - user can view Tax Collection Report submenu of UDTax Report menu
[INFO ] 2026-09-15 16:08:59.264 [main] StepDef - user can view Appti List submenu of UDTax Report menu
[INFO ] 2026-09-15 16:08:59.416 [main] StepDef - user can view Apptti Pending Report submenu of UDTax Report menu
[INFO ] 2026-09-15 16:08:59.569 [main] StepDef - user can view Appti Reject List submenu of UDTax Report menu
[INFO ] 2026-09-15 16:08:59.695 [main] StepDef - user can view TC Visit Report submenu of UDTax Report menu
[INFO ] 2026-09-15 16:08:59.813 [main] StepDef - user can view TC Visit Summary submenu of UDTax Report menu
[INFO ] 2026-09-15 16:08:59.950 [main] StepDef - user can view Property Wise TC Visit submenu of UDTax Report menu
[INFO ] 2026-09-15 16:09:00.126 [main] StepDef - user can view TL Visit Report submenu of UDTax Report menu
[INFO ] 2026-09-15 16:09:00.349 [main] StepDef - user can view All Updation Report submenu of UDTax Report menu
[INFO ] 2026-09-15 16:09:00.479 [main] StepDef - user can view DN130 Distribution Reports submenu of UDTax Report menu
[INFO ] 2026-09-15 16:09:04.929 [main] StepDef - Setup-Regression method executed
[INFO ] 2026-09-15 16:09:04.939 [main] StepDef - chrome browser launched
[INFO ] 2026-09-15 16:09:07.042 [main] StepDef - URL opened
[INFO ] 2026-09-15 16:09:07.875 [main] StepDef - username and password entered
[INFO ] 2026-09-15 16:09:09.502 [main] StepDef - clicked on login button
[INFO ] 2026-09-15 16:09:12.567 [main] StepDef - Test passed: Login feature: User is able to see dashboard text
[INFO ] 2026-09-15 16:09:12.739 [main] StepDef - User clicks on UD Tax Report menu
[INFO ] 2026-09-15 16:09:15.431 [main] StepDef - user clicks on counter report submenu
[INFO ] 2026-09-15 16:09:17.544 [main] StepDef - user can see counter report page
[INFO ] 2026-09-15 16:09:18.250 [main] StepDef - user clicks on search button
[INFO ] 2026-09-15 16:09:18.566 [main] StepDef - user can see report
[INFO ] 2026-09-15 16:09:22.950 [main] StepDef - Setup-Regression method executed
[INFO ] 2026-09-15 16:09:22.959 [main] StepDef - chrome browser launched
[INFO ] 2026-09-15 16:09:25.028 [main] StepDef - URL opened
[INFO ] 2026-09-15 16:09:25.764 [main] StepDef - username and password entered
[INFO ] 2026-09-15 16:09:27.559 [main] StepDef - clicked on login button
[INFO ] 2026-09-15 16:09:30.622 [main] StepDef - Test passed: Login feature: User is able to see dashboard text
[INFO ] 2026-09-15 16:09:30.809 [main] StepDef - User clicks on UD Tax Report menu
[INFO ] 2026-09-15 16:09:33.443 [main] StepDef - user clicks on TC collection summary submenu
[INFO ] 2026-09-15 16:09:35.556 [main] StepDef - user can see TC collection summary page
[INFO ] 2026-09-15 16:09:35.973 [main] StepDef - user clicks on search button of TC collection summary page
[INFO ] 2026-09-15 16:09:36.429 [main] StepDef - user can see report of TC collection summary page
[INFO ] 2026-09-15 16:09:40.827 [main] StepDef - Setup-Regression method executed
[INFO ] 2026-09-15 16:09:40.829 [main] StepDef - chrome browser launched
[INFO ] 2026-09-15 16:09:42.874 [main] StepDef - URL opened
[INFO ] 2026-09-15 16:09:43.590 [main] StepDef - username and password entered
[INFO ] 2026-09-15 16:09:44.958 [main] StepDef - clicked on login button
[INFO ] 2026-09-15 16:09:48.027 [main] StepDef - Test passed: Login feature: User is able to see dashboard text
[INFO ] 2026-09-15 16:09:48.195 [main] StepDef - User clicks on UD Tax Report menu
[INFO ] 2026-09-15 16:09:50.795 [main] StepDef - user clicks on DCB Report submenu
[INFO ] 2026-09-15 16:09:52.867 [main] StepDef - user can see DCB ULB Wise page
[INFO ] 2026-09-15 16:09:53.239 [main] StepDef - user clicks on search button of DCB ULB Wise page
[INFO ] 2026-09-15 16:09:55.416 [main] StepDef - user can see total demand and total collection of DCB ULB Wise page
[INFO ] 2026-09-15 16:10:00.189 [main] StepDef - Setup-Regression method executed
[INFO ] 2026-09-15 16:10:00.192 [main] StepDef - chrome browser launched
[INFO ] 2026-09-15 16:10:02.254 [main] StepDef - URL opened
[INFO ] 2026-09-15 16:10:02.940 [main] StepDef - username and password entered
[INFO ] 2026-09-15 16:10:04.661 [main] StepDef - clicked on login button
[INFO ] 2026-09-15 16:10:07.745 [main] StepDef - Test passed: Login feature: User is able to see dashboard text
[INFO ] 2026-09-15 16:10:07.939 [main] StepDef - User clicks on UD Tax Report menu
[INFO ] 2026-09-15 16:10:10.655 [main] StepDef - user clicks on SAF Report submenu
[INFO ] 2026-09-15 16:10:12.755 [main] StepDef - user can see saf Report page
[INFO ] 2026-09-15 16:10:13.268 [main] StepDef - user clicks on search button of saf Report page
[INFO ] 2026-09-15 16:10:13.856 [main] StepDef - user can see property tax plain text of saf Report page
[INFO ] 2026-09-15 16:10:18.358 [main] StepDef - Setup-Smoke method executed
[INFO ] 2026-09-15 16:10:18.361 [main] StepDef - chrome browser launched
[INFO ] 2026-09-15 16:10:20.359 [main] StepDef - URL opened
[INFO ] 2026-09-15 16:10:21.092 [main] StepDef - username and password entered
[INFO ] 2026-09-15 16:10:22.571 [main] StepDef - clicked on login button
[INFO ] 2026-09-15 16:10:25.665 [main] StepDef - Test passed: Login feature: User is able to see dashboard text
[INFO ] 2026-09-15 16:10:25.833 [main] StepDef - clicked on UD Tax Menu
[INFO ] 2026-09-15 16:10:27.906 [main] StepDef - user can view Road Type submenu
[INFO ] 2026-09-15 16:10:27.951 [main] StepDef - user can view Usage Type submenu
[INFO ] 2026-09-15 16:10:27.997 [main] StepDef - user can view Usage SubCategory Master submenu
[INFO ] 2026-09-15 16:10:28.044 [main] StepDef - user can view Sub Category Details submenu
[INFO ] 2026-09-15 16:10:28.087 [main] StepDef - user can view DLC rate master submenu
[INFO ] 2026-09-15 16:10:28.133 [main] StepDef - user can view DLC Search submenu
[INFO ] 2026-09-19 14:34:23.482 [main] StepDef - Setup-Smoke method executed
[INFO ] 2026-09-19 14:34:23.856 [main] StepDef - chrome browser launched
[INFO ] 2026-09-19 14:34:25.234 [main] StepDef - URL opened
[INFO ] 2026-09-19 14:34:25.600 [main] StepDef - username and password entered
[INFO ] 2026-09-19 14:34:26.701 [main] StepDef - clicked on login button
[INFO ] 2026-09-19 14:34:29.797 [main] StepDef - Test passed: Login feature: User is able to see dashboard text
[INFO ] 2026-09-19 14:34:32.012 [main] StepDef - user can view transaction deactivate submenu of Accounts menu
[INFO ] 2026-09-19 14:34:32.073 [main] StepDef - user can view cash verification submenu of Accounts menu
[INFO ] 2026-09-19 14:34:32.130 [main] StepDef - user can view bank deposit date entry submenu of Accounts menu
[INFO ] 2026-09-19 14:34:32.187 [main] StepDef - user can view bank reconciliation submenu of Accounts menu
[INFO ] 2026-09-19 14:34:32.236 [main] StepDef - user can view Payment Mode Update submenu of Accounts menu
[INFO ] 2026-09-19 14:34:32.288 [main] StepDef - user can view House Tax Transaction Deactivate submenu of Accounts menu
[INFO ] 2026-09-19 14:34:32.341 [main] StepDef - user can view House Tax Payment Mode Update submenu of Accounts menu
[INFO ] 2026-09-19 14:34:34.440 [main] StepDef - Setup-Smoke method executed
[INFO ] 2026-09-19 14:34:34.457 [main] StepDef - chrome browser launched
[INFO ] 2026-09-19 14:34:35.609 [main] StepDef - URL opened
[INFO ] 2026-09-19 14:34:36.014 [main] StepDef - username and password entered
[INFO ] 2026-09-19 14:34:36.135 [main] StepDef - clicked on login button
[INFO ] 2026-09-19 14:34:39.188 [main] StepDef - Test passed: Login feature: User is able to see dashboard text
[INFO ] 2026-09-19 14:34:39.282 [main] StepDef - clicked on Assessment Menu
[INFO ] 2026-09-19 14:34:41.344 [main] StepDef - User is able to see Reassessment submenu
[INFO ] 2026-09-19 14:34:41.380 [main] StepDef - User is able to see Reverification submenu
[INFO ] 2026-09-19 14:34:41.418 [main] StepDef - User is able to see Reverification TL submenu
[INFO ] 2026-09-19 14:34:41.445 [main] StepDef - User is able to see House Tax Entry submenu
[INFO ] 2026-09-19 14:34:41.473 [main] StepDef - User is able to see Legacy Entry submenu
[INFO ] 2026-09-19 14:34:41.501 [main] StepDef - User is able to see Edit New Assessment submenu
[INFO ] 2026-09-19 14:34:43.426 [main] StepDef - Setup-Regression method executed
[INFO ] 2026-09-19 14:34:43.442 [main] StepDef - chrome browser launched
[INFO ] 2026-09-19 14:34:44.467 [main] StepDef - URL opened
[INFO ] 2026-09-19 14:34:44.852 [main] StepDef - username and password entered
[INFO ] 2026-09-19 14:34:44.983 [main] StepDef - clicked on login button
[INFO ] 2026-09-19 14:34:48.030 [main] StepDef - Test passed: Login feature: User is able to see dashboard text
[INFO ] 2026-09-19 14:34:48.140 [main] StepDef - clicked on Assessment Menu
[INFO ] 2026-09-19 14:34:50.800 [main] StepDef - User clicks on House Tax Entry submenu of Assessment menu
[INFO ] 2026-09-19 14:34:53.855 [main] StepDef - User can see House Tax Entry page
[INFO ] 2026-09-19 14:35:00.235 [main] StepDef - User enters property details
[INFO ] 2026-09-19 14:35:01.247 [main] StepDef - User enters permanent address
[INFO ] 2026-09-19 14:35:01.344 [main] StepDef - User enters current address
[INFO ] 2026-09-19 14:35:02.223 [main] StepDef - User enters owner details
[INFO ] 2026-09-19 14:35:05.826 [main] StepDef - User enters floor details
[INFO ] 2026-09-19 14:35:08.370 [main] StepDef - User enters demand details
[INFO ] 2026-09-19 14:35:11.790 [main] StepDef - User clicks on view button
[INFO ] 2026-09-19 14:35:11.837 [main] StepDef - User can see House Tax Entry View Page
[INFO ] 2026-09-19 14:35:11.922 [main] StepDef - User clicks on save button
[INFO ] 2026-09-19 14:35:14.972 [main] StepDef - User can see House Tax Payment page
[INFO ] 2026-09-19 14:35:17.709 [main] StepDef - User enters payment details
[INFO ] 2026-09-19 14:35:18.134 [main] StepDef - User clicks on pay now button
[INFO ] 2026-09-19 14:35:21.216 [main] StepDef - User can see House Tax Payment Receipt Page
[INFO ] 2026-09-19 14:35:23.269 [main] StepDef - Setup-Regression method executed
[INFO ] 2026-09-19 14:35:23.276 [main] StepDef - chrome browser launched
[INFO ] 2026-09-19 14:35:24.345 [main] StepDef - URL opened
[INFO ] 2026-09-19 14:35:24.720 [main] StepDef - username and password entered
[INFO ] 2026-09-19 14:35:24.852 [main] StepDef - clicked on login button
[INFO ] 2026-09-19 14:35:27.916 [main] StepDef - Test passed: Login feature: User is able to see dashboard text
[INFO ] 2026-09-19 14:35:28.041 [main] StepDef - clicked on Assessment Menu
[INFO ] 2026-09-19 14:35:30.617 [main] StepDef - User clicks on Legacy Entry submenu of Assessment menu
[INFO ] 2026-09-19 14:35:32.671 [main] StepDef - User can see Legacy Entry page
[INFO ] 2026-09-19 14:35:35.569 [main] StepDef - User enters property details of Legacy Entry submenu
[INFO ] 2026-09-19 14:35:36.467 [main] StepDef - User enters permanent address of Legacy Entry submenu
[INFO ] 2026-09-19 14:35:36.608 [main] StepDef - User enters current address of Legacy Entry submenu
[INFO ] 2026-09-19 14:35:37.705 [main] StepDef - User enters owner details of Legacy Entry submenu
[INFO ] 2026-09-19 14:35:38.724 [main] StepDef - User enters tax details of Legacy Entry submenu
[INFO ] 2026-09-19 14:35:41.837 [main] StepDef - User clicks on save button of Legacy Entry submenu
[INFO ] 2026-09-19 14:35:41.866 [main] StepDef - User can see confirmation message
[INFO ] 2026-09-19 14:35:43.774 [main] StepDef - Setup-Smoke method executed
[INFO ] 2026-09-19 14:35:43.781 [main] StepDef - chrome browser launched
[INFO ] 2026-09-19 14:35:44.891 [main] StepDef - URL opened
[INFO ] 2026-09-19 14:35:45.290 [main] StepDef - username and password entered
[INFO ] 2026-09-19 14:35:45.428 [main] StepDef - clicked on login button
[INFO ] 2026-09-19 14:35:48.464 [main] StepDef - Test passed: Login feature: User is able to see dashboard text
[INFO ] 2026-09-19 14:35:48.551 [main] StepDef - User clicks on dashboard menu
[INFO ] 2026-09-19 14:35:50.620 [main] StepDef - user is able to see Work Report Dashboard submenu
[INFO ] 2026-09-19 14:35:50.654 [main] StepDef - user is able to see BOH Dashboard submenu
[INFO ] 2026-09-19 14:35:52.416 [main] StepDef - Setup-Regression method executed
[INFO ] 2026-09-19 14:35:52.425 [main] StepDef - chrome browser launched
[INFO ] 2026-09-19 14:35:53.433 [main] StepDef - URL opened
[INFO ] 2026-09-19 14:35:53.829 [main] StepDef - username and password entered
[INFO ] 2026-09-19 14:35:53.960 [main] StepDef - clicked on login button
[INFO ] 2026-09-19 14:35:57.003 [main] StepDef - Test passed: Login feature: User is able to see dashboard text
[INFO ] 2026-09-19 14:35:57.116 [main] StepDef - User clicks on dashboard menu
[INFO ] 2026-09-19 14:35:59.812 [main] StepDef - User clicks on Work Report Dashboard submenu
[INFO ] 2026-09-19 14:36:02.132 [main] StepDef - User clicks on search button of Work Report Dashboard
[INFO ] 2026-09-19 14:36:04.183 [main] StepDef - user can view Work Report Dashboard report
[INFO ] 2026-09-19 14:36:04.185 [main] StepDef - Browser closed
[INFO ] 2026-09-19 14:36:06.173 [main] StepDef - Setup-Regression method executed
[INFO ] 2026-09-19 14:36:06.181 [main] StepDef - chrome browser launched
[INFO ] 2026-09-19 14:36:07.245 [main] StepDef - URL opened
[INFO ] 2026-09-19 14:36:07.607 [main] StepDef - username and password entered
[INFO ] 2026-09-19 14:36:08.471 [main] StepDef - clicked on login button
[INFO ] 2026-09-19 14:36:11.542 [main] StepDef - Test passed: Login feature: User is able to see dashboard text
[INFO ] 2026-09-19 14:36:11.629 [main] StepDef - User clicks on dashboard menu
[INFO ] 2026-09-19 14:36:14.114 [main] StepDef - User clicks on Work BOH Dashboard submenu
[INFO ] 2026-09-19 14:36:16.419 [main] StepDef - User clicks on search button of BOH Dashboard
[INFO ] 2026-09-19 14:36:18.457 [main] StepDef - user can view report of BOH Dashboard
[INFO ] 2026-09-19 14:36:18.458 [main] StepDef - Browser closed
[INFO ] 2026-09-19 14:36:21.319 [main] StepDef - Setup-Smoke method executed
[INFO ] 2026-09-19 14:36:21.326 [main] StepDef - chrome browser launched
[INFO ] 2026-09-19 14:36:22.331 [main] StepDef - URL opened
[INFO ] 2026-09-19 14:36:22.722 [main] StepDef - username and password entered
[INFO ] 2026-09-19 14:36:22.853 [main] StepDef - clicked on login button
[INFO ] 2026-09-19 14:36:25.907 [main] StepDef - Test passed: Login feature: User is able to see dashboard text
[INFO ] 2026-09-19 14:36:26.016 [main] StepDef - User clicks on Inactive Property menu
[INFO ] 2026-09-19 14:36:28.116 [main] StepDef - user can view Inactive Property submenu of Inactive Property menu
[INFO ] 2026-09-19 14:36:28.158 [main] StepDef - user can view Inactive DCB submenu of Inactive Property menu
[INFO ] 2026-09-19 14:36:28.203 [main] StepDef - user can view Inactive Property Activity submenu of Inactive Property menu
[INFO ] 2026-09-19 14:36:29.940 [main] StepDef - Setup-Smoke method executed
[INFO ] 2026-09-19 14:36:29.954 [main] StepDef - chrome browser launched
[INFO ] 2026-09-19 14:36:30.986 [main] StepDef - URL opened
[INFO ] 2026-09-19 14:36:31.371 [main] StepDef - username and password entered
[INFO ] 2026-09-19 14:36:32.145 [main] StepDef - clicked on login button
[INFO ] 2026-09-19 14:36:35.230 [main] StepDef - Test passed: Login feature: User is able to see dashboard text
[INFO ] 2026-09-19 14:36:35.339 [main] StepDef - User clicks on Inactive Survey menu
[INFO ] 2026-09-19 14:36:37.444 [main] StepDef - user can view Inactive Survey submenu of Inactive Survey menu
[INFO ] 2026-09-19 14:36:37.486 [main] StepDef - user can view Inactive Survey Activity submenu of Inactive Survey menu
[INFO ] 2026-09-19 14:36:39.243 [main] StepDef - Setup-Regression method executed
[INFO ] 2026-09-19 14:36:40.991 [main] StepDef - Setup-Smoke method executed
[INFO ] 2026-09-19 14:36:40.996 [main] StepDef - chrome browser launched
[INFO ] 2026-09-19 14:36:42.297 [main] StepDef - URL opened
[INFO ] 2026-09-19 14:36:42.662 [main] StepDef - username and password entered
[INFO ] 2026-09-19 14:36:43.496 [main] StepDef - clicked on login button
[INFO ] 2026-09-19 14:36:46.532 [main] StepDef - Test passed: Login feature: User is able to see dashboard text
[INFO ] 2026-09-19 14:36:46.638 [main] StepDef - User clicked on super admin profile
[INFO ] 2026-09-19 14:36:49.239 [main] StepDef - User clicked on signout button
[INFO ] 2026-09-19 14:36:51.265 [main] StepDef - User is able to see login page of Nagar Palika Rawatsar
[INFO ] 2026-09-19 14:36:51.267 [main] StepDef - Browser closed
[INFO ] 2026-09-19 14:36:54.479 [main] StepDef - Setup-DDT method executed..
[INFO ] 2026-09-19 14:36:54.496 [main] StepDef - chrome browser launched
[INFO ] 2026-09-19 14:36:56.840 [main] StepDef - URL opened
[INFO ] 2026-09-19 14:36:57.451 [main] StepDef - username and password entered
[INFO ] 2026-09-19 14:36:57.545 [main] StepDef - clicked on login button
[INFO ] 2026-09-19 14:37:00.640 [main] StepDef - LOGIN SUCCESSFUL - Dashboard is displayed as expected.
[INFO ] 2026-09-19 14:37:02.479 [main] StepDef - Setup-DDT method executed..
[INFO ] 2026-09-19 14:37:02.487 [main] StepDef - chrome browser launched
[INFO ] 2026-09-19 14:37:03.512 [main] StepDef - URL opened
[INFO ] 2026-09-19 14:37:03.860 [main] StepDef - username and password entered
[INFO ] 2026-09-19 14:37:03.977 [main] StepDef - clicked on login button
[INFO ] 2026-09-19 14:37:07.053 [main] StepDef - LOGIN UNSUCCESSFUL - Dashboard is not displayed as expected.
[INFO ] 2026-09-19 14:37:08.958 [main] StepDef - Setup-DDT method executed..
[INFO ] 2026-09-19 14:37:08.964 [main] StepDef - chrome browser launched
[INFO ] 2026-09-19 14:37:09.996 [main] StepDef - URL opened
[INFO ] 2026-09-19 14:37:10.383 [main] StepDef - username and password entered
[INFO ] 2026-09-19 14:37:10.518 [main] StepDef - clicked on login button
[INFO ] 2026-09-19 14:37:13.551 [main] StepDef - LOGIN UNSUCCESSFUL - Dashboard is not displayed as expected.
[INFO ] 2026-09-19 14:37:15.411 [main] StepDef - Setup-DDT method executed..
[INFO ] 2026-09-19 14:37:15.422 [main] StepDef - chrome browser launched
[INFO ] 2026-09-19 14:37:16.435 [main] StepDef - URL opened
[INFO ] 2026-09-19 14:37:16.785 [main] StepDef - username and password entered
[INFO ] 2026-09-19 14:37:17.310 [main] StepDef - clicked on login button
[INFO ] 2026-09-19 14:37:20.366 [main] StepDef - LOGIN UNSUCCESSFUL - Dashboard is not displayed as expected.
[INFO ] 2026-09-19 14:37:22.191 [main] StepDef - Setup-DDT method executed..
[INFO ] 2026-09-19 14:37:22.198 [main] StepDef - chrome browser launched
[INFO ] 2026-09-19 14:37:23.150 [main] StepDef - URL opened
[INFO ] 2026-09-19 14:37:23.499 [main] StepDef - username and password entered
[INFO ] 2026-09-19 14:37:23.647 [main] StepDef - clicked on login button
[INFO ] 2026-09-19 14:37:26.711 [main] StepDef - LOGIN UNSUCCESSFUL - Dashboard is not displayed as expected.
[INFO ] 2026-09-19 14:37:28.503 [main] StepDef - Setup-DDT method executed..
[INFO ] 2026-09-19 14:37:28.511 [main] StepDef - chrome browser launched
[INFO ] 2026-09-19 14:37:29.596 [main] StepDef - URL opened
[INFO ] 2026-09-19 14:37:29.947 [main] StepDef - username and password entered
[INFO ] 2026-09-19 14:37:30.098 [main] StepDef - clicked on login button
[INFO ] 2026-09-19 14:37:33.148 [main] StepDef - LOGIN UNSUCCESSFUL - Dashboard is not displayed as expected.
[INFO ] 2026-09-19 14:37:34.957 [main] StepDef - Setup-DDT method executed..
[INFO ] 2026-09-19 14:37:34.964 [main] StepDef - chrome browser launched
[INFO ] 2026-09-19 14:37:36.012 [main] StepDef - URL opened
[INFO ] 2026-09-19 14:37:36.346 [main] StepDef - username and password entered
[INFO ] 2026-09-19 14:37:36.490 [main] StepDef - clicked on login button
[INFO ] 2026-09-19 14:37:39.534 [main] StepDef - LOGIN UNSUCCESSFUL - Dashboard is not displayed as expected.
[INFO ] 2026-09-19 14:37:41.401 [main] StepDef - Setup-DDT method executed..
[INFO ] 2026-09-19 14:37:41.408 [main] StepDef - chrome browser launched
[INFO ] 2026-09-19 14:37:42.435 [main] StepDef - URL opened
[INFO ] 2026-09-19 14:37:42.767 [main] StepDef - username and password entered
[INFO ] 2026-09-19 14:37:42.902 [main] StepDef - clicked on login button
[INFO ] 2026-09-19 14:37:45.958 [main] StepDef - LOGIN UNSUCCESSFUL - Dashboard is not displayed as expected.
[INFO ] 2026-09-19 14:37:48.291 [main] StepDef - Setup-DDT method executed..
[INFO ] 2026-09-19 14:37:48.295 [main] StepDef - chrome browser launched
[INFO ] 2026-09-19 14:37:49.341 [main] StepDef - URL opened
[INFO ] 2026-09-19 14:37:49.706 [main] StepDef - username and password entered
[INFO ] 2026-09-19 14:37:49.844 [main] StepDef - clicked on login button
[INFO ] 2026-09-19 14:37:52.899 [main] StepDef - LOGIN UNSUCCESSFUL - Dashboard is not displayed as expected.
[INFO ] 2026-09-19 14:37:54.727 [main] StepDef - Setup-Smoke method executed
[INFO ] 2026-09-19 14:37:54.742 [main] StepDef - chrome browser launched
[INFO ] 2026-09-19 14:37:55.822 [main] StepDef - URL opened
[INFO ] 2026-09-19 14:37:56.197 [main] StepDef - username and password entered
[INFO ] 2026-09-19 14:37:57.236 [main] StepDef - clicked on login button
[INFO ] 2026-09-19 14:38:00.290 [main] StepDef - Test passed: Login feature: User is able to see dashboard text
[INFO ] 2026-09-19 14:38:00.415 [main] StepDef - User clicks on Property Survey menu
[INFO ] 2026-09-19 14:38:02.522 [main] StepDef - user can view Survey Report submenu of Property Survey menu
[INFO ] 2026-09-19 14:38:02.569 [main] StepDef - user can view Survey Summary Report submenu of Property Survey menu
[INFO ] 2026-09-19 14:38:02.618 [main] StepDef - user can view Survey Team Summary submenu of Property Survey menu
[INFO ] 2026-09-19 14:38:02.664 [main] StepDef - user can view Survey Assessed List submenu of Property Survey menu
[INFO ] 2026-09-19 14:38:02.716 [main] StepDef - user can view Survey Assessed Report submenu of Property Survey menu
[INFO ] 2026-09-19 14:38:02.768 [main] StepDef - user can view Wardwise Survey Report submenu of Property Survey menu
[INFO ] 2026-09-19 14:38:02.822 [main] StepDef - user can view Survey Pending Report submenu of Property Survey menu
[INFO ] 2026-09-19 14:38:02.865 [main] StepDef - user can view Survey Level Summary Report submenu of Property Survey menu
[INFO ] 2026-09-19 14:38:02.900 [main] StepDef - user can view Survey Level Summary Report submenu of Property Survey menu
[INFO ] 2026-09-19 14:38:02.955 [main] StepDef - user can view Userwise Forward Summary submenu of Property Survey menu
[INFO ] 2026-09-19 14:38:03.012 [main] StepDef - user can view Userwise Survey Edit Report submenu of Property Survey menu
[INFO ] 2026-09-19 14:38:03.056 [main] StepDef - user can view Survey Modification Report submenu of Property Survey menu
[INFO ] 2026-09-19 14:38:03.112 [main] StepDef - user can view Survey Geotagging Report submenu of Property Survey menu
[INFO ] 2026-09-19 14:38:03.161 [main] StepDef - user can view Ex-Party Survey Notice submenu of Property Survey menu
[INFO ] 2026-09-19 14:38:03.210 [main] StepDef - user can view Survey Notice List submenu of Property Survey menu
[INFO ] 2026-09-19 14:38:03.256 [main] StepDef - user can view Bulk Survey Notice Print submenu of Property Survey menu
[INFO ] 2026-09-19 14:38:03.293 [main] StepDef - user can view Survey Notice Received List submenu of Property Survey menu
[INFO ] 2026-09-19 14:38:03.328 [main] StepDef - user can view Survey Notice Received Report submenu of Property Survey menu
[INFO ] 2026-09-19 14:38:03.369 [main] StepDef - user can view Survey Notice Distributed Report submenu of Property Survey menu
[INFO ] 2026-09-19 14:38:03.410 [main] StepDef - user can view Survey Demand Report submenu of Property Survey menu
[INFO ] 2026-09-19 14:38:03.448 [main] StepDef - user can view Survey GIS Update submenu of Property Survey menu
[INFO ] 2026-09-19 14:38:03.485 [main] StepDef - user can view Survey Visit Report submenu of Property Survey menu
[INFO ] 2026-09-19 14:38:03.522 [main] StepDef - user can view TL Survey Visit submenu of Property Survey menu
[INFO ] 2026-09-19 14:38:03.559 [main] StepDef - user can view TL Survey Visit Report submenu of Property Survey menu
[INFO ] 2026-09-19 14:38:05.545 [main] StepDef - Setup-Smoke method executed
[INFO ] 2026-09-19 14:38:05.549 [main] StepDef - chrome browser launched
[INFO ] 2026-09-19 14:38:06.590 [main] StepDef - URL opened
[INFO ] 2026-09-19 14:38:06.967 [main] StepDef - username and password entered
[INFO ] 2026-09-19 14:38:07.090 [main] StepDef - clicked on login button
[INFO ] 2026-09-19 14:38:10.153 [main] StepDef - Test passed: Login feature: User is able to see dashboard text
[INFO ] 2026-09-19 14:38:10.259 [main] StepDef - User clicks on UD Tax menu
[INFO ] 2026-09-19 14:38:12.327 [main] StepDef - User is able to see Search Propety submenu
[INFO ] 2026-09-19 14:38:12.363 [main] StepDef - User is able to see Document Upload submenu
[INFO ] 2026-09-19 14:38:12.398 [main] StepDef - User is able to see Update Property Details submenu
[INFO ] 2026-09-19 14:38:12.421 [main] StepDef - User is able to see Last Payment Update submenu
[INFO ] 2026-09-19 14:38:12.445 [main] StepDef - User is able to see Update Owner Details submenu
[INFO ] 2026-09-19 14:38:12.469 [main] StepDef - User is able to see Property Deativate submenu
[INFO ] 2026-09-19 14:38:12.494 [main] StepDef - User is able to see Ward Update submenu
[INFO ] 2026-09-19 14:38:12.523 [main] StepDef - User is able to see Adjustment submenu
[INFO ] 2026-09-19 14:38:12.551 [main] StepDef - User is able to see House Tax Last Payment Update submenu
[INFO ] 2026-09-19 14:38:12.576 [main] StepDef - User is able to see TL Property Visit submenu
[INFO ] 2026-09-19 14:38:12.601 [main] StepDef - User is able to see DN Notice Distribution submenu
[INFO ] 2026-09-19 14:38:14.420 [main] StepDef - Setup-Regression method executed
[INFO ] 2026-09-19 14:38:14.423 [main] StepDef - chrome browser launched
[INFO ] 2026-09-19 14:38:15.581 [main] StepDef - URL opened
[INFO ] 2026-09-19 14:38:15.976 [main] StepDef - username and password entered
[INFO ] 2026-09-19 14:38:16.797 [main] StepDef - clicked on login button
[INFO ] 2026-09-19 14:38:19.874 [main] StepDef - Test passed: Login feature: User is able to see dashboard text
[INFO ] 2026-09-19 14:38:19.991 [main] StepDef - User clicks on UD Tax menu
[INFO ] 2026-09-19 14:38:22.389 [main] StepDef - user clicks on search property submenu
[INFO ] 2026-09-19 14:38:24.442 [main] StepDef - user can see search property page
[INFO ] 2026-09-19 14:38:24.570 [main] StepDef - user select ward no.
[INFO ] 2026-09-19 14:38:24.672 [main] StepDef - user click on search button
[INFO ] 2026-09-19 14:38:24.988 [main] StepDef - user can see property list page
[INFO ] 2026-09-19 14:38:26.906 [main] StepDef - Setup-Regression method executed
[INFO ] 2026-09-19 14:38:26.911 [main] StepDef - chrome browser launched
[INFO ] 2026-09-19 14:38:27.913 [main] StepDef - URL opened
[INFO ] 2026-09-19 14:38:28.293 [main] StepDef - username and password entered
[INFO ] 2026-09-19 14:38:28.422 [main] StepDef - clicked on login button
[INFO ] 2026-09-19 14:38:31.481 [main] StepDef - Test passed: Login feature: User is able to see dashboard text
[INFO ] 2026-09-19 14:38:31.589 [main] StepDef - User clicks on UD Tax menu
[INFO ] 2026-09-19 14:38:33.981 [main] StepDef - user clicks on document upload submenu
[INFO ] 2026-09-19 14:38:36.043 [main] StepDef - user can see search property page
[INFO ] 2026-09-19 14:38:36.185 [main] StepDef - user select ward no.
[INFO ] 2026-09-19 14:38:36.423 [main] StepDef - user click on search button
[INFO ] 2026-09-19 14:38:36.575 [main] StepDef - user can see property list page
[INFO ] 2026-09-19 14:38:38.744 [main] StepDef - Setup-Regression method executed
[INFO ] 2026-09-19 14:38:38.768 [main] StepDef - chrome browser launched
[INFO ] 2026-09-19 14:38:39.929 [main] StepDef - URL opened
[INFO ] 2026-09-19 14:38:40.322 [main] StepDef - username and password entered
[INFO ] 2026-09-19 14:38:40.445 [main] StepDef - clicked on login button
[INFO ] 2026-09-19 14:38:43.525 [main] StepDef - Test passed: Login feature: User is able to see dashboard text
[INFO ] 2026-09-19 14:38:43.629 [main] StepDef - User clicks on UD Tax menu
[INFO ] 2026-09-19 14:38:45.970 [main] StepDef - user clicks on update property details submenu
[INFO ] 2026-09-19 14:38:48.019 [main] StepDef - user can see search property page
[INFO ] 2026-09-19 14:38:48.143 [main] StepDef - user select ward no.
[INFO ] 2026-09-19 14:38:48.249 [main] StepDef - user click on search button
[INFO ] 2026-09-19 14:38:48.539 [main] StepDef - user can see property list page
[INFO ] 2026-09-19 14:38:50.389 [main] StepDef - Setup-Regression method executed
[INFO ] 2026-09-19 14:38:50.392 [main] StepDef - chrome browser launched
[INFO ] 2026-09-19 14:38:51.455 [main] StepDef - URL opened
[INFO ] 2026-09-19 14:38:51.839 [main] StepDef - username and password entered
[INFO ] 2026-09-19 14:38:51.966 [main] StepDef - clicked on login button
[INFO ] 2026-09-19 14:38:55.026 [main] StepDef - Test passed: Login feature: User is able to see dashboard text
[INFO ] 2026-09-19 14:38:55.131 [main] StepDef - User clicks on UD Tax menu
[INFO ] 2026-09-19 14:38:57.518 [main] StepDef - user clicks on last payment update submenu
[INFO ] 2026-09-19 14:38:59.544 [main] StepDef - user can see search property page
[INFO ] 2026-09-19 14:38:59.702 [main] StepDef - user select ward no.
[INFO ] 2026-09-19 14:38:59.956 [main] StepDef - user click on search button
[INFO ] 2026-09-19 14:39:00.161 [main] StepDef - user can see property list page
[INFO ] 2026-09-19 14:39:02.007 [main] StepDef - Setup-Regression method executed
[INFO ] 2026-09-19 14:39:02.010 [main] StepDef - chrome browser launched
[INFO ] 2026-09-19 14:39:03.049 [main] StepDef - URL opened
[INFO ] 2026-09-19 14:39:03.467 [main] StepDef - username and password entered
[INFO ] 2026-09-19 14:39:03.593 [main] StepDef - clicked on login button
[INFO ] 2026-09-19 14:39:06.624 [main] StepDef - Test passed: Login feature: User is able to see dashboard text
[INFO ] 2026-09-19 14:39:06.729 [main] StepDef - User clicks on UD Tax menu
[INFO ] 2026-09-19 14:39:09.064 [main] StepDef - user clicks on update owner details submenu
[INFO ] 2026-09-19 14:39:11.127 [main] StepDef - user can see search property page
[INFO ] 2026-09-19 14:39:11.289 [main] StepDef - user select ward no.
[INFO ] 2026-09-19 14:39:11.514 [main] StepDef - user click on search button
[INFO ] 2026-09-19 14:39:11.680 [main] StepDef - user can see property list page
[INFO ] 2026-09-19 14:39:13.569 [main] StepDef - Setup-Regression method executed
[INFO ] 2026-09-19 14:39:13.580 [main] StepDef - chrome browser launched
[INFO ] 2026-09-19 14:39:14.634 [main] StepDef - URL opened
[INFO ] 2026-09-19 14:39:15.003 [main] StepDef - username and password entered
[INFO ] 2026-09-19 14:39:15.135 [main] StepDef - clicked on login button
[INFO ] 2026-09-19 14:39:18.188 [main] StepDef - Test passed: Login feature: User is able to see dashboard text
[INFO ] 2026-09-19 14:39:18.288 [main] StepDef - User clicks on UD Tax menu
[INFO ] 2026-09-19 14:39:20.694 [main] StepDef - user clicks on property deactivate submenu
[INFO ] 2026-09-19 14:39:22.744 [main] StepDef - user can see search property page
[INFO ] 2026-09-19 14:39:22.918 [main] StepDef - user select ward no.
[INFO ] 2026-09-19 14:39:23.014 [main] StepDef - user click on search button
[INFO ] 2026-09-19 14:39:23.302 [main] StepDef - user can see property list page
[INFO ] 2026-09-19 14:39:25.152 [main] StepDef - Setup-Regression method executed
[INFO ] 2026-09-19 14:39:25.156 [main] StepDef - chrome browser launched
[INFO ] 2026-09-19 14:39:26.232 [main] StepDef - URL opened
[INFO ] 2026-09-19 14:39:26.574 [main] StepDef - username and password entered
[INFO ] 2026-09-19 14:39:26.693 [main] StepDef - clicked on login button
[INFO ] 2026-09-19 14:39:29.731 [main] StepDef - Test passed: Login feature: User is able to see dashboard text
[INFO ] 2026-09-19 14:39:29.854 [main] StepDef - User clicks on UD Tax menu
[INFO ] 2026-09-19 14:39:32.245 [main] StepDef - user clicks on ward update submenu
[INFO ] 2026-09-19 14:39:34.302 [main] StepDef - user can see search property page
[INFO ] 2026-09-19 14:39:34.425 [main] StepDef - user select ward no.
[INFO ] 2026-09-19 14:39:34.545 [main] StepDef - user click on search button
[INFO ] 2026-09-19 14:39:34.879 [main] StepDef - user can see property list page
[INFO ] 2026-09-19 14:39:36.702 [main] StepDef - Setup-Regression method executed
[INFO ] 2026-09-19 14:39:36.703 [main] StepDef - chrome browser launched
[INFO ] 2026-09-19 14:39:37.811 [main] StepDef - URL opened
[INFO ] 2026-09-19 14:39:38.179 [main] StepDef - username and password entered
[INFO ] 2026-09-19 14:39:39.017 [main] StepDef - clicked on login button
[INFO ] 2026-09-19 14:39:42.074 [main] StepDef - Test passed: Login feature: User is able to see dashboard text
[INFO ] 2026-09-19 14:39:42.165 [main] StepDef - User clicks on UD Tax menu
[INFO ] 2026-09-19 14:39:44.513 [main] StepDef - user clicks on ward update submenu
[INFO ] 2026-09-19 14:39:46.566 [main] StepDef - user can see search property page
[INFO ] 2026-09-19 14:39:46.694 [main] StepDef - user select ward no.
[INFO ] 2026-09-19 14:39:46.906 [main] StepDef - user click on search button
[INFO ] 2026-09-19 14:39:47.063 [main] StepDef - user can see property list page
[INFO ] 2026-09-19 14:39:48.884 [main] StepDef - Setup-Regression method executed
[INFO ] 2026-09-19 14:39:48.887 [main] StepDef - chrome browser launched
[INFO ] 2026-09-19 14:39:49.912 [main] StepDef - URL opened
[INFO ] 2026-09-19 14:39:50.283 [main] StepDef - username and password entered
[INFO ] 2026-09-19 14:39:50.415 [main] StepDef - clicked on login button
[INFO ] 2026-09-19 14:39:53.450 [main] StepDef - Test passed: Login feature: User is able to see dashboard text
[INFO ] 2026-09-19 14:39:53.554 [main] StepDef - User clicks on UD Tax menu
[INFO ] 2026-09-19 14:39:55.930 [main] StepDef - user clicks on house tax last payment update submenu
[INFO ] 2026-09-19 14:39:57.983 [main] StepDef - user can see search property page
[INFO ] 2026-09-19 14:39:58.113 [main] StepDef - user select ward no.
[INFO ] 2026-09-19 14:39:58.356 [main] StepDef - user click on search button
[INFO ] 2026-09-19 14:39:58.527 [main] StepDef - user can see property list page
[INFO ] 2026-09-19 14:40:00.428 [main] StepDef - Setup-Regression method executed
[INFO ] 2026-09-19 14:40:00.433 [main] StepDef - chrome browser launched
[INFO ] 2026-09-19 14:40:01.443 [main] StepDef - URL opened
[INFO ] 2026-09-19 14:40:01.812 [main] StepDef - username and password entered
[INFO ] 2026-09-19 14:40:01.942 [main] StepDef - clicked on login button
[INFO ] 2026-09-19 14:40:05.005 [main] StepDef - Test passed: Login feature: User is able to see dashboard text
[INFO ] 2026-09-19 14:40:05.131 [main] StepDef - User clicks on UD Tax menu
[INFO ] 2026-09-19 14:40:07.531 [main] StepDef - user clicks on DN notice distribution submenu
[INFO ] 2026-09-19 14:40:09.586 [main] StepDef - user can see search property page
[INFO ] 2026-09-19 14:40:09.746 [main] StepDef - user select ward no.
[INFO ] 2026-09-19 14:40:09.946 [main] StepDef - user click on search button
[INFO ] 2026-09-19 14:40:10.116 [main] StepDef - user can see property list page
[INFO ] 2026-09-19 14:40:11.982 [main] StepDef - Setup-Smoke method executed
[INFO ] 2026-09-19 14:40:11.985 [main] StepDef - chrome browser launched
[INFO ] 2026-09-19 14:40:13.051 [main] StepDef - URL opened
[INFO ] 2026-09-19 14:40:13.408 [main] StepDef - username and password entered
[INFO ] 2026-09-19 14:40:14.251 [main] StepDef - clicked on login button
[INFO ] 2026-09-19 14:40:17.316 [main] StepDef - Test passed: Login feature: User is able to see dashboard text
[INFO ] 2026-09-19 14:40:17.426 [main] StepDef - User clicks on UD Tax Report menu
[INFO ] 2026-09-19 14:40:19.499 [main] StepDef - user can view counter report submenu of UDTax Report menu
[INFO ] 2026-09-19 14:40:19.526 [main] StepDef - user can view TC Collection Summary submenu of UDTax Report menu
[INFO ] 2026-09-19 14:40:19.550 [main] StepDef - user can view DCB Report submenu of UDTax Report menu
[INFO ] 2026-09-19 14:40:19.573 [main] StepDef - user can view SAF Report submenu of UDTax Report menu
[INFO ] 2026-09-19 14:40:19.597 [main] StepDef - user can view Zone and Ward Wise Collection Report submenu of UDTax Report menu
[INFO ] 2026-09-19 14:40:19.621 [main] StepDef - user can view Payment Mode Wise Collection submenu of UDTax Report menu
[INFO ] 2026-09-19 14:40:19.645 [main] StepDef - user can view ULB Report submenu of UDTax Report menu
[INFO ] 2026-09-19 14:40:19.667 [main] StepDef - user can view Transaction Deactivate Report submenu of UDTax Report menu
[INFO ] 2026-09-19 14:40:19.724 [main] StepDef - user can view ALL Module TC Summary submenu of UDTax Report menu
[INFO ] 2026-09-19 14:40:19.770 [main] StepDef - user can view Cheque Bounce Report submenu of UDTax Report menu
[INFO ] 2026-09-19 14:40:19.814 [main] StepDef - user can view Print All Payment Reciept submenu of UDTax Report menu
[INFO ] 2026-09-19 14:40:19.858 [main] StepDef - user can view Taxable Property Report submenu of UDTax Report menu
[INFO ] 2026-09-19 14:40:19.901 [main] StepDef - user can view PropertyWise DCB submenu of UDTax Report menu
[INFO ] 2026-09-19 14:40:19.942 [main] StepDef - user can view Htax DCB Report submenu of UDTax Report menu
[INFO ] 2026-09-19 14:40:19.986 [main] StepDef - user can view Print All Demand Reciept submenu of UDTax Report menu
[INFO ] 2026-09-19 14:40:20.028 [main] StepDef - user can view Variation Report submenu of UDTax Report menu
[INFO ] 2026-09-19 14:40:20.075 [main] StepDef - user can view Reassesment Diff submenu of UDTax Report menu
[INFO ] 2026-09-19 14:40:20.116 [main] StepDef - user can view Cheque Bounced Collection Report submenu of UDTax Report menu
[INFO ] 2026-09-19 14:40:20.160 [main] StepDef - user can view Re-verification Difference Report submenu of UDTax Report menu
[INFO ] 2026-09-19 14:40:20.206 [main] StepDef - user can view Tax Collection Report submenu of UDTax Report menu
[INFO ] 2026-09-19 14:40:20.252 [main] StepDef - user can view Appti List submenu of UDTax Report menu
[INFO ] 2026-09-19 14:40:20.289 [main] StepDef - user can view Apptti Pending Report submenu of UDTax Report menu
[INFO ] 2026-09-19 14:40:20.335 [main] StepDef - user can view Appti Reject List submenu of UDTax Report menu
[INFO ] 2026-09-19 14:40:20.380 [main] StepDef - user can view TC Visit Report submenu of UDTax Report menu
[INFO ] 2026-09-19 14:40:20.418 [main] StepDef - user can view TC Visit Summary submenu of UDTax Report menu
[INFO ] 2026-09-19 14:40:20.459 [main] StepDef - user can view Property Wise TC Visit submenu of UDTax Report menu
[INFO ] 2026-09-19 14:40:20.505 [main] StepDef - user can view TL Visit Report submenu of UDTax Report menu
[INFO ] 2026-09-19 14:40:20.547 [main] StepDef - user can view All Updation Report submenu of UDTax Report menu
[INFO ] 2026-09-19 14:40:20.585 [main] StepDef - user can view DN130 Distribution Reports submenu of UDTax Report menu
[INFO ] 2026-09-19 14:40:22.504 [main] StepDef - Setup-Regression method executed
[INFO ] 2026-09-19 14:40:22.508 [main] StepDef - chrome browser launched
[INFO ] 2026-09-19 14:40:23.903 [main] StepDef - URL opened
[INFO ] 2026-09-19 14:40:24.388 [main] StepDef - username and password entered
[INFO ] 2026-09-19 14:40:25.157 [main] StepDef - clicked on login button
[INFO ] 2026-09-19 14:40:28.186 [main] StepDef - Test passed: Login feature: User is able to see dashboard text
[INFO ] 2026-09-19 14:40:28.281 [main] StepDef - User clicks on UD Tax Report menu
[INFO ] 2026-09-19 14:40:30.766 [main] StepDef - user clicks on counter report submenu
[INFO ] 2026-09-19 14:40:32.845 [main] StepDef - user can see counter report page
[INFO ] 2026-09-19 14:40:33.174 [main] StepDef - user clicks on search button
[INFO ] 2026-09-19 14:40:33.306 [main] StepDef - user can see report
[INFO ] 2026-09-19 14:40:35.170 [main] StepDef - Setup-Regression method executed
[INFO ] 2026-09-19 14:40:35.172 [main] StepDef - chrome browser launched
[INFO ] 2026-09-19 14:40:36.174 [main] StepDef - URL opened
[INFO ] 2026-09-19 14:40:36.564 [main] StepDef - username and password entered
[INFO ] 2026-09-19 14:40:36.688 [main] StepDef - clicked on login button
[INFO ] 2026-09-19 14:40:39.735 [main] StepDef - Test passed: Login feature: User is able to see dashboard text
[INFO ] 2026-09-19 14:40:39.859 [main] StepDef - User clicks on UD Tax Report menu
[INFO ] 2026-09-19 14:40:42.330 [main] StepDef - user clicks on TC collection summary submenu
[INFO ] 2026-09-19 14:40:44.417 [main] StepDef - user can see TC collection summary page
[INFO ] 2026-09-19 14:40:44.650 [main] StepDef - user clicks on search button of TC collection summary page
[INFO ] 2026-09-19 14:40:44.780 [main] StepDef - user can see report of TC collection summary page
[INFO ] 2026-09-19 14:40:46.613 [main] StepDef - Setup-Regression method executed
[INFO ] 2026-09-19 14:40:46.615 [main] StepDef - chrome browser launched
[INFO ] 2026-09-19 14:40:47.633 [main] StepDef - URL opened
[INFO ] 2026-09-19 14:40:48.045 [main] StepDef - username and password entered
[INFO ] 2026-09-19 14:40:48.840 [main] StepDef - clicked on login button
[INFO ] 2026-09-19 14:40:51.917 [main] StepDef - Test passed: Login feature: User is able to see dashboard text
[INFO ] 2026-09-19 14:40:52.037 [main] StepDef - User clicks on UD Tax Report menu
[INFO ] 2026-09-19 14:40:54.751 [main] StepDef - user clicks on DCB Report submenu
[INFO ] 2026-09-19 14:40:56.830 [main] StepDef - user can see DCB ULB Wise page
[INFO ] 2026-09-19 14:40:57.007 [main] StepDef - user clicks on search button of DCB ULB Wise page
[INFO ] 2026-09-19 14:40:59.062 [main] StepDef - user can see total demand and total collection of DCB ULB Wise page
[INFO ] 2026-09-19 14:41:00.812 [main] StepDef - Setup-Regression method executed
[INFO ] 2026-09-19 14:41:00.814 [main] StepDef - chrome browser launched
[INFO ] 2026-09-19 14:41:01.849 [main] StepDef - URL opened
[INFO ] 2026-09-19 14:41:02.237 [main] StepDef - username and password entered
[INFO ] 2026-09-19 14:41:03.072 [main] StepDef - clicked on login button
[INFO ] 2026-09-19 14:41:06.146 [main] StepDef - Test passed: Login feature: User is able to see dashboard text
[INFO ] 2026-09-19 14:41:06.239 [main] StepDef - User clicks on UD Tax Report menu
[INFO ] 2026-09-19 14:41:08.716 [main] StepDef - user clicks on SAF Report submenu
[INFO ] 2026-09-19 14:41:10.793 [main] StepDef - user can see saf Report page
[INFO ] 2026-09-19 14:41:11.046 [main] StepDef - user clicks on search button of saf Report page
[INFO ] 2026-09-19 14:41:11.188 [main] StepDef - user can see property tax plain text of saf Report page
[INFO ] 2026-09-19 14:41:12.925 [main] StepDef - Setup-Smoke method executed
[INFO ] 2026-09-19 14:41:12.927 [main] StepDef - chrome browser launched
[INFO ] 2026-09-19 14:41:13.970 [main] StepDef - URL opened
[INFO ] 2026-09-19 14:41:14.351 [main] StepDef - username and password entered
[INFO ] 2026-09-19 14:41:15.392 [main] StepDef - clicked on login button
[INFO ] 2026-09-19 14:41:18.431 [main] StepDef - Test passed: Login feature: User is able to see dashboard text
[INFO ] 2026-09-19 14:41:18.578 [main] StepDef - clicked on UD Tax Menu
[INFO ] 2026-09-19 14:41:20.648 [main] StepDef - user can view Road Type submenu
[INFO ] 2026-09-19 14:41:20.676 [main] StepDef - user can view Usage Type submenu
[INFO ] 2026-09-19 14:41:20.706 [main] StepDef - user can view Usage SubCategory Master submenu
[INFO ] 2026-09-19 14:41:20.731 [main] StepDef - user can view Sub Category Details submenu
[INFO ] 2026-09-19 14:41:20.754 [main] StepDef - user can view DLC rate master submenu
[INFO ] 2026-09-19 14:41:20.777 [main] StepDef - user can view DLC Search submenu
[INFO ] 2026-09-21 11:14:20.443 [main] StepDef - Setup-Smoke method executed
[INFO ] 2026-09-21 11:14:21.156 [main] StepDef - chrome browser launched
[INFO ] 2026-09-21 11:14:23.279 [main] StepDef - URL opened
[INFO ] 2026-09-21 11:14:24.066 [main] StepDef - username and password entered
[INFO ] 2026-09-21 11:14:25.952 [main] StepDef - clicked on login button
[INFO ] 2026-09-21 11:14:29.038 [main] StepDef - Test passed: Login feature: User is able to see dashboard text
[INFO ] 2026-09-21 11:14:31.626 [main] StepDef - user can view transaction deactivate submenu of Accounts menu
[INFO ] 2026-09-21 11:14:31.834 [main] StepDef - user can view cash verification submenu of Accounts menu
[INFO ] 2026-09-21 11:14:31.980 [main] StepDef - user can view bank deposit date entry submenu of Accounts menu
[INFO ] 2026-09-21 11:14:32.183 [main] StepDef - user can view bank reconciliation submenu of Accounts menu
[INFO ] 2026-09-21 11:14:32.404 [main] StepDef - user can view Payment Mode Update submenu of Accounts menu
[INFO ] 2026-09-21 11:14:32.601 [main] StepDef - user can view House Tax Transaction Deactivate submenu of Accounts menu
[INFO ] 2026-09-21 11:14:32.757 [main] StepDef - user can view House Tax Payment Mode Update submenu of Accounts menu
[INFO ] 2026-09-21 11:14:38.431 [main] StepDef - Setup-Smoke method executed
[INFO ] 2026-09-21 11:14:38.494 [main] StepDef - chrome browser launched
[INFO ] 2026-09-21 11:14:40.535 [main] StepDef - URL opened
[INFO ] 2026-09-21 11:14:41.306 [main] StepDef - username and password entered
[INFO ] 2026-09-21 11:14:42.780 [main] StepDef - clicked on login button
[INFO ] 2026-09-21 11:14:45.956 [main] StepDef - Test passed: Login feature: User is able to see dashboard text
[INFO ] 2026-09-21 11:14:46.548 [main] StepDef - clicked on Assessment Menu
[INFO ] 2026-09-21 11:14:48.642 [main] StepDef - User is able to see Reassessment submenu
[INFO ] 2026-09-21 11:14:48.701 [main] StepDef - User is able to see Reverification submenu
[INFO ] 2026-09-21 11:14:48.787 [main] StepDef - User is able to see Reverification TL submenu
[INFO ] 2026-09-21 11:14:48.842 [main] StepDef - User is able to see House Tax Entry submenu
[INFO ] 2026-09-21 11:14:48.895 [main] StepDef - User is able to see Legacy Entry submenu
[INFO ] 2026-09-21 11:14:48.959 [main] StepDef - User is able to see Edit New Assessment submenu
[INFO ] 2026-09-21 11:14:57.781 [main] StepDef - Setup-Regression method executed
[INFO ] 2026-09-21 11:14:57.839 [main] StepDef - chrome browser launched
[INFO ] 2026-09-21 11:15:00.577 [main] StepDef - URL opened
[INFO ] 2026-09-21 11:15:01.457 [main] StepDef - username and password entered
[INFO ] 2026-09-21 11:15:03.011 [main] StepDef - clicked on login button
[INFO ] 2026-09-21 11:15:06.104 [main] StepDef - Test passed: Login feature: User is able to see dashboard text
[INFO ] 2026-09-21 11:15:06.344 [main] StepDef - clicked on Assessment Menu
[INFO ] 2026-09-21 11:15:09.809 [main] StepDef - User clicks on House Tax Entry submenu of Assessment menu
[INFO ] 2026-09-21 11:15:12.969 [main] StepDef - User can see House Tax Entry page
[INFO ] 2026-09-21 11:15:20.652 [main] StepDef - User enters property details
[INFO ] 2026-09-21 11:15:22.391 [main] StepDef - User enters permanent address
[INFO ] 2026-09-21 11:15:22.652 [main] StepDef - User enters current address
[INFO ] 2026-09-21 11:15:24.833 [main] StepDef - User enters owner details
[INFO ] 2026-09-21 11:15:30.519 [main] StepDef - User enters floor details
[INFO ] 2026-09-21 11:15:33.609 [main] StepDef - User enters demand details
[INFO ] 2026-09-21 11:15:37.300 [main] StepDef - User clicks on view button
[INFO ] 2026-09-21 11:15:37.348 [main] StepDef - User can see House Tax Entry View Page
[INFO ] 2026-09-21 11:15:38.312 [main] StepDef - User clicks on save button
[INFO ] 2026-09-21 11:15:41.370 [main] StepDef - User can see House Tax Payment page
[INFO ] 2026-09-21 11:15:44.663 [main] StepDef - User enters payment details
[INFO ] 2026-09-21 11:15:45.251 [main] StepDef - User clicks on pay now button
[INFO ] 2026-09-21 11:15:48.318 [main] StepDef - User can see House Tax Payment Receipt Page
[INFO ] 2026-09-21 11:15:52.820 [main] StepDef - Setup-Regression method executed
[INFO ] 2026-09-21 11:15:52.835 [main] StepDef - chrome browser launched
[INFO ] 2026-09-21 11:15:55.024 [main] StepDef - URL opened
[INFO ] 2026-09-21 11:15:55.810 [main] StepDef - username and password entered
[INFO ] 2026-09-21 11:15:57.373 [main] StepDef - clicked on login button
[INFO ] 2026-09-21 11:16:00.508 [main] StepDef - Test passed: Login feature: User is able to see dashboard text
[INFO ] 2026-09-21 11:16:00.897 [main] StepDef - clicked on Assessment Menu
[INFO ] 2026-09-21 11:16:03.704 [main] StepDef - User clicks on Legacy Entry submenu of Assessment menu
[INFO ] 2026-09-21 11:16:05.789 [main] StepDef - User can see Legacy Entry page
[INFO ] 2026-09-21 11:16:11.072 [main] StepDef - User enters property details of Legacy Entry submenu
[INFO ] 2026-09-21 11:16:14.065 [main] StepDef - User enters permanent address of Legacy Entry submenu
[INFO ] 2026-09-21 11:16:14.329 [main] StepDef - User enters current address of Legacy Entry submenu
[INFO ] 2026-09-21 11:16:16.151 [main] StepDef - User enters owner details of Legacy Entry submenu
[INFO ] 2026-09-21 11:16:17.617 [main] StepDef - User enters tax details of Legacy Entry submenu
[INFO ] 2026-09-21 11:16:20.814 [main] StepDef - User clicks on save button of Legacy Entry submenu
[INFO ] 2026-09-21 11:16:20.873 [main] StepDef - User can see confirmation message
[INFO ] 2026-09-21 11:16:24.934 [main] StepDef - Setup-Smoke method executed
[INFO ] 2026-09-21 11:16:24.951 [main] StepDef - chrome browser launched
[INFO ] 2026-09-21 11:16:27.104 [main] StepDef - URL opened
[INFO ] 2026-09-21 11:16:27.904 [main] StepDef - username and password entered
[INFO ] 2026-09-21 11:16:29.424 [main] StepDef - clicked on login button
[INFO ] 2026-09-21 11:16:32.556 [main] StepDef - Test passed: Login feature: User is able to see dashboard text
[INFO ] 2026-09-21 11:16:32.898 [main] StepDef - User clicks on dashboard menu
[INFO ] 2026-09-21 11:16:34.984 [main] StepDef - user is able to see Work Report Dashboard submenu
[INFO ] 2026-09-21 11:16:35.037 [main] StepDef - user is able to see BOH Dashboard submenu
[INFO ] 2026-09-21 11:16:38.884 [main] StepDef - Setup-Regression method executed
[INFO ] 2026-09-21 11:16:38.895 [main] StepDef - chrome browser launched
[INFO ] 2026-09-21 11:16:41.187 [main] StepDef - URL opened
[INFO ] 2026-09-21 11:16:42.004 [main] StepDef - username and password entered
[INFO ] 2026-09-21 11:16:43.398 [main] StepDef - clicked on login button
[INFO ] 2026-09-21 11:16:46.489 [main] StepDef - Test passed: Login feature: User is able to see dashboard text
[INFO ] 2026-09-21 11:16:46.793 [main] StepDef - User clicks on dashboard menu
[INFO ] 2026-09-21 11:16:49.719 [main] StepDef - User clicks on Work Report Dashboard submenu
[INFO ] 2026-09-21 11:16:52.106 [main] StepDef - User clicks on search button of Work Report Dashboard
[INFO ] 2026-09-21 11:16:54.218 [main] StepDef - user can view Work Report Dashboard report
[INFO ] 2026-09-21 11:16:54.221 [main] StepDef - Browser closed
[INFO ] 2026-09-21 11:16:58.399 [main] StepDef - Setup-Regression method executed
[INFO ] 2026-09-21 11:16:58.414 [main] StepDef - chrome browser launched
[INFO ] 2026-09-21 11:17:00.680 [main] StepDef - URL opened
[INFO ] 2026-09-21 11:17:01.429 [main] StepDef - username and password entered
[INFO ] 2026-09-21 11:17:03.505 [main] StepDef - clicked on login button
[INFO ] 2026-09-21 11:17:06.646 [main] StepDef - Test passed: Login feature: User is able to see dashboard text
[INFO ] 2026-09-21 11:17:06.884 [main] StepDef - User clicks on dashboard menu
[INFO ] 2026-09-21 11:17:09.683 [main] StepDef - User clicks on Work BOH Dashboard submenu
[INFO ] 2026-09-21 11:17:12.167 [main] StepDef - User clicks on search button of BOH Dashboard
[INFO ] 2026-09-21 11:17:14.297 [main] StepDef - user can view report of BOH Dashboard
[INFO ] 2026-09-21 11:17:14.300 [main] StepDef - Browser closed
[INFO ] 2026-09-21 11:17:19.405 [main] StepDef - Setup-Smoke method executed
[INFO ] 2026-09-21 11:17:19.434 [main] StepDef - chrome browser launched
[INFO ] 2026-09-21 11:17:28.081 [main] StepDef - URL opened
[INFO ] 2026-09-21 11:17:28.915 [main] StepDef - username and password entered
[INFO ] 2026-09-21 11:17:30.306 [main] StepDef - clicked on login button
[INFO ] 2026-09-21 11:17:33.391 [main] StepDef - Test passed: Login feature: User is able to see dashboard text
[INFO ] 2026-09-21 11:17:33.587 [main] StepDef - User clicks on Inactive Property menu
[INFO ] 2026-09-21 11:17:36.143 [main] StepDef - user can view Inactive Property submenu of Inactive Property menu
[INFO ] 2026-09-21 11:17:36.425 [main] StepDef - user can view Inactive DCB submenu of Inactive Property menu
[INFO ] 2026-09-21 11:17:36.538 [main] StepDef - user can view Inactive Property Activity submenu of Inactive Property menu
[INFO ] 2026-09-21 11:17:41.396 [main] StepDef - Setup-Smoke method executed
[INFO ] 2026-09-21 11:17:41.426 [main] StepDef - chrome browser launched
[INFO ] 2026-09-21 11:17:43.518 [main] StepDef - URL opened
[INFO ] 2026-09-21 11:17:44.323 [main] StepDef - username and password entered
[INFO ] 2026-09-21 11:17:45.707 [main] StepDef - clicked on login button
[INFO ] 2026-09-21 11:17:48.772 [main] StepDef - Test passed: Login feature: User is able to see dashboard text
[INFO ] 2026-09-21 11:17:48.980 [main] StepDef - User clicks on Inactive Survey menu
[INFO ] 2026-09-21 11:17:51.131 [main] StepDef - user can view Inactive Survey submenu of Inactive Survey menu
[INFO ] 2026-09-21 11:17:51.227 [main] StepDef - user can view Inactive Survey Activity submenu of Inactive Survey menu
[INFO ] 2026-09-21 11:17:55.363 [main] StepDef - Setup-Smoke method executed
[INFO ] 2026-09-21 11:17:58.862 [main] StepDef - Setup-Regression method executed
[INFO ] 2026-09-21 11:17:58.895 [main] StepDef - chrome browser launched
[INFO ] 2026-09-21 11:18:02.813 [main] StepDef - URL opened
[INFO ] 2026-09-21 11:18:04.051 [main] StepDef - username and password entered
[INFO ] 2026-09-21 11:18:06.234 [main] StepDef - clicked on login button
[INFO ] 2026-09-21 11:18:09.347 [main] StepDef - Test passed: Login feature: User is able to see dashboard text
[INFO ] 2026-09-21 11:18:10.071 [main] StepDef - User clicked on super admin profile
[INFO ] 2026-09-21 11:18:13.886 [main] StepDef - User clicked on signout button
[INFO ] 2026-09-21 11:18:15.992 [main] StepDef - User is able to see login page of Nagar Palika Rawatsar
[INFO ] 2026-09-21 11:18:15.994 [main] StepDef - Browser closed
[INFO ] 2026-09-21 11:18:21.346 [main] StepDef - Setup-DDT method executed..
[INFO ] 2026-09-21 11:18:21.369 [main] StepDef - chrome browser launched
[INFO ] 2026-09-21 11:18:23.302 [main] StepDef - URL opened
[INFO ] 2026-09-21 11:18:24.201 [main] StepDef - username and password entered
[INFO ] 2026-09-21 11:18:25.700 [main] StepDef - clicked on login button
[INFO ] 2026-09-21 11:18:28.790 [main] StepDef - LOGIN SUCCESSFUL - Dashboard is displayed as expected.
[INFO ] 2026-09-21 11:18:32.622 [main] StepDef - Setup-DDT method executed..
[INFO ] 2026-09-21 11:18:32.641 [main] StepDef - chrome browser launched
[INFO ] 2026-09-21 11:18:34.686 [main] StepDef - URL opened
[INFO ] 2026-09-21 11:18:35.442 [main] StepDef - username and password entered
[INFO ] 2026-09-21 11:18:36.725 [main] StepDef - clicked on login button
[INFO ] 2026-09-21 11:18:39.811 [main] StepDef - LOGIN UNSUCCESSFUL - Dashboard is not displayed as expected.
[INFO ] 2026-09-21 11:18:43.784 [main] StepDef - Setup-DDT method executed..
[INFO ] 2026-09-21 11:18:43.815 [main] StepDef - chrome browser launched
[INFO ] 2026-09-21 11:18:45.908 [main] StepDef - URL opened
[INFO ] 2026-09-21 11:18:46.667 [main] StepDef - username and password entered
[INFO ] 2026-09-21 11:18:47.599 [main] StepDef - clicked on login button
[INFO ] 2026-09-21 11:18:50.671 [main] StepDef - LOGIN UNSUCCESSFUL - Dashboard is not displayed as expected.
[INFO ] 2026-09-21 11:18:54.592 [main] StepDef - Setup-DDT method executed..
[INFO ] 2026-09-21 11:18:54.611 [main] StepDef - chrome browser launched
[INFO ] 2026-09-21 11:18:57.606 [main] StepDef - URL opened
[INFO ] 2026-09-21 11:18:58.812 [main] StepDef - username and password entered
[INFO ] 2026-09-21 11:18:59.728 [main] StepDef - clicked on login button
[INFO ] 2026-09-21 11:19:02.803 [main] StepDef - LOGIN UNSUCCESSFUL - Dashboard is not displayed as expected.
[INFO ] 2026-09-21 11:19:06.747 [main] StepDef - Setup-DDT method executed..
[INFO ] 2026-09-21 11:19:06.760 [main] StepDef - chrome browser launched
[INFO ] 2026-09-21 11:19:08.758 [main] StepDef - URL opened
[INFO ] 2026-09-21 11:19:09.460 [main] StepDef - username and password entered
[INFO ] 2026-09-21 11:19:09.760 [main] StepDef - clicked on login button
[INFO ] 2026-09-21 11:19:12.895 [main] StepDef - LOGIN UNSUCCESSFUL - Dashboard is not displayed as expected.
[INFO ] 2026-09-21 11:19:17.015 [main] StepDef - Setup-DDT method executed..
[INFO ] 2026-09-21 11:19:17.045 [main] StepDef - chrome browser launched
[INFO ] 2026-09-21 11:19:19.180 [main] StepDef - URL opened
[INFO ] 2026-09-21 11:19:19.928 [main] StepDef - username and password entered
[INFO ] 2026-09-21 11:19:20.246 [main] StepDef - clicked on login button
[INFO ] 2026-09-21 11:19:23.324 [main] StepDef - LOGIN UNSUCCESSFUL - Dashboard is not displayed as expected.
[INFO ] 2026-09-21 11:19:27.444 [main] StepDef - Setup-DDT method executed..
[INFO ] 2026-09-21 11:19:27.474 [main] StepDef - chrome browser launched
[INFO ] 2026-09-21 11:19:29.643 [main] StepDef - URL opened
[INFO ] 2026-09-21 11:19:30.301 [main] StepDef - username and password entered
[INFO ] 2026-09-21 11:19:30.643 [main] StepDef - clicked on login button
[INFO ] 2026-09-21 11:19:33.738 [main] StepDef - LOGIN UNSUCCESSFUL - Dashboard is not displayed as expected.
[INFO ] 2026-09-21 11:19:38.650 [main] StepDef - Setup-DDT method executed..
[INFO ] 2026-09-21 11:19:38.661 [main] StepDef - chrome browser launched
[INFO ] 2026-09-21 11:19:40.802 [main] StepDef - URL opened
[INFO ] 2026-09-21 11:19:41.622 [main] StepDef - username and password entered
[INFO ] 2026-09-21 11:19:41.900 [main] StepDef - clicked on login button
[INFO ] 2026-09-21 11:19:44.996 [main] StepDef - LOGIN UNSUCCESSFUL - Dashboard is not displayed as expected.
[INFO ] 2026-09-21 11:19:50.278 [main] StepDef - Setup-DDT method executed..
[INFO ] 2026-09-21 11:19:50.305 [main] StepDef - chrome browser launched
[INFO ] 2026-09-21 11:19:52.556 [main] StepDef - URL opened
[INFO ] 2026-09-21 11:19:53.278 [main] StepDef - username and password entered
[INFO ] 2026-09-21 11:19:53.574 [main] StepDef - clicked on login button
[INFO ] 2026-09-21 11:19:56.663 [main] StepDef - LOGIN UNSUCCESSFUL - Dashboard is not displayed as expected.
[INFO ] 2026-09-21 11:20:01.128 [main] StepDef - Setup-Smoke method executed
[INFO ] 2026-09-21 11:20:01.140 [main] StepDef - chrome browser launched
[INFO ] 2026-09-21 11:20:03.203 [main] StepDef - URL opened
[INFO ] 2026-09-21 11:20:04.000 [main] StepDef - username and password entered
[INFO ] 2026-09-21 11:20:05.649 [main] StepDef - clicked on login button
[INFO ] 2026-09-21 11:20:08.754 [main] StepDef - Test passed: Login feature: User is able to see dashboard text
[INFO ] 2026-09-21 11:20:09.144 [main] StepDef - User clicks on Property Survey menu
[INFO ] 2026-09-21 11:20:11.321 [main] StepDef - user can view Survey Report submenu of Property Survey menu
[INFO ] 2026-09-21 11:20:11.449 [main] StepDef - user can view Survey Summary Report submenu of Property Survey menu
[INFO ] 2026-09-21 11:20:11.564 [main] StepDef - user can view Survey Team Summary submenu of Property Survey menu
[INFO ] 2026-09-21 11:20:11.674 [main] StepDef - user can view Survey Assessed List submenu of Property Survey menu
[INFO ] 2026-09-21 11:20:11.788 [main] StepDef - user can view Survey Assessed Report submenu of Property Survey menu
[INFO ] 2026-09-21 11:20:11.905 [main] StepDef - user can view Wardwise Survey Report submenu of Property Survey menu
[INFO ] 2026-09-21 11:20:12.052 [main] StepDef - user can view Survey Pending Report submenu of Property Survey menu
[INFO ] 2026-09-21 11:20:12.189 [main] StepDef - user can view Survey Level Summary Report submenu of Property Survey menu
[INFO ] 2026-09-21 11:20:12.305 [main] StepDef - user can view Survey Level Summary Report submenu of Property Survey menu
[INFO ] 2026-09-21 11:20:12.465 [main] StepDef - user can view Userwise Forward Summary submenu of Property Survey menu
[INFO ] 2026-09-21 11:20:12.608 [main] StepDef - user can view Userwise Survey Edit Report submenu of Property Survey menu
[INFO ] 2026-09-21 11:20:12.747 [main] StepDef - user can view Survey Modification Report submenu of Property Survey menu
[INFO ] 2026-09-21 11:20:12.910 [main] StepDef - user can view Survey Geotagging Report submenu of Property Survey menu
[INFO ] 2026-09-21 11:20:13.038 [main] StepDef - user can view Ex-Party Survey Notice submenu of Property Survey menu
[INFO ] 2026-09-21 11:20:13.186 [main] StepDef - user can view Survey Notice List submenu of Property Survey menu
[INFO ] 2026-09-21 11:20:13.358 [main] StepDef - user can view Bulk Survey Notice Print submenu of Property Survey menu
[INFO ] 2026-09-21 11:20:13.480 [main] StepDef - user can view Survey Notice Received List submenu of Property Survey menu
[INFO ] 2026-09-21 11:20:13.616 [main] StepDef - user can view Survey Notice Received Report submenu of Property Survey menu
[INFO ] 2026-09-21 11:20:13.767 [main] StepDef - user can view Survey Notice Distributed Report submenu of Property Survey menu
[INFO ] 2026-09-21 11:20:13.888 [main] StepDef - user can view Survey Demand Report submenu of Property Survey menu
[INFO ] 2026-09-21 11:20:14.077 [main] StepDef - user can view Survey GIS Update submenu of Property Survey menu
[INFO ] 2026-09-21 11:20:14.227 [main] StepDef - user can view Survey Visit Report submenu of Property Survey menu
[INFO ] 2026-09-21 11:20:14.373 [main] StepDef - user can view TL Survey Visit submenu of Property Survey menu
[INFO ] 2026-09-21 11:20:14.565 [main] StepDef - user can view TL Survey Visit Report submenu of Property Survey menu
[INFO ] 2026-09-21 11:20:18.880 [main] StepDef - Setup-Smoke method executed
[INFO ] 2026-09-21 11:20:18.910 [main] StepDef - chrome browser launched
[INFO ] 2026-09-21 11:20:20.966 [main] StepDef - URL opened
[INFO ] 2026-09-21 11:20:21.826 [main] StepDef - username and password entered
[INFO ] 2026-09-21 11:20:23.406 [main] StepDef - clicked on login button
[INFO ] 2026-09-21 11:20:26.525 [main] StepDef - Test passed: Login feature: User is able to see dashboard text
[INFO ] 2026-09-21 11:20:26.801 [main] StepDef - User clicks on UD Tax menu
[INFO ] 2026-09-21 11:20:28.878 [main] StepDef - User is able to see Search Propety submenu
[INFO ] 2026-09-21 11:20:28.945 [main] StepDef - User is able to see Document Upload submenu
[INFO ] 2026-09-21 11:20:29.010 [main] StepDef - User is able to see Update Property Details submenu
[INFO ] 2026-09-21 11:20:29.075 [main] StepDef - User is able to see Last Payment Update submenu
[INFO ] 2026-09-21 11:20:29.131 [main] StepDef - User is able to see Update Owner Details submenu
[INFO ] 2026-09-21 11:20:29.191 [main] StepDef - User is able to see Property Deativate submenu
[INFO ] 2026-09-21 11:20:29.245 [main] StepDef - User is able to see Ward Update submenu
[INFO ] 2026-09-21 11:20:29.296 [main] StepDef - User is able to see Adjustment submenu
[INFO ] 2026-09-21 11:20:29.358 [main] StepDef - User is able to see House Tax Last Payment Update submenu
[INFO ] 2026-09-21 11:20:29.413 [main] StepDef - User is able to see TL Property Visit submenu
[INFO ] 2026-09-21 11:20:29.470 [main] StepDef - User is able to see DN Notice Distribution submenu
[INFO ] 2026-09-21 11:20:33.740 [main] StepDef - Setup-Regression method executed
[INFO ] 2026-09-21 11:20:33.748 [main] StepDef - chrome browser launched
[INFO ] 2026-09-21 11:20:35.878 [main] StepDef - URL opened
[INFO ] 2026-09-21 11:20:36.635 [main] StepDef - username and password entered
[INFO ] 2026-09-21 11:20:38.123 [main] StepDef - clicked on login button
[INFO ] 2026-09-21 11:20:41.201 [main] StepDef - Test passed: Login feature: User is able to see dashboard text
[INFO ] 2026-09-21 11:20:41.402 [main] StepDef - User clicks on UD Tax menu
[INFO ] 2026-09-21 11:20:44.145 [main] StepDef - user clicks on search property submenu
[INFO ] 2026-09-21 11:20:46.235 [main] StepDef - user can see search property page
[INFO ] 2026-09-21 11:20:46.800 [main] StepDef - user select ward no.
[INFO ] 2026-09-21 11:20:47.905 [main] StepDef - user click on search button
[INFO ] 2026-09-21 11:20:48.154 [main] StepDef - user can see property list page
[INFO ] 2026-09-21 11:20:53.324 [main] StepDef - Setup-Regression method executed
[INFO ] 2026-09-21 11:20:53.338 [main] StepDef - chrome browser launched
[INFO ] 2026-09-21 11:20:55.443 [main] StepDef - URL opened
[INFO ] 2026-09-21 11:20:56.215 [main] StepDef - username and password entered
[INFO ] 2026-09-21 11:20:57.694 [main] StepDef - clicked on login button
[INFO ] 2026-09-21 11:21:00.775 [main] StepDef - Test passed: Login feature: User is able to see dashboard text
[INFO ] 2026-09-21 11:21:00.960 [main] StepDef - User clicks on UD Tax menu
[INFO ] 2026-09-21 11:21:03.655 [main] StepDef - user clicks on document upload submenu
[INFO ] 2026-09-21 11:21:05.713 [main] StepDef - user can see search property page
[INFO ] 2026-09-21 11:21:06.019 [main] StepDef - user select ward no.
[INFO ] 2026-09-21 11:21:06.475 [main] StepDef - user click on search button
[INFO ] 2026-09-21 11:21:07.055 [main] StepDef - user can see property list page
[INFO ] 2026-09-21 11:21:11.492 [main] StepDef - Setup-Regression method executed
[INFO ] 2026-09-21 11:21:11.504 [main] StepDef - chrome browser launched
[INFO ] 2026-09-21 11:21:13.523 [main] StepDef - URL opened
[INFO ] 2026-09-21 11:21:14.316 [main] StepDef - username and password entered
[INFO ] 2026-09-21 11:21:15.896 [main] StepDef - clicked on login button
[INFO ] 2026-09-21 11:21:18.962 [main] StepDef - Test passed: Login feature: User is able to see dashboard text
[INFO ] 2026-09-21 11:21:19.141 [main] StepDef - User clicks on UD Tax menu
[INFO ] 2026-09-21 11:21:21.743 [main] StepDef - user clicks on update property details submenu
[INFO ] 2026-09-21 11:21:23.815 [main] StepDef - user can see search property page
[INFO ] 2026-09-21 11:21:24.347 [main] StepDef - user select ward no.
[INFO ] 2026-09-21 11:21:24.796 [main] StepDef - user click on search button
[INFO ] 2026-09-21 11:21:29.898 [main] StepDef - Setup-Regression method executed
[INFO ] 2026-09-21 11:21:29.906 [main] StepDef - chrome browser launched
[INFO ] 2026-09-21 11:21:31.883 [main] StepDef - URL opened
[INFO ] 2026-09-21 11:21:32.663 [main] StepDef - username and password entered
[INFO ] 2026-09-21 11:21:34.056 [main] StepDef - clicked on login button
[INFO ] 2026-09-21 11:21:37.119 [main] StepDef - Test passed: Login feature: User is able to see dashboard text
[INFO ] 2026-09-21 11:21:37.339 [main] StepDef - User clicks on UD Tax menu
[INFO ] 2026-09-21 11:21:39.948 [main] StepDef - user clicks on last payment update submenu
[INFO ] 2026-09-21 11:21:42.022 [main] StepDef - user can see search property page
[INFO ] 2026-09-21 11:21:42.569 [main] StepDef - user select ward no.
[INFO ] 2026-09-21 11:21:43.126 [main] StepDef - user click on search button
[INFO ] 2026-09-21 11:21:47.697 [main] StepDef - Setup-Regression method executed
[INFO ] 2026-09-21 11:21:47.705 [main] StepDef - chrome browser launched
[INFO ] 2026-09-21 11:21:50.175 [main] StepDef - URL opened
[INFO ] 2026-09-21 11:21:50.968 [main] StepDef - username and password entered
[INFO ] 2026-09-21 11:21:52.662 [main] StepDef - clicked on login button
[INFO ] 2026-09-21 11:21:55.753 [main] StepDef - Test passed: Login feature: User is able to see dashboard text
[INFO ] 2026-09-21 11:21:55.997 [main] StepDef - User clicks on UD Tax menu
[INFO ] 2026-09-21 11:21:58.684 [main] StepDef - user clicks on update owner details submenu
[INFO ] 2026-09-21 11:22:00.758 [main] StepDef - user can see search property page
[INFO ] 2026-09-21 11:22:01.073 [main] StepDef - user select ward no.
[INFO ] 2026-09-21 11:22:01.619 [main] StepDef - user click on search button
[INFO ] 2026-09-21 11:22:07.038 [main] StepDef - Setup-Regression method executed
[INFO ] 2026-09-21 11:22:07.049 [main] StepDef - chrome browser launched
[INFO ] 2026-09-21 11:22:09.314 [main] StepDef - URL opened
[INFO ] 2026-09-21 11:22:10.049 [main] StepDef - username and password entered
[INFO ] 2026-09-21 11:22:11.582 [main] StepDef - clicked on login button
[INFO ] 2026-09-21 11:22:14.705 [main] StepDef - Test passed: Login feature: User is able to see dashboard text
[INFO ] 2026-09-21 11:22:15.026 [main] StepDef - User clicks on UD Tax menu
[INFO ] 2026-09-21 11:22:17.666 [main] StepDef - user clicks on property deactivate submenu
[INFO ] 2026-09-21 11:22:19.728 [main] StepDef - user can see search property page
[INFO ] 2026-09-21 11:22:20.028 [main] StepDef - user select ward no.
[INFO ] 2026-09-21 11:22:20.480 [main] StepDef - user click on search button
[INFO ] 2026-09-21 11:22:21.134 [main] StepDef - user can see property list page
[INFO ] 2026-09-21 11:22:25.181 [main] StepDef - Setup-Regression method executed
[INFO ] 2026-09-21 11:22:25.197 [main] StepDef - chrome browser launched
[INFO ] 2026-09-21 11:22:27.201 [main] StepDef - URL opened
[INFO ] 2026-09-21 11:22:27.985 [main] StepDef - username and password entered
[INFO ] 2026-09-21 11:22:29.500 [main] StepDef - clicked on login button
[INFO ] 2026-09-21 11:22:32.570 [main] StepDef - Test passed: Login feature: User is able to see dashboard text
[INFO ] 2026-09-21 11:22:32.788 [main] StepDef - User clicks on UD Tax menu
[INFO ] 2026-09-21 11:22:35.476 [main] StepDef - user clicks on ward update submenu
[INFO ] 2026-09-21 11:22:37.584 [main] StepDef - user can see search property page
[INFO ] 2026-09-21 11:22:37.970 [main] StepDef - user select ward no.
[INFO ] 2026-09-21 11:22:38.479 [main] StepDef - user click on search button
[INFO ] 2026-09-21 11:22:44.562 [main] StepDef - Setup-Regression method executed
[INFO ] 2026-09-21 11:22:44.566 [main] StepDef - chrome browser launched
[INFO ] 2026-09-21 11:22:46.739 [main] StepDef - URL opened
[INFO ] 2026-09-21 11:22:47.489 [main] StepDef - username and password entered
[INFO ] 2026-09-21 11:22:49.082 [main] StepDef - clicked on login button
[INFO ] 2026-09-21 11:22:52.211 [main] StepDef - Test passed: Login feature: User is able to see dashboard text
[INFO ] 2026-09-21 11:22:52.519 [main] StepDef - User clicks on UD Tax menu
[INFO ] 2026-09-21 11:22:55.159 [main] StepDef - user clicks on ward update submenu
[INFO ] 2026-09-21 11:22:57.226 [main] StepDef - user can see search property page
[INFO ] 2026-09-21 11:22:57.547 [main] StepDef - user select ward no.
[INFO ] 2026-09-21 11:22:58.013 [main] StepDef - user click on search button
[INFO ] 2026-09-21 11:23:03.547 [main] StepDef - Setup-Regression method executed
[INFO ] 2026-09-21 11:23:03.552 [main] StepDef - chrome browser launched
[INFO ] 2026-09-21 11:23:05.581 [main] StepDef - URL opened
[INFO ] 2026-09-21 11:23:06.395 [main] StepDef - username and password entered
[INFO ] 2026-09-21 11:23:07.914 [main] StepDef - clicked on login button
[INFO ] 2026-09-21 11:23:10.980 [main] StepDef - Test passed: Login feature: User is able to see dashboard text
[INFO ] 2026-09-21 11:23:11.219 [main] StepDef - User clicks on UD Tax menu
[INFO ] 2026-09-21 11:23:13.852 [main] StepDef - user clicks on house tax last payment update submenu
[INFO ] 2026-09-21 11:23:15.935 [main] StepDef - user can see search property page
[INFO ] 2026-09-21 11:23:16.266 [main] StepDef - user select ward no.
[INFO ] 2026-09-21 11:23:16.699 [main] StepDef - user click on search button
[INFO ] 2026-09-21 11:23:17.264 [main] StepDef - user can see property list page
[INFO ] 2026-09-21 11:23:21.417 [main] StepDef - Setup-Regression method executed
[INFO ] 2026-09-21 11:23:21.445 [main] StepDef - chrome browser launched
[INFO ] 2026-09-21 11:23:23.450 [main] StepDef - URL opened
[INFO ] 2026-09-21 11:23:24.207 [main] StepDef - username and password entered
[INFO ] 2026-09-21 11:23:25.677 [main] StepDef - clicked on login button
[INFO ] 2026-09-21 11:23:28.741 [main] StepDef - Test passed: Login feature: User is able to see dashboard text
[INFO ] 2026-09-21 11:23:28.974 [main] StepDef - User clicks on UD Tax menu
[INFO ] 2026-09-21 11:23:31.718 [main] StepDef - user clicks on DN notice distribution submenu
[INFO ] 2026-09-21 11:23:33.806 [main] StepDef - user can see search property page
[INFO ] 2026-09-21 11:23:34.157 [main] StepDef - user select ward no.
[INFO ] 2026-09-21 11:23:34.525 [main] StepDef - user click on search button
[INFO ] 2026-09-21 11:23:39.144 [main] StepDef - Setup-Smoke method executed
[INFO ] 2026-09-21 11:23:39.183 [main] StepDef - chrome browser launched
[INFO ] 2026-09-21 11:23:41.332 [main] StepDef - URL opened
[INFO ] 2026-09-21 11:23:42.088 [main] StepDef - username and password entered
[INFO ] 2026-09-21 11:23:43.477 [main] StepDef - clicked on login button
[INFO ] 2026-09-21 11:23:46.549 [main] StepDef - Test passed: Login feature: User is able to see dashboard text
[INFO ] 2026-09-21 11:23:46.746 [main] StepDef - User clicks on UD Tax Report menu
[INFO ] 2026-09-21 11:23:48.828 [main] StepDef - user can view counter report submenu of UDTax Report menu
[INFO ] 2026-09-21 11:23:48.875 [main] StepDef - user can view TC Collection Summary submenu of UDTax Report menu
[INFO ] 2026-09-21 11:23:48.930 [main] StepDef - user can view DCB Report submenu of UDTax Report menu
[INFO ] 2026-09-21 11:23:48.980 [main] StepDef - user can view SAF Report submenu of UDTax Report menu
[INFO ] 2026-09-21 11:23:49.030 [main] StepDef - user can view Zone and Ward Wise Collection Report submenu of UDTax Report menu
[INFO ] 2026-09-21 11:23:49.075 [main] StepDef - user can view Payment Mode Wise Collection submenu of UDTax Report menu
[INFO ] 2026-09-21 11:23:49.120 [main] StepDef - user can view ULB Report submenu of UDTax Report menu
[INFO ] 2026-09-21 11:23:49.166 [main] StepDef - user can view Transaction Deactivate Report submenu of UDTax Report menu
[INFO ] 2026-09-21 11:23:49.306 [main] StepDef - user can view ALL Module TC Summary submenu of UDTax Report menu
[INFO ] 2026-09-21 11:23:49.418 [main] StepDef - user can view Cheque Bounce Report submenu of UDTax Report menu
[INFO ] 2026-09-21 11:23:49.515 [main] StepDef - user can view Print All Payment Reciept submenu of UDTax Report menu
[INFO ] 2026-09-21 11:23:49.602 [main] StepDef - user can view Taxable Property Report submenu of UDTax Report menu
[INFO ] 2026-09-21 11:23:49.688 [main] StepDef - user can view PropertyWise DCB submenu of UDTax Report menu
[INFO ] 2026-09-21 11:23:49.777 [main] StepDef - user can view Htax DCB Report submenu of UDTax Report menu
[INFO ] 2026-09-21 11:23:49.865 [main] StepDef - user can view Print All Demand Reciept submenu of UDTax Report menu
[INFO ] 2026-09-21 11:23:49.964 [main] StepDef - user can view Variation Report submenu of UDTax Report menu
[INFO ] 2026-09-21 11:23:50.061 [main] StepDef - user can view Reassesment Diff submenu of UDTax Report menu
[INFO ] 2026-09-21 11:23:50.149 [main] StepDef - user can view Cheque Bounced Collection Report submenu of UDTax Report menu
[INFO ] 2026-09-21 11:23:50.237 [main] StepDef - user can view Re-verification Difference Report submenu of UDTax Report menu
[INFO ] 2026-09-21 11:23:50.327 [main] StepDef - user can view Tax Collection Report submenu of UDTax Report menu
[INFO ] 2026-09-21 11:23:50.433 [main] StepDef - user can view Appti List submenu of UDTax Report menu
[INFO ] 2026-09-21 11:23:50.575 [main] StepDef - user can view Apptti Pending Report submenu of UDTax Report menu
[INFO ] 2026-09-21 11:23:50.694 [main] StepDef - user can view Appti Reject List submenu of UDTax Report menu
[INFO ] 2026-09-21 11:23:50.836 [main] StepDef - user can view TC Visit Report submenu of UDTax Report menu
[INFO ] 2026-09-21 11:23:50.938 [main] StepDef - user can view TC Visit Summary submenu of UDTax Report menu
[INFO ] 2026-09-21 11:23:51.041 [main] StepDef - user can view Property Wise TC Visit submenu of UDTax Report menu
[INFO ] 2026-09-21 11:23:51.241 [main] StepDef - user can view TL Visit Report submenu of UDTax Report menu
[INFO ] 2026-09-21 11:23:51.354 [main] StepDef - user can view All Updation Report submenu of UDTax Report menu
[INFO ] 2026-09-21 11:23:51.464 [main] StepDef - user can view DN130 Distribution Reports submenu of UDTax Report menu
[INFO ] 2026-09-21 11:23:55.595 [main] StepDef - Setup-Regression method executed
[INFO ] 2026-09-21 11:23:55.599 [main] StepDef - chrome browser launched
[INFO ] 2026-09-21 11:23:57.789 [main] StepDef - URL opened
[INFO ] 2026-09-21 11:23:58.531 [main] StepDef - username and password entered
[INFO ] 2026-09-21 11:24:00.121 [main] StepDef - clicked on login button
[INFO ] 2026-09-21 11:24:03.221 [main] StepDef - Test passed: Login feature: User is able to see dashboard text
[INFO ] 2026-09-21 11:24:03.547 [main] StepDef - User clicks on UD Tax Report menu
[INFO ] 2026-09-21 11:24:06.241 [main] StepDef - user clicks on counter report submenu
[INFO ] 2026-09-21 11:24:08.336 [main] StepDef - user can see counter report page
[INFO ] 2026-09-21 11:24:08.793 [main] StepDef - user clicks on search button
[INFO ] 2026-09-21 11:24:14.189 [main] StepDef - Setup-Regression method executed
[INFO ] 2026-09-21 11:24:14.192 [main] StepDef - chrome browser launched
[INFO ] 2026-09-21 11:24:16.355 [main] StepDef - URL opened
[INFO ] 2026-09-21 11:24:17.079 [main] StepDef - username and password entered
[INFO ] 2026-09-21 11:24:18.495 [main] StepDef - clicked on login button
[INFO ] 2026-09-21 11:24:21.561 [main] StepDef - Test passed: Login feature: User is able to see dashboard text
[INFO ] 2026-09-21 11:24:21.750 [main] StepDef - User clicks on UD Tax Report menu
[INFO ] 2026-09-21 11:24:24.458 [main] StepDef - user clicks on TC collection summary submenu
[INFO ] 2026-09-21 11:24:26.550 [main] StepDef - user can see TC collection summary page
[INFO ] 2026-09-21 11:24:26.897 [main] StepDef - user clicks on search button of TC collection summary page
[INFO ] 2026-09-21 11:24:31.362 [main] StepDef - Setup-Regression method executed
[INFO ] 2026-09-21 11:24:31.365 [main] StepDef - chrome browser launched
[INFO ] 2026-09-21 11:24:33.430 [main] StepDef - URL opened
[INFO ] 2026-09-21 11:24:34.171 [main] StepDef - username and password entered
[INFO ] 2026-09-21 11:24:35.740 [main] StepDef - clicked on login button
[INFO ] 2026-09-21 11:24:38.820 [main] StepDef - Test passed: Login feature: User is able to see dashboard text
[INFO ] 2026-09-21 11:24:39.039 [main] StepDef - User clicks on UD Tax Report menu
[INFO ] 2026-09-21 11:24:41.841 [main] StepDef - user clicks on DCB Report submenu
[INFO ] 2026-09-21 11:24:43.946 [main] StepDef - user can see DCB ULB Wise page
[INFO ] 2026-09-21 11:24:44.308 [main] StepDef - user clicks on search button of DCB ULB Wise page
[INFO ] 2026-09-21 11:24:46.426 [main] StepDef - user can see total demand and total collection of DCB ULB Wise page
[INFO ] 2026-09-21 11:24:50.878 [main] StepDef - Setup-Regression method executed
[INFO ] 2026-09-21 11:24:50.881 [main] StepDef - chrome browser launched
[INFO ] 2026-09-21 11:24:52.840 [main] StepDef - URL opened
[INFO ] 2026-09-21 11:24:53.592 [main] StepDef - username and password entered
[INFO ] 2026-09-21 11:24:55.175 [main] StepDef - clicked on login button
[INFO ] 2026-09-21 11:24:58.240 [main] StepDef - Test passed: Login feature: User is able to see dashboard text
[INFO ] 2026-09-21 11:24:58.460 [main] StepDef - User clicks on UD Tax Report menu
[INFO ] 2026-09-21 11:25:01.233 [main] StepDef - user clicks on SAF Report submenu
[INFO ] 2026-09-21 11:25:03.315 [main] StepDef - user can see saf Report page
[INFO ] 2026-09-21 11:25:03.695 [main] StepDef - user clicks on search button of saf Report page
[INFO ] 2026-09-21 11:25:08.154 [main] StepDef - Setup-Smoke method executed
[INFO ] 2026-09-21 11:25:08.158 [main] StepDef - chrome browser launched
[INFO ] 2026-09-21 11:25:10.223 [main] StepDef - URL opened
[INFO ] 2026-09-21 11:25:11.057 [main] StepDef - username and password entered
[INFO ] 2026-09-21 11:25:12.737 [main] StepDef - clicked on login button
[INFO ] 2026-09-21 11:25:15.842 [main] StepDef - Test passed: Login feature: User is able to see dashboard text
[INFO ] 2026-09-21 11:25:16.103 [main] StepDef - clicked on UD Tax Menu
[INFO ] 2026-09-21 11:25:18.170 [main] StepDef - user can view Road Type submenu
[INFO ] 2026-09-21 11:25:18.219 [main] StepDef - user can view Usage Type submenu
[INFO ] 2026-09-21 11:25:18.266 [main] StepDef - user can view Usage SubCategory Master submenu
[INFO ] 2026-09-21 11:25:18.314 [main] StepDef - user can view Sub Category Details submenu
[INFO ] 2026-09-21 11:25:18.361 [main] StepDef - user can view DLC rate master submenu
[INFO ] 2026-09-21 11:25:18.414 [main] StepDef - user can view DLC Search submenu
[INFO ] 2026-09-21 11:43:28.638 [main] StepDef - Setup-Regression method executed
[INFO ] 2026-09-21 11:43:28.893 [main] StepDef - chrome browser launched
[INFO ] 2026-09-21 11:43:31.087 [main] StepDef - URL opened
[INFO ] 2026-09-21 11:43:31.894 [main] StepDef - username and password entered
[INFO ] 2026-09-21 11:43:33.653 [main] StepDef - clicked on login button
[INFO ] 2026-09-21 11:43:36.796 [main] StepDef - Test passed: Login feature: User is able to see dashboard text
[INFO ] 2026-09-21 11:43:37.167 [main] StepDef - User clicks on UD Tax menu
[INFO ] 2026-09-21 11:43:39.878 [main] StepDef - user clicks on update property details submenu
[INFO ] 2026-09-21 11:43:41.950 [main] StepDef - user can see search property page
[INFO ] 2026-09-21 11:43:42.370 [main] StepDef - user select ward no.
[INFO ] 2026-09-21 11:43:43.427 [main] StepDef - user click on search button
[INFO ] 2026-09-21 11:43:43.788 [main] StepDef - user can see property list page
[INFO ] 2026-09-21 11:43:48.388 [main] StepDef - Setup-Regression method executed
[INFO ] 2026-09-21 11:43:48.422 [main] StepDef - chrome browser launched
[INFO ] 2026-09-21 11:43:50.435 [main] StepDef - URL opened
[INFO ] 2026-09-21 11:43:51.258 [main] StepDef - username and password entered
[INFO ] 2026-09-21 11:43:52.592 [main] StepDef - clicked on login button
[INFO ] 2026-09-21 11:43:55.674 [main] StepDef - Test passed: Login feature: User is able to see dashboard text
[INFO ] 2026-09-21 11:43:55.905 [main] StepDef - User clicks on UD Tax menu
[INFO ] 2026-09-21 11:43:59.147 [main] StepDef - user clicks on last payment update submenu
[INFO ] 2026-09-21 11:44:01.225 [main] StepDef - user can see search property page
[INFO ] 2026-09-21 11:44:01.696 [main] StepDef - user select ward no.
[INFO ] 2026-09-21 11:44:02.271 [main] StepDef - user click on search button
[INFO ] 2026-09-21 11:44:08.169 [main] StepDef - Setup-Regression method executed
[INFO ] 2026-09-21 11:44:08.211 [main] StepDef - chrome browser launched
[INFO ] 2026-09-21 11:44:10.447 [main] StepDef - URL opened
[INFO ] 2026-09-21 11:44:11.279 [main] StepDef - username and password entered
[INFO ] 2026-09-21 11:44:12.623 [main] StepDef - clicked on login button
[INFO ] 2026-09-21 11:44:15.705 [main] StepDef - Test passed: Login feature: User is able to see dashboard text
[INFO ] 2026-09-21 11:44:15.910 [main] StepDef - User clicks on UD Tax menu
[INFO ] 2026-09-21 11:44:18.561 [main] StepDef - user clicks on update owner details submenu
[INFO ] 2026-09-21 11:44:20.638 [main] StepDef - user can see search property page
[INFO ] 2026-09-21 11:44:21.110 [main] StepDef - user select ward no.
[INFO ] 2026-09-21 11:44:21.823 [main] StepDef - user click on search button
[INFO ] 2026-09-21 11:44:22.374 [main] StepDef - user can see property list page
[INFO ] 2026-09-21 11:44:27.496 [main] StepDef - Setup-Regression method executed
[INFO ] 2026-09-21 11:44:27.512 [main] StepDef - chrome browser launched
[INFO ] 2026-09-21 11:44:29.799 [main] StepDef - URL opened
[INFO ] 2026-09-21 11:44:30.585 [main] StepDef - username and password entered
[INFO ] 2026-09-21 11:44:32.282 [main] StepDef - clicked on login button
[INFO ] 2026-09-21 11:44:35.387 [main] StepDef - Test passed: Login feature: User is able to see dashboard text
[INFO ] 2026-09-21 11:44:35.678 [main] StepDef - User clicks on UD Tax menu
[INFO ] 2026-09-21 11:44:38.352 [main] StepDef - user clicks on ward update submenu
[INFO ] 2026-09-21 11:44:40.415 [main] StepDef - user can see search property page
[INFO ] 2026-09-21 11:44:40.709 [main] StepDef - user select ward no.
[INFO ] 2026-09-21 11:44:41.111 [main] StepDef - user click on search button
[INFO ] 2026-09-21 11:44:46.630 [main] StepDef - Setup-Regression method executed
[INFO ] 2026-09-21 11:44:46.642 [main] StepDef - chrome browser launched
[INFO ] 2026-09-21 11:44:48.933 [main] StepDef - URL opened
[INFO ] 2026-09-21 11:44:49.720 [main] StepDef - username and password entered
[INFO ] 2026-09-21 11:44:51.148 [main] StepDef - clicked on login button
[INFO ] 2026-09-21 11:44:54.266 [main] StepDef - Test passed: Login feature: User is able to see dashboard text
[INFO ] 2026-09-21 11:44:54.609 [main] StepDef - User clicks on UD Tax menu
[INFO ] 2026-09-21 11:44:57.331 [main] StepDef - user clicks on ward update submenu
[INFO ] 2026-09-21 11:44:59.400 [main] StepDef - user can see search property page
[INFO ] 2026-09-21 11:44:59.799 [main] StepDef - user select ward no.
[INFO ] 2026-09-21 11:45:00.365 [main] StepDef - user click on search button
[INFO ] 2026-09-21 11:45:00.939 [main] StepDef - user can see property list page
[INFO ] 2026-09-21 11:45:05.127 [main] StepDef - Setup-Regression method executed
[INFO ] 2026-09-21 11:45:05.160 [main] StepDef - chrome browser launched
[INFO ] 2026-09-21 11:45:07.287 [main] StepDef - URL opened
[INFO ] 2026-09-21 11:45:08.079 [main] StepDef - username and password entered
[INFO ] 2026-09-21 11:45:09.434 [main] StepDef - clicked on login button
[INFO ] 2026-09-21 11:45:12.518 [main] StepDef - Test passed: Login feature: User is able to see dashboard text
[INFO ] 2026-09-21 11:45:12.718 [main] StepDef - User clicks on UD Tax menu
[INFO ] 2026-09-21 11:45:15.448 [main] StepDef - user clicks on DN notice distribution submenu
[INFO ] 2026-09-21 11:45:17.523 [main] StepDef - user can see search property page
[INFO ] 2026-09-21 11:45:17.938 [main] StepDef - user select ward no.
[INFO ] 2026-09-21 11:45:18.423 [main] StepDef - user click on search button
[INFO ] 2026-09-21 11:45:19.074 [main] StepDef - user can see property list page
[INFO ] 2026-09-21 11:45:24.232 [main] StepDef - Setup-Regression method executed
[INFO ] 2026-09-21 11:45:24.252 [main] StepDef - chrome browser launched
[INFO ] 2026-09-21 11:45:26.332 [main] StepDef - URL opened
[INFO ] 2026-09-21 11:45:27.123 [main] StepDef - username and password entered
[INFO ] 2026-09-21 11:45:28.731 [main] StepDef - clicked on login button
[INFO ] 2026-09-21 11:45:31.868 [main] StepDef - Test passed: Login feature: User is able to see dashboard text
[INFO ] 2026-09-21 11:45:32.171 [main] StepDef - User clicks on UD Tax Report menu
[INFO ] 2026-09-21 11:45:34.990 [main] StepDef - user clicks on counter report submenu
[INFO ] 2026-09-21 11:45:37.134 [main] StepDef - user can see counter report page
[INFO ] 2026-09-21 11:45:37.562 [main] StepDef - user clicks on search button
[INFO ] 2026-09-21 11:45:38.025 [main] StepDef - user can see report
[INFO ] 2026-09-21 11:45:42.561 [main] StepDef - Setup-Regression method executed
[INFO ] 2026-09-21 11:45:42.581 [main] StepDef - chrome browser launched
[INFO ] 2026-09-21 11:45:44.925 [main] StepDef - URL opened
[INFO ] 2026-09-21 11:45:45.823 [main] StepDef - username and password entered
[INFO ] 2026-09-21 11:45:47.551 [main] StepDef - clicked on login button
[INFO ] 2026-09-21 11:45:50.626 [main] StepDef - Test passed: Login feature: User is able to see dashboard text
[INFO ] 2026-09-21 11:45:50.844 [main] StepDef - User clicks on UD Tax Report menu
[INFO ] 2026-09-21 11:45:53.583 [main] StepDef - user clicks on TC collection summary submenu
[INFO ] 2026-09-21 11:45:55.693 [main] StepDef - user can see TC collection summary page
[INFO ] 2026-09-21 11:45:56.171 [main] StepDef - user clicks on search button of TC collection summary page
[INFO ] 2026-09-21 11:45:56.721 [main] StepDef - user can see report of TC collection summary page
[INFO ] 2026-09-21 11:46:02.140 [main] StepDef - Setup-Regression method executed
[INFO ] 2026-09-21 11:46:02.159 [main] StepDef - chrome browser launched
[INFO ] 2026-09-21 11:46:04.168 [main] StepDef - URL opened
[INFO ] 2026-09-21 11:46:04.953 [main] StepDef - username and password entered
[INFO ] 2026-09-21 11:46:06.555 [main] StepDef - clicked on login button
[INFO ] 2026-09-21 11:46:09.695 [main] StepDef - Test passed: Login feature: User is able to see dashboard text
[INFO ] 2026-09-21 11:46:10.027 [main] StepDef - User clicks on UD Tax Report menu
[INFO ] 2026-09-21 11:46:12.782 [main] StepDef - user clicks on SAF Report submenu
[INFO ] 2026-09-21 11:46:14.873 [main] StepDef - user can see saf Report page
[INFO ] 2026-09-21 11:46:15.231 [main] StepDef - user clicks on search button of saf Report page
[INFO ] 2026-09-21 11:46:15.605 [main] StepDef - user can see property tax plain text of saf Report page
[INFO ] 2026-09-21 11:46:54.382 [main] StepDef - Setup-Regression method executed
[INFO ] 2026-09-21 11:46:54.640 [main] StepDef - chrome browser launched
[INFO ] 2026-09-21 11:46:56.694 [main] StepDef - URL opened
[INFO ] 2026-09-21 11:46:57.593 [main] StepDef - username and password entered
[INFO ] 2026-09-21 11:46:59.356 [main] StepDef - clicked on login button
[INFO ] 2026-09-21 11:47:02.457 [main] StepDef - Test passed: Login feature: User is able to see dashboard text
[INFO ] 2026-09-21 11:47:02.799 [main] StepDef - User clicks on UD Tax menu
[INFO ] 2026-09-21 11:47:05.628 [main] StepDef - user clicks on last payment update submenu
[INFO ] 2026-09-21 11:47:07.702 [main] StepDef - user can see search property page
[INFO ] 2026-09-21 11:47:08.061 [main] StepDef - user select ward no.
[INFO ] 2026-09-21 11:47:08.558 [main] StepDef - user click on search button
[INFO ] 2026-09-21 11:47:09.435 [main] StepDef - user can see property list page
[INFO ] 2026-09-21 11:47:14.323 [main] StepDef - Setup-Regression method executed
[INFO ] 2026-09-21 11:47:14.352 [main] StepDef - chrome browser launched
[INFO ] 2026-09-21 11:47:18.138 [main] StepDef - URL opened
[INFO ] 2026-09-21 11:47:19.043 [main] StepDef - username and password entered
[INFO ] 2026-09-21 11:47:19.966 [main] StepDef - clicked on login button
[INFO ] 2026-09-21 11:47:23.044 [main] StepDef - Test passed: Login feature: User is able to see dashboard text
[INFO ] 2026-09-21 11:47:23.239 [main] StepDef - User clicks on UD Tax menu
[INFO ] 2026-09-21 11:47:26.461 [main] StepDef - user clicks on ward update submenu
[INFO ] 2026-09-21 11:47:28.542 [main] StepDef - user can see search property page
[INFO ] 2026-09-21 11:47:29.114 [main] StepDef - user select ward no.
[INFO ] 2026-09-21 11:47:29.696 [main] StepDef - user click on search button
[INFO ] 2026-09-21 11:47:30.197 [main] StepDef - user can see property list page
[INFO ] 2026-09-21 14:30:07.589 [main] StepDef - Setup-Smoke method executed
[INFO ] 2026-09-21 14:30:07.916 [main] StepDef - chrome browser launched
[INFO ] 2026-09-21 14:30:10.970 [main] StepDef - URL opened
[INFO ] 2026-09-21 14:30:11.893 [main] StepDef - username and password entered
[INFO ] 2026-09-21 14:30:12.705 [main] StepDef - clicked on login button
[INFO ] 2026-09-21 14:30:19.987 [main] StepDef - Setup-Regression method executed
[INFO ] 2026-09-21 14:30:20.046 [main] StepDef - chrome browser launched
[INFO ] 2026-09-21 14:30:23.371 [main] StepDef - URL opened
[INFO ] 2026-09-21 14:30:24.150 [main] StepDef - username and password entered
[INFO ] 2026-09-21 14:30:26.052 [main] StepDef - clicked on login button
[INFO ] 2026-09-21 14:30:29.171 [main] StepDef - Test passed: Login feature: User is able to see dashboard text
[INFO ] 2026-09-21 14:30:29.569 [main] StepDef - User clicks on UD Tax Report menu
[INFO ] 2026-09-21 14:30:35.703 [main] StepDef - Setup-Regression method executed
[INFO ] 2026-09-21 14:30:35.731 [main] StepDef - chrome browser launched
[INFO ] 2026-09-21 14:30:37.842 [main] StepDef - URL opened
[INFO ] 2026-09-21 14:30:42.539 [main] StepDef - Setup-Regression method executed
[INFO ] 2026-09-21 14:30:42.560 [main] StepDef - chrome browser launched
[INFO ] 2026-09-21 14:30:44.965 [main] StepDef - URL opened
[INFO ] 2026-09-21 14:30:50.155 [main] StepDef - Setup-Regression method executed
[INFO ] 2026-09-21 14:30:50.173 [main] StepDef - chrome browser launched
[INFO ] 2026-09-21 14:30:52.324 [main] StepDef - URL opened
[INFO ] 2026-09-21 14:30:57.175 [main] StepDef - Setup-Regression method executed
[INFO ] 2026-09-21 14:30:57.192 [main] StepDef - chrome browser launched
[INFO ] 2026-09-21 14:31:00.878 [main] StepDef - URL opened
[INFO ] 2026-09-21 14:31:01.658 [main] StepDef - username and password entered
[INFO ] 2026-09-21 14:31:03.169 [main] StepDef - clicked on login button
[INFO ] 2026-09-21 14:31:06.244 [main] StepDef - Test passed: Login feature: User is able to see dashboard text
[INFO ] 2026-09-21 14:31:06.490 [main] StepDef - User clicks on UD Tax Report menu
[INFO ] 2026-09-21 14:52:18.798 [main] StepDef - Setup-Regression method executed
[INFO ] 2026-09-21 14:52:19.135 [main] StepDef - chrome browser launched
[INFO ] 2026-09-21 14:52:21.199 [main] StepDef - URL opened
[INFO ] 2026-09-21 14:52:22.052 [main] StepDef - username and password entered
[INFO ] 2026-09-21 14:52:23.621 [main] StepDef - clicked on login button
[INFO ] 2026-09-21 14:52:26.717 [main] StepDef - Test passed: Login feature: User is able to see dashboard text
[INFO ] 2026-09-21 14:52:27.055 [main] StepDef - User clicks on UD Tax Report menu
[INFO ] 2026-09-21 14:52:29.749 [main] StepDef - user clicks on Zone and Ward Wise Collection submenu
[INFO ] 2026-09-21 14:52:31.962 [main] StepDef - user can see Ward Wise Collection Rpt page
[INFO ] 2026-09-21 14:52:32.594 [main] StepDef - user clicks on search button of Ward Wise Collection Rpt page
[INFO ] 2026-09-21 14:52:34.737 [main] StepDef - user can see report of Ward Wise Collection Rpt page
[INFO ] 2026-09-21 15:04:51.876 [main] StepDef - Setup-Smoke method executed
[INFO ] 2026-09-21 15:04:52.134 [main] StepDef - chrome browser launched
[INFO ] 2026-09-21 15:04:54.104 [main] StepDef - URL opened
[INFO ] 2026-09-21 15:04:54.944 [main] StepDef - username and password entered
[INFO ] 2026-09-21 15:04:56.729 [main] StepDef - clicked on login button
[INFO ] 2026-09-21 15:04:59.873 [main] StepDef - Test passed: Login feature: User is able to see dashboard text
[INFO ] 2026-09-21 15:05:00.444 [main] StepDef - User clicks on UD Tax Report menu
[WARN ] 2026-09-21 15:05:02.726 [main] StepDef - user can not view counter report submenu of UDTax Report menu
[INFO ] 2026-09-21 15:05:07.588 [main] StepDef - Setup-Regression method executed
[INFO ] 2026-09-21 15:05:07.635 [main] StepDef - chrome browser launched
[INFO ] 2026-09-21 15:05:09.578 [main] StepDef - URL opened
[INFO ] 2026-09-21 15:05:14.357 [main] StepDef - Setup-Regression method executed
[INFO ] 2026-09-21 15:05:14.381 [main] StepDef - chrome browser launched
[INFO ] 2026-09-21 15:05:16.320 [main] StepDef - URL opened
[INFO ] 2026-09-21 15:05:17.145 [main] StepDef - username and password entered
[INFO ] 2026-09-21 15:05:18.611 [main] StepDef - clicked on login button
[INFO ] 2026-09-21 15:05:25.425 [main] StepDef - Setup-Regression method executed
[INFO ] 2026-09-21 15:05:25.443 [main] StepDef - chrome browser launched
[INFO ] 2026-09-21 15:05:27.459 [main] StepDef - URL opened
[INFO ] 2026-09-21 15:05:28.257 [main] StepDef - username and password entered
[INFO ] 2026-09-21 15:05:29.772 [main] StepDef - clicked on login button
[INFO ] 2026-09-21 15:05:32.864 [main] StepDef - Test passed: Login feature: User is able to see dashboard text
[INFO ] 2026-09-21 15:05:33.071 [main] StepDef - User clicks on UD Tax Report menu
[INFO ] 2026-09-21 15:05:35.791 [main] StepDef - user clicks on DCB Report submenu
[INFO ] 2026-09-21 15:05:42.226 [main] StepDef - Setup-Regression method executed
[INFO ] 2026-09-21 15:05:42.244 [main] StepDef - chrome browser launched
[INFO ] 2026-09-21 15:05:44.383 [main] StepDef - URL opened
[INFO ] 2026-09-21 15:05:45.182 [main] StepDef - username and password entered
[INFO ] 2026-09-21 15:05:46.712 [main] StepDef - clicked on login button
[INFO ] 2026-09-21 15:05:49.846 [main] StepDef - Test passed: Login feature: User is able to see dashboard text
[INFO ] 2026-09-21 15:05:54.280 [main] StepDef - Setup-Regression method executed
[INFO ] 2026-09-21 15:05:54.297 [main] StepDef - chrome browser launched
[INFO ] 2026-09-21 15:05:56.139 [main] StepDef - URL opened
[INFO ] 2026-09-21 15:06:00.836 [main] StepDef - Setup-Regression method executed
[INFO ] 2026-09-21 15:06:00.852 [main] StepDef - chrome browser launched
[INFO ] 2026-09-21 15:06:03.013 [main] StepDef - URL opened
[INFO ] 2026-09-21 15:06:03.858 [main] StepDef - username and password entered
[INFO ] 2026-09-21 15:06:05.342 [main] StepDef - clicked on login button
[INFO ] 2026-09-21 15:33:09.746 [main] StepDef - Setup-Regression method executed
[INFO ] 2026-09-21 15:33:10.065 [main] StepDef - chrome browser launched
[INFO ] 2026-09-21 15:33:12.285 [main] StepDef - URL opened
[INFO ] 2026-09-21 15:33:13.173 [main] StepDef - username and password entered
[INFO ] 2026-09-21 15:33:14.700 [main] StepDef - clicked on login button
[INFO ] 2026-09-21 15:33:17.801 [main] StepDef - Test passed: Login feature: User is able to see dashboard text
[INFO ] 2026-09-21 15:33:18.180 [main] StepDef - User clicks on UD Tax Report menu
[INFO ] 2026-09-21 15:33:20.843 [main] StepDef - user clicks on Zone and Ward Wise Collection submenu
[INFO ] 2026-09-21 15:33:23.052 [main] StepDef - user can see Ward Wise Collection Rpt page
[INFO ] 2026-09-21 15:33:23.373 [main] StepDef - user clicks on search button of Ward Wise Collection Rpt page
[INFO ] 2026-09-21 15:33:25.511 [main] StepDef - user can see report of Ward Wise Collection Rpt page
[INFO ] 2026-09-21 15:35:32.129 [main] StepDef - Setup-Regression method executed
[INFO ] 2026-09-21 15:35:32.360 [main] StepDef - chrome browser launched
[INFO ] 2026-09-21 15:35:34.334 [main] StepDef - URL opened
[INFO ] 2026-09-21 15:35:35.216 [main] StepDef - username and password entered
[INFO ] 2026-09-21 15:35:36.856 [main] StepDef - clicked on login button
[INFO ] 2026-09-21 15:35:39.951 [main] StepDef - Test passed: Login feature: User is able to see dashboard text
[INFO ] 2026-09-21 15:35:40.255 [main] StepDef - User clicks on UD Tax Report menu
[INFO ] 2026-09-21 15:35:43.321 [main] StepDef - user clicks on Payment Mode Wise Collection submenu
[INFO ] 2026-09-21 15:35:45.504 [main] StepDef - user can see Payment Mode Wise Coll page
[INFO ] 2026-09-21 15:35:46.340 [main] StepDef - user clicks on search button of Payment Mode Wise Coll page
[INFO ] 2026-09-21 15:35:48.508 [main] StepDef - user can see report of Payment Mode Wise Coll page
[INFO ] 2026-09-21 16:04:56.078 [main] StepDef - Setup-Smoke method executed
[INFO ] 2026-09-21 16:04:56.441 [main] StepDef - chrome browser launched
[INFO ] 2026-09-21 16:05:01.508 [main] StepDef - URL opened
[INFO ] 2026-09-21 16:05:02.475 [main] StepDef - username and password entered
[INFO ] 2026-09-21 16:05:04.252 [main] StepDef - clicked on login button
[INFO ] 2026-09-21 16:05:07.547 [main] StepDef - Test passed: Login feature: User is able to see dashboard text
[INFO ] 2026-09-21 16:05:07.884 [main] StepDef - User clicks on UD Tax Report menu
[INFO ] 2026-09-21 16:05:10.102 [main] StepDef - user can view counter report submenu of UDTax Report menu
[INFO ] 2026-09-21 16:05:10.225 [main] StepDef - user can view TC Collection Summary submenu of UDTax Report menu
[INFO ] 2026-09-21 16:05:10.364 [main] StepDef - user can view DCB Report submenu of UDTax Report menu
[INFO ] 2026-09-21 16:05:10.476 [main] StepDef - user can view SAF Report submenu of UDTax Report menu
[INFO ] 2026-09-21 16:05:10.593 [main] StepDef - user can view Zone and Ward Wise Collection Report submenu of UDTax Report menu
[INFO ] 2026-09-21 16:05:10.718 [main] StepDef - user can view Payment Mode Wise Collection submenu of UDTax Report menu
[INFO ] 2026-09-21 16:05:10.828 [main] StepDef - user can view ULB Report submenu of UDTax Report menu
[INFO ] 2026-09-21 16:05:11.008 [main] StepDef - user can view Transaction Deactivate Report submenu of UDTax Report menu
[INFO ] 2026-09-21 16:05:11.233 [main] StepDef - user can view ALL Module TC Summary submenu of UDTax Report menu
[INFO ] 2026-09-21 16:05:11.407 [main] StepDef - user can view Cheque Bounce Report submenu of UDTax Report menu
[INFO ] 2026-09-21 16:05:11.518 [main] StepDef - user can view Print All Payment Reciept submenu of UDTax Report menu
[INFO ] 2026-09-21 16:05:11.649 [main] StepDef - user can view Taxable Property Report submenu of UDTax Report menu
[INFO ] 2026-09-21 16:05:11.774 [main] StepDef - user can view PropertyWise DCB submenu of UDTax Report menu
[INFO ] 2026-09-21 16:05:11.914 [main] StepDef - user can view Htax DCB Report submenu of UDTax Report menu
[INFO ] 2026-09-21 16:05:12.071 [main] StepDef - user can view Print All Demand Reciept submenu of UDTax Report menu
[INFO ] 2026-09-21 16:05:12.189 [main] StepDef - user can view Variation Report submenu of UDTax Report menu
[INFO ] 2026-09-21 16:05:12.306 [main] StepDef - user can view Reassesment Diff submenu of UDTax Report menu
[INFO ] 2026-09-21 16:05:12.418 [main] StepDef - user can view Cheque Bounced Collection Report submenu of UDTax Report menu
[INFO ] 2026-09-21 16:05:12.524 [main] StepDef - user can view Re-verification Difference Report submenu of UDTax Report menu
[INFO ] 2026-09-21 16:05:12.633 [main] StepDef - user can view Tax Collection Report submenu of UDTax Report menu
[INFO ] 2026-09-21 16:05:12.744 [main] StepDef - user can view Appti List submenu of UDTax Report menu
[INFO ] 2026-09-21 16:05:12.855 [main] StepDef - user can view Apptti Pending Report submenu of UDTax Report menu
[INFO ] 2026-09-21 16:05:12.974 [main] StepDef - user can view Appti Reject List submenu of UDTax Report menu
[INFO ] 2026-09-21 16:05:13.089 [main] StepDef - user can view TC Visit Report submenu of UDTax Report menu
[INFO ] 2026-09-21 16:05:13.211 [main] StepDef - user can view TC Visit Summary submenu of UDTax Report menu
[INFO ] 2026-09-21 16:05:13.356 [main] StepDef - user can view Property Wise TC Visit submenu of UDTax Report menu
[INFO ] 2026-09-21 16:05:13.499 [main] StepDef - user can view TL Visit Report submenu of UDTax Report menu
[INFO ] 2026-09-21 16:05:13.658 [main] StepDef - user can view All Updation Report submenu of UDTax Report menu
[INFO ] 2026-09-21 16:05:13.823 [main] StepDef - user can view DN130 Distribution Reports submenu of UDTax Report menu
[INFO ] 2026-09-21 16:05:18.593 [main] StepDef - Setup-Regression method executed
[INFO ] 2026-09-21 16:05:18.618 [main] StepDef - chrome browser launched
[INFO ] 2026-09-21 16:05:20.672 [main] StepDef - URL opened
[INFO ] 2026-09-21 16:05:25.213 [main] StepDef - Setup-Regression method executed
[INFO ] 2026-09-21 16:05:25.246 [main] StepDef - chrome browser launched
[INFO ] 2026-09-21 16:05:27.163 [main] StepDef - URL opened
[INFO ] 2026-09-21 16:05:31.576 [main] StepDef - Setup-Regression method executed
[INFO ] 2026-09-21 16:05:31.595 [main] StepDef - chrome browser launched
[INFO ] 2026-09-21 16:05:33.732 [main] StepDef - URL opened
[INFO ] 2026-09-21 16:05:34.542 [main] StepDef - username and password entered
[INFO ] 2026-09-21 16:05:35.662 [main] StepDef - clicked on login button
[INFO ] 2026-09-21 16:05:42.555 [main] StepDef - Setup-Regression method executed
[INFO ] 2026-09-21 16:05:42.573 [main] StepDef - chrome browser launched
[INFO ] 2026-09-21 16:05:44.779 [main] StepDef - URL opened
[INFO ] 2026-09-21 16:05:49.891 [main] StepDef - Setup-Regression method executed
[INFO ] 2026-09-21 16:05:49.906 [main] StepDef - chrome browser launched
[INFO ] 2026-09-21 16:05:52.138 [main] StepDef - URL opened
[INFO ] 2026-09-21 16:05:52.987 [main] StepDef - username and password entered
[INFO ] 2026-09-21 16:05:54.576 [main] StepDef - clicked on login button
[INFO ] 2026-09-21 16:06:01.527 [main] StepDef - Setup-Regression method executed
[INFO ] 2026-09-21 16:06:01.554 [main] StepDef - chrome browser launched
[INFO ] 2026-09-21 16:06:03.736 [main] StepDef - URL opened
[INFO ] 2026-09-21 16:06:04.695 [main] StepDef - username and password entered
[INFO ] 2026-09-21 16:06:10.213 [main] StepDef - Setup-Regression method executed
[INFO ] 2026-09-21 16:06:10.235 [main] StepDef - chrome browser launched
[INFO ] 2026-09-21 16:06:12.352 [main] StepDef - URL opened
[INFO ] 2026-09-21 16:06:13.169 [main] StepDef - username and password entered
[INFO ] 2026-09-21 16:06:13.535 [main] StepDef - clicked on login button
[INFO ] 2026-09-21 16:31:59.616 [main] StepDef - Setup-Regression method executed
[INFO ] 2026-09-21 16:31:59.947 [main] StepDef - chrome browser launched
[INFO ] 2026-09-21 16:32:03.470 [main] StepDef - URL opened
[INFO ] 2026-09-21 16:32:04.331 [main] StepDef - username and password entered
[INFO ] 2026-09-21 16:32:06.186 [main] StepDef - clicked on login button
[INFO ] 2026-09-21 16:32:09.293 [main] StepDef - Test passed: Login feature: User is able to see dashboard text
[INFO ] 2026-09-21 16:32:09.614 [main] StepDef - User clicks on UD Tax Report menu
[INFO ] 2026-09-21 16:32:12.749 [main] StepDef - user clicks on ULB Report submenu
[INFO ] 2026-09-21 16:32:15.215 [main] StepDef - user can see All Module Report page
[INFO ] 2026-09-21 16:32:16.337 [main] StepDef - user clicks on search button of All Module Report page
[INFO ] 2026-09-21 16:32:16.691 [main] StepDef - user can see report of All Module Report page
[INFO ] 2026-09-21 16:33:07.518 [main] StepDef - Setup-Smoke method executed
[INFO ] 2026-09-21 16:33:07.770 [main] StepDef - chrome browser launched
[INFO ] 2026-09-21 16:33:09.829 [main] StepDef - URL opened
[INFO ] 2026-09-21 16:33:10.675 [main] StepDef - username and password entered
[INFO ] 2026-09-21 16:33:12.275 [main] StepDef - clicked on login button
[INFO ] 2026-09-21 16:33:15.425 [main] StepDef - Test passed: Login feature: User is able to see dashboard text
[INFO ] 2026-09-21 16:33:17.947 [main] StepDef - user can view transaction deactivate submenu of Accounts menu
[INFO ] 2026-09-21 16:33:18.081 [main] StepDef - user can view cash verification submenu of Accounts menu
[INFO ] 2026-09-21 16:33:18.230 [main] StepDef - user can view bank deposit date entry submenu of Accounts menu
[INFO ] 2026-09-21 16:33:18.366 [main] StepDef - user can view bank reconciliation submenu of Accounts menu
[INFO ] 2026-09-21 16:33:18.511 [main] StepDef - user can view Payment Mode Update submenu of Accounts menu
[INFO ] 2026-09-21 16:33:18.752 [main] StepDef - user can view House Tax Transaction Deactivate submenu of Accounts menu
[INFO ] 2026-09-21 16:33:18.928 [main] StepDef - user can view House Tax Payment Mode Update submenu of Accounts menu
[INFO ] 2026-09-21 16:33:26.332 [main] StepDef - Setup-Smoke method executed
[INFO ] 2026-09-21 16:33:26.360 [main] StepDef - chrome browser launched
[INFO ] 2026-09-21 16:33:28.414 [main] StepDef - URL opened
[INFO ] 2026-09-21 16:33:29.295 [main] StepDef - username and password entered
[INFO ] 2026-09-21 16:33:30.723 [main] StepDef - clicked on login button
[INFO ] 2026-09-21 16:33:33.810 [main] StepDef - Test passed: Login feature: User is able to see dashboard text
[INFO ] 2026-09-21 16:33:33.997 [main] StepDef - clicked on Assessment Menu
[INFO ] 2026-09-21 16:33:36.090 [main] StepDef - User is able to see Reassessment submenu
[INFO ] 2026-09-21 16:33:36.149 [main] StepDef - User is able to see Reverification submenu
[INFO ] 2026-09-21 16:33:36.214 [main] StepDef - User is able to see Reverification TL submenu
[INFO ] 2026-09-21 16:33:36.278 [main] StepDef - User is able to see House Tax Entry submenu
[INFO ] 2026-09-21 16:33:36.340 [main] StepDef - User is able to see Legacy Entry submenu
[INFO ] 2026-09-21 16:33:36.407 [main] StepDef - User is able to see Edit New Assessment submenu
[INFO ] 2026-09-21 16:33:41.076 [main] StepDef - Setup-Regression method executed
[INFO ] 2026-09-21 16:33:41.117 [main] StepDef - chrome browser launched
[INFO ] 2026-09-21 16:33:43.660 [main] StepDef - URL opened
[INFO ] 2026-09-21 16:33:44.496 [main] StepDef - username and password entered
[INFO ] 2026-09-21 16:33:46.045 [main] StepDef - clicked on login button
[INFO ] 2026-09-21 16:33:49.138 [main] StepDef - Test passed: Login feature: User is able to see dashboard text
[INFO ] 2026-09-21 16:33:49.432 [main] StepDef - clicked on Assessment Menu
[INFO ] 2026-09-21 16:33:52.621 [main] StepDef - User clicks on House Tax Entry submenu of Assessment menu
[INFO ] 2026-09-21 16:33:55.751 [main] StepDef - User can see House Tax Entry page
[INFO ] 2026-09-21 16:34:02.904 [main] StepDef - User enters property details
[INFO ] 2026-09-21 16:34:04.387 [main] StepDef - User enters permanent address
[INFO ] 2026-09-21 16:34:04.583 [main] StepDef - User enters current address
[INFO ] 2026-09-21 16:34:06.208 [main] StepDef - User enters owner details
[INFO ] 2026-09-21 16:34:11.383 [main] StepDef - User enters floor details
[INFO ] 2026-09-21 16:34:14.547 [main] StepDef - User enters demand details
[INFO ] 2026-09-21 16:34:18.215 [main] StepDef - User clicks on view button
[INFO ] 2026-09-21 16:34:18.262 [main] StepDef - User can see House Tax Entry View Page
[INFO ] 2026-09-21 16:34:18.876 [main] StepDef - User clicks on save button
[INFO ] 2026-09-21 16:34:21.944 [main] StepDef - User can see House Tax Payment page
[INFO ] 2026-09-21 16:34:25.169 [main] StepDef - User enters payment details
[INFO ] 2026-09-21 16:34:26.588 [main] StepDef - User clicks on pay now button
[INFO ] 2026-09-21 16:34:29.652 [main] StepDef - User can see House Tax Payment Receipt Page
[INFO ] 2026-09-21 16:34:34.478 [main] StepDef - Setup-Regression method executed
[INFO ] 2026-09-21 16:34:34.500 [main] StepDef - chrome browser launched
[INFO ] 2026-09-21 16:34:36.601 [main] StepDef - URL opened
[INFO ] 2026-09-21 16:34:37.358 [main] StepDef - username and password entered
[INFO ] 2026-09-21 16:34:38.797 [main] StepDef - clicked on login button
[INFO ] 2026-09-21 16:34:41.882 [main] StepDef - Test passed: Login feature: User is able to see dashboard text
[INFO ] 2026-09-21 16:34:42.073 [main] StepDef - clicked on Assessment Menu
[INFO ] 2026-09-21 16:34:44.885 [main] StepDef - User clicks on Legacy Entry submenu of Assessment menu
[INFO ] 2026-09-21 16:34:46.948 [main] StepDef - User can see Legacy Entry page
[INFO ] 2026-09-21 16:34:52.183 [main] StepDef - User enters property details of Legacy Entry submenu
[INFO ] 2026-09-21 16:34:53.769 [main] StepDef - User enters permanent address of Legacy Entry submenu
[INFO ] 2026-09-21 16:34:53.973 [main] StepDef - User enters current address of Legacy Entry submenu
[INFO ] 2026-09-21 16:34:55.643 [main] StepDef - User enters owner details of Legacy Entry submenu
[INFO ] 2026-09-21 16:34:57.061 [main] StepDef - User enters tax details of Legacy Entry submenu
[INFO ] 2026-09-21 16:35:00.174 [main] StepDef - User clicks on save button of Legacy Entry submenu
[INFO ] 2026-09-21 16:35:00.225 [main] StepDef - User can see confirmation message
[INFO ] 2026-09-21 16:35:04.955 [main] StepDef - Setup-Smoke method executed
[INFO ] 2026-09-21 16:35:04.968 [main] StepDef - chrome browser launched
[INFO ] 2026-09-21 16:35:07.261 [main] StepDef - URL opened
[INFO ] 2026-09-21 16:35:08.048 [main] StepDef - username and password entered
[INFO ] 2026-09-21 16:35:09.477 [main] StepDef - clicked on login button
[INFO ] 2026-09-21 16:35:12.563 [main] StepDef - Test passed: Login feature: User is able to see dashboard text
[INFO ] 2026-09-21 16:35:12.906 [main] StepDef - User clicks on dashboard menu
[INFO ] 2026-09-21 16:35:14.982 [main] StepDef - user is able to see Work Report Dashboard submenu
[INFO ] 2026-09-21 16:35:15.035 [main] StepDef - user is able to see BOH Dashboard submenu
[INFO ] 2026-09-21 16:35:19.669 [main] StepDef - Setup-Regression method executed
[INFO ] 2026-09-21 16:35:19.684 [main] StepDef - chrome browser launched
[INFO ] 2026-09-21 16:35:21.806 [main] StepDef - URL opened
[INFO ] 2026-09-21 16:35:22.561 [main] StepDef - username and password entered
[INFO ] 2026-09-21 16:35:23.928 [main] StepDef - clicked on login button
[INFO ] 2026-09-21 16:35:26.999 [main] StepDef - Test passed: Login feature: User is able to see dashboard text
[INFO ] 2026-09-21 16:35:27.183 [main] StepDef - User clicks on dashboard menu
[INFO ] 2026-09-21 16:35:30.036 [main] StepDef - User clicks on Work Report Dashboard submenu
[INFO ] 2026-09-21 16:35:32.640 [main] StepDef - User clicks on search button of Work Report Dashboard
[INFO ] 2026-09-21 16:35:34.720 [main] StepDef - user can view Work Report Dashboard report
[INFO ] 2026-09-21 16:35:34.723 [main] StepDef - Browser closed
[INFO ] 2026-09-21 16:35:39.111 [main] StepDef - Setup-Regression method executed
[INFO ] 2026-09-21 16:35:39.157 [main] StepDef - chrome browser launched
[INFO ] 2026-09-21 16:35:41.172 [main] StepDef - URL opened
[INFO ] 2026-09-21 16:35:41.933 [main] StepDef - username and password entered
[INFO ] 2026-09-21 16:35:43.406 [main] StepDef - clicked on login button
[INFO ] 2026-09-21 16:35:46.486 [main] StepDef - Test passed: Login feature: User is able to see dashboard text
[INFO ] 2026-09-21 16:35:46.657 [main] StepDef - User clicks on dashboard menu
[INFO ] 2026-09-21 16:35:49.361 [main] StepDef - User clicks on Work BOH Dashboard submenu
[INFO ] 2026-09-21 16:35:52.225 [main] StepDef - User clicks on search button of BOH Dashboard
[INFO ] 2026-09-21 16:35:54.343 [main] StepDef - user can view report of BOH Dashboard
[INFO ] 2026-09-21 16:35:54.349 [main] StepDef - Browser closed
[INFO ] 2026-09-21 16:35:59.109 [main] StepDef - Setup-Smoke method executed
[INFO ] 2026-09-21 16:35:59.130 [main] StepDef - chrome browser launched
[INFO ] 2026-09-21 16:36:01.299 [main] StepDef - URL opened
[INFO ] 2026-09-21 16:36:02.117 [main] StepDef - username and password entered
[INFO ] 2026-09-21 16:36:03.619 [main] StepDef - clicked on login button
[INFO ] 2026-09-21 16:36:06.809 [main] StepDef - Test passed: Login feature: User is able to see dashboard text
[INFO ] 2026-09-21 16:36:07.087 [main] StepDef - User clicks on Inactive Property menu
[INFO ] 2026-09-21 16:36:09.228 [main] StepDef - user can view Inactive Property submenu of Inactive Property menu
[INFO ] 2026-09-21 16:36:09.321 [main] StepDef - user can view Inactive DCB submenu of Inactive Property menu
[INFO ] 2026-09-21 16:36:09.406 [main] StepDef - user can view Inactive Property Activity submenu of Inactive Property menu
[INFO ] 2026-09-21 16:36:13.877 [main] StepDef - Setup-Smoke method executed
[INFO ] 2026-09-21 16:36:13.895 [main] StepDef - chrome browser launched
[INFO ] 2026-09-21 16:36:16.693 [main] StepDef - URL opened
[INFO ] 2026-09-21 16:36:17.444 [main] StepDef - username and password entered
[INFO ] 2026-09-21 16:36:19.130 [main] StepDef - clicked on login button
[INFO ] 2026-09-21 16:36:22.211 [main] StepDef - Test passed: Login feature: User is able to see dashboard text
[INFO ] 2026-09-21 16:36:22.416 [main] StepDef - User clicks on Inactive Survey menu
[INFO ] 2026-09-21 16:36:24.570 [main] StepDef - user can view Inactive Survey submenu of Inactive Survey menu
[INFO ] 2026-09-21 16:36:24.736 [main] StepDef - user can view Inactive Survey Activity submenu of Inactive Survey menu
[INFO ] 2026-09-21 16:36:29.565 [main] StepDef - Setup-Smoke method executed
[INFO ] 2026-09-21 16:36:33.125 [main] StepDef - Setup-Regression method executed
[INFO ] 2026-09-21 16:36:33.137 [main] StepDef - chrome browser launched
[INFO ] 2026-09-21 16:36:35.411 [main] StepDef - URL opened
[INFO ] 2026-09-21 16:36:36.328 [main] StepDef - username and password entered
[INFO ] 2026-09-21 16:36:38.278 [main] StepDef - clicked on login button
[INFO ] 2026-09-21 16:36:41.417 [main] StepDef - Test passed: Login feature: User is able to see dashboard text
[INFO ] 2026-09-21 16:36:41.829 [main] StepDef - User clicked on super admin profile
[INFO ] 2026-09-21 16:36:47.994 [main] StepDef - User clicked on signout button
[INFO ] 2026-09-21 16:36:50.397 [main] StepDef - User is able to see login page of Nagar Palika Rawatsar
[INFO ] 2026-09-21 16:36:50.399 [main] StepDef - Browser closed
[INFO ] 2026-09-21 16:36:56.129 [main] StepDef - Setup-DDT method executed..
[INFO ] 2026-09-21 16:36:56.139 [main] StepDef - chrome browser launched
[INFO ] 2026-09-21 16:36:58.469 [main] StepDef - URL opened
[INFO ] 2026-09-21 16:36:59.242 [main] StepDef - username and password entered
[INFO ] 2026-09-21 16:37:01.535 [main] StepDef - clicked on login button
[INFO ] 2026-09-21 16:37:04.630 [main] StepDef - LOGIN SUCCESSFUL - Dashboard is displayed as expected.
[INFO ] 2026-09-21 16:37:08.986 [main] StepDef - Setup-DDT method executed..
[INFO ] 2026-09-21 16:37:09.011 [main] StepDef - chrome browser launched
[INFO ] 2026-09-21 16:37:11.176 [main] StepDef - URL opened
[INFO ] 2026-09-21 16:37:11.938 [main] StepDef - username and password entered
[INFO ] 2026-09-21 16:37:13.112 [main] StepDef - clicked on login button
[INFO ] 2026-09-21 16:37:16.186 [main] StepDef - LOGIN UNSUCCESSFUL - Dashboard is not displayed as expected.
[INFO ] 2026-09-21 16:37:20.140 [main] StepDef - Setup-DDT method executed..
[INFO ] 2026-09-21 16:37:20.179 [main] StepDef - chrome browser launched
[INFO ] 2026-09-21 16:37:22.165 [main] StepDef - URL opened
[INFO ] 2026-09-21 16:37:22.984 [main] StepDef - username and password entered
[INFO ] 2026-09-21 16:37:24.144 [main] StepDef - clicked on login button
[INFO ] 2026-09-21 16:37:27.205 [main] StepDef - LOGIN UNSUCCESSFUL - Dashboard is not displayed as expected.
[INFO ] 2026-09-21 16:37:31.253 [main] StepDef - Setup-DDT method executed..
[INFO ] 2026-09-21 16:37:31.266 [main] StepDef - chrome browser launched
[INFO ] 2026-09-21 16:37:33.397 [main] StepDef - URL opened
[INFO ] 2026-09-21 16:37:34.203 [main] StepDef - username and password entered
[INFO ] 2026-09-21 16:37:35.130 [main] StepDef - clicked on login button
[INFO ] 2026-09-21 16:37:38.193 [main] StepDef - LOGIN UNSUCCESSFUL - Dashboard is not displayed as expected.
[INFO ] 2026-09-21 16:37:42.143 [main] StepDef - Setup-DDT method executed..
[INFO ] 2026-09-21 16:37:42.166 [main] StepDef - chrome browser launched
[INFO ] 2026-09-21 16:37:44.209 [main] StepDef - URL opened
[INFO ] 2026-09-21 16:37:44.932 [main] StepDef - username and password entered
[INFO ] 2026-09-21 16:37:45.212 [main] StepDef - clicked on login button
[INFO ] 2026-09-21 16:37:48.301 [main] StepDef - LOGIN UNSUCCESSFUL - Dashboard is not displayed as expected.
[INFO ] 2026-09-21 16:37:52.507 [main] StepDef - Setup-DDT method executed..
[INFO ] 2026-09-21 16:37:52.515 [main] StepDef - chrome browser launched
[INFO ] 2026-09-21 16:37:54.744 [main] StepDef - URL opened
[INFO ] 2026-09-21 16:37:55.453 [main] StepDef - username and password entered
[INFO ] 2026-09-21 16:37:55.778 [main] StepDef - clicked on login button
[INFO ] 2026-09-21 16:37:58.878 [main] StepDef - LOGIN UNSUCCESSFUL - Dashboard is not displayed as expected.
[INFO ] 2026-09-21 16:38:03.113 [main] StepDef - Setup-DDT method executed..
[INFO ] 2026-09-21 16:38:03.125 [main] StepDef - chrome browser launched
[INFO ] 2026-09-21 16:38:05.225 [main] StepDef - URL opened
[INFO ] 2026-09-21 16:38:05.888 [main] StepDef - username and password entered
[INFO ] 2026-09-21 16:38:06.206 [main] StepDef - clicked on login button
[INFO ] 2026-09-21 16:38:09.284 [main] StepDef - LOGIN UNSUCCESSFUL - Dashboard is not displayed as expected.
[INFO ] 2026-09-21 16:38:13.486 [main] StepDef - Setup-DDT method executed..
[INFO ] 2026-09-21 16:38:13.498 [main] StepDef - chrome browser launched
[INFO ] 2026-09-21 16:38:15.612 [main] StepDef - URL opened
[INFO ] 2026-09-21 16:38:16.301 [main] StepDef - username and password entered
[INFO ] 2026-09-21 16:38:16.591 [main] StepDef - clicked on login button
[INFO ] 2026-09-21 16:38:19.684 [main] StepDef - LOGIN UNSUCCESSFUL - Dashboard is not displayed as expected.
[INFO ] 2026-09-21 16:38:24.013 [main] StepDef - Setup-DDT method executed..
[INFO ] 2026-09-21 16:38:24.026 [main] StepDef - chrome browser launched
[INFO ] 2026-09-21 16:38:26.054 [main] StepDef - URL opened
[INFO ] 2026-09-21 16:38:26.782 [main] StepDef - username and password entered
[INFO ] 2026-09-21 16:38:27.085 [main] StepDef - clicked on login button
[INFO ] 2026-09-21 16:38:30.160 [main] StepDef - LOGIN UNSUCCESSFUL - Dashboard is not displayed as expected.
[INFO ] 2026-09-21 16:38:34.127 [main] StepDef - Setup-Smoke method executed
[INFO ] 2026-09-21 16:38:34.143 [main] StepDef - chrome browser launched
[INFO ] 2026-09-21 16:38:36.384 [main] StepDef - URL opened
[INFO ] 2026-09-21 16:38:37.182 [main] StepDef - username and password entered
[INFO ] 2026-09-21 16:38:38.719 [main] StepDef - clicked on login button
[INFO ] 2026-09-21 16:38:41.852 [main] StepDef - Test passed: Login feature: User is able to see dashboard text
[INFO ] 2026-09-21 16:38:42.152 [main] StepDef - User clicks on Property Survey menu
[INFO ] 2026-09-21 16:38:44.292 [main] StepDef - user can view Survey Report submenu of Property Survey menu
[INFO ] 2026-09-21 16:38:44.422 [main] StepDef - user can view Survey Summary Report submenu of Property Survey menu
[INFO ] 2026-09-21 16:38:44.535 [main] StepDef - user can view Survey Team Summary submenu of Property Survey menu
[INFO ] 2026-09-21 16:38:44.628 [main] StepDef - user can view Survey Assessed List submenu of Property Survey menu
[INFO ] 2026-09-21 16:38:44.720 [main] StepDef - user can view Survey Assessed Report submenu of Property Survey menu
[INFO ] 2026-09-21 16:38:44.820 [main] StepDef - user can view Wardwise Survey Report submenu of Property Survey menu
[INFO ] 2026-09-21 16:38:44.911 [main] StepDef - user can view Survey Pending Report submenu of Property Survey menu
[INFO ] 2026-09-21 16:38:45.000 [main] StepDef - user can view Survey Level Summary Report submenu of Property Survey menu
[INFO ] 2026-09-21 16:38:45.069 [main] StepDef - user can view Survey Level Summary Report submenu of Property Survey menu
[INFO ] 2026-09-21 16:38:45.186 [main] StepDef - user can view Userwise Forward Summary submenu of Property Survey menu
[INFO ] 2026-09-21 16:38:45.298 [main] StepDef - user can view Userwise Survey Edit Report submenu of Property Survey menu
[INFO ] 2026-09-21 16:38:45.384 [main] StepDef - user can view Survey Modification Report submenu of Property Survey menu
[INFO ] 2026-09-21 16:38:45.470 [main] StepDef - user can view Survey Geotagging Report submenu of Property Survey menu
[INFO ] 2026-09-21 16:38:45.563 [main] StepDef - user can view Ex-Party Survey Notice submenu of Property Survey menu
[INFO ] 2026-09-21 16:38:45.658 [main] StepDef - user can view Survey Notice List submenu of Property Survey menu
[INFO ] 2026-09-21 16:38:45.754 [main] StepDef - user can view Bulk Survey Notice Print submenu of Property Survey menu
[INFO ] 2026-09-21 16:38:45.829 [main] StepDef - user can view Survey Notice Received List submenu of Property Survey menu
[INFO ] 2026-09-21 16:38:45.933 [main] StepDef - user can view Survey Notice Received Report submenu of Property Survey menu
[INFO ] 2026-09-21 16:38:46.053 [main] StepDef - user can view Survey Notice Distributed Report submenu of Property Survey menu
[INFO ] 2026-09-21 16:38:46.178 [main] StepDef - user can view Survey Demand Report submenu of Property Survey menu
[INFO ] 2026-09-21 16:38:46.358 [main] StepDef - user can view Survey GIS Update submenu of Property Survey menu
[INFO ] 2026-09-21 16:38:46.522 [main] StepDef - user can view Survey Visit Report submenu of Property Survey menu
[INFO ] 2026-09-21 16:38:46.675 [main] StepDef - user can view TL Survey Visit submenu of Property Survey menu
[INFO ] 2026-09-21 16:38:46.853 [main] StepDef - user can view TL Survey Visit Report submenu of Property Survey menu
[INFO ] 2026-09-21 16:38:52.040 [main] StepDef - Setup-Smoke method executed
[INFO ] 2026-09-21 16:38:52.059 [main] StepDef - chrome browser launched
[INFO ] 2026-09-21 16:38:54.316 [main] StepDef - URL opened
[INFO ] 2026-09-21 16:38:55.094 [main] StepDef - username and password entered
[INFO ] 2026-09-21 16:38:56.695 [main] StepDef - clicked on login button
[INFO ] 2026-09-21 16:38:59.863 [main] StepDef - Test passed: Login feature: User is able to see dashboard text
[INFO ] 2026-09-21 16:39:00.199 [main] StepDef - User clicks on UD Tax menu
[INFO ] 2026-09-21 16:39:02.277 [main] StepDef - User is able to see Search Propety submenu
[INFO ] 2026-09-21 16:39:02.326 [main] StepDef - User is able to see Document Upload submenu
[INFO ] 2026-09-21 16:39:02.376 [main] StepDef - User is able to see Update Property Details submenu
[INFO ] 2026-09-21 16:39:02.431 [main] StepDef - User is able to see Last Payment Update submenu
[INFO ] 2026-09-21 16:39:02.481 [main] StepDef - User is able to see Update Owner Details submenu
[INFO ] 2026-09-21 16:39:02.532 [main] StepDef - User is able to see Property Deativate submenu
[INFO ] 2026-09-21 16:39:02.580 [main] StepDef - User is able to see Ward Update submenu
[INFO ] 2026-09-21 16:39:02.627 [main] StepDef - User is able to see Adjustment submenu
[INFO ] 2026-09-21 16:39:02.677 [main] StepDef - User is able to see House Tax Last Payment Update submenu
[INFO ] 2026-09-21 16:39:02.730 [main] StepDef - User is able to see TL Property Visit submenu
[INFO ] 2026-09-21 16:39:02.781 [main] StepDef - User is able to see DN Notice Distribution submenu
[INFO ] 2026-09-21 16:39:06.927 [main] StepDef - Setup-Regression method executed
[INFO ] 2026-09-21 16:39:06.942 [main] StepDef - chrome browser launched
[INFO ] 2026-09-21 16:39:09.000 [main] StepDef - URL opened
[INFO ] 2026-09-21 16:39:09.805 [main] StepDef - username and password entered
[INFO ] 2026-09-21 16:39:11.329 [main] StepDef - clicked on login button
[INFO ] 2026-09-21 16:39:14.402 [main] StepDef - Test passed: Login feature: User is able to see dashboard text
[INFO ] 2026-09-21 16:39:14.575 [main] StepDef - User clicks on UD Tax menu
[INFO ] 2026-09-21 16:39:17.292 [main] StepDef - user clicks on search property submenu
[INFO ] 2026-09-21 16:39:19.376 [main] StepDef - user can see search property page
[INFO ] 2026-09-21 16:39:19.832 [main] StepDef - user select ward no.
[INFO ] 2026-09-21 16:39:20.467 [main] StepDef - user click on search button
[INFO ] 2026-09-21 16:39:21.276 [main] StepDef - user can see property list page
[INFO ] 2026-09-21 16:39:25.494 [main] StepDef - Setup-Regression method executed
[INFO ] 2026-09-21 16:39:25.506 [main] StepDef - chrome browser launched
[INFO ] 2026-09-21 16:39:28.473 [main] StepDef - URL opened
[INFO ] 2026-09-21 16:39:29.638 [main] StepDef - username and password entered
[INFO ] 2026-09-21 16:39:30.971 [main] StepDef - clicked on login button
[INFO ] 2026-09-21 16:39:34.049 [main] StepDef - Test passed: Login feature: User is able to see dashboard text
[INFO ] 2026-09-21 16:39:34.255 [main] StepDef - User clicks on UD Tax menu
[INFO ] 2026-09-21 16:39:36.878 [main] StepDef - user clicks on document upload submenu
[INFO ] 2026-09-21 16:39:38.946 [main] StepDef - user can see search property page
[INFO ] 2026-09-21 16:39:39.484 [main] StepDef - user select ward no.
[INFO ] 2026-09-21 16:39:40.133 [main] StepDef - user click on search button
[INFO ] 2026-09-21 16:39:40.800 [main] StepDef - user can see property list page
[INFO ] 2026-09-21 16:39:45.204 [main] StepDef - Setup-Regression method executed
[INFO ] 2026-09-21 16:39:45.213 [main] StepDef - chrome browser launched
[INFO ] 2026-09-21 16:39:47.285 [main] StepDef - URL opened
[INFO ] 2026-09-21 16:39:48.027 [main] StepDef - username and password entered
[INFO ] 2026-09-21 16:39:49.575 [main] StepDef - clicked on login button
[INFO ] 2026-09-21 16:39:52.635 [main] StepDef - Test passed: Login feature: User is able to see dashboard text
[INFO ] 2026-09-21 16:39:52.824 [main] StepDef - User clicks on UD Tax menu
[INFO ] 2026-09-21 16:39:55.470 [main] StepDef - user clicks on update property details submenu
[INFO ] 2026-09-21 16:39:57.555 [main] StepDef - user can see search property page
[INFO ] 2026-09-21 16:39:57.982 [main] StepDef - user select ward no.
[INFO ] 2026-09-21 16:39:58.550 [main] StepDef - user click on search button
[INFO ] 2026-09-21 16:39:59.550 [main] StepDef - user can see property list page
[INFO ] 2026-09-21 16:40:03.977 [main] StepDef - Setup-Regression method executed
[INFO ] 2026-09-21 16:40:03.989 [main] StepDef - chrome browser launched
[INFO ] 2026-09-21 16:40:06.355 [main] StepDef - URL opened
[INFO ] 2026-09-21 16:40:07.133 [main] StepDef - username and password entered
[INFO ] 2026-09-21 16:40:08.475 [main] StepDef - clicked on login button
[INFO ] 2026-09-21 16:40:11.582 [main] StepDef - Test passed: Login feature: User is able to see dashboard text
[INFO ] 2026-09-21 16:40:11.929 [main] StepDef - User clicks on UD Tax menu
[INFO ] 2026-09-21 16:40:14.551 [main] StepDef - user clicks on last payment update submenu
[INFO ] 2026-09-21 16:40:16.624 [main] StepDef - user can see search property page
[INFO ] 2026-09-21 16:40:17.084 [main] StepDef - user select ward no.
[INFO ] 2026-09-21 16:40:18.088 [main] StepDef - user click on search button
[INFO ] 2026-09-21 16:40:18.311 [main] StepDef - user can see property list page
[INFO ] 2026-09-21 16:40:22.382 [main] StepDef - Setup-Regression method executed
[INFO ] 2026-09-21 16:40:22.391 [main] StepDef - chrome browser launched
[INFO ] 2026-09-21 16:40:24.407 [main] StepDef - URL opened
[INFO ] 2026-09-21 16:40:25.193 [main] StepDef - username and password entered
[INFO ] 2026-09-21 16:40:27.002 [main] StepDef - clicked on login button
[INFO ] 2026-09-21 16:40:30.102 [main] StepDef - Test passed: Login feature: User is able to see dashboard text
[INFO ] 2026-09-21 16:40:30.415 [main] StepDef - User clicks on UD Tax menu
[INFO ] 2026-09-21 16:40:33.042 [main] StepDef - user clicks on update owner details submenu
[INFO ] 2026-09-21 16:40:35.140 [main] StepDef - user can see search property page
[INFO ] 2026-09-21 16:40:35.532 [main] StepDef - user select ward no.
[INFO ] 2026-09-21 16:40:36.534 [main] StepDef - user click on search button
[INFO ] 2026-09-21 16:40:37.314 [main] StepDef - user can see property list page
[INFO ] 2026-09-21 16:40:41.565 [main] StepDef - Setup-Regression method executed
[INFO ] 2026-09-21 16:40:41.574 [main] StepDef - chrome browser launched
[INFO ] 2026-09-21 16:40:43.618 [main] StepDef - URL opened
[INFO ] 2026-09-21 16:40:44.388 [main] StepDef - username and password entered
[INFO ] 2026-09-21 16:40:45.825 [main] StepDef - clicked on login button
[INFO ] 2026-09-21 16:40:48.888 [main] StepDef - Test passed: Login feature: User is able to see dashboard text
[INFO ] 2026-09-21 16:40:49.123 [main] StepDef - User clicks on UD Tax menu
[INFO ] 2026-09-21 16:40:51.753 [main] StepDef - user clicks on property deactivate submenu
[INFO ] 2026-09-21 16:40:53.800 [main] StepDef - user can see search property page
[INFO ] 2026-09-21 16:40:54.047 [main] StepDef - user select ward no.
[INFO ] 2026-09-21 16:40:54.380 [main] StepDef - user click on search button
[INFO ] 2026-09-21 16:40:59.100 [main] StepDef - Setup-Regression method executed
[INFO ] 2026-09-21 16:40:59.107 [main] StepDef - chrome browser launched
[INFO ] 2026-09-21 16:41:01.377 [main] StepDef - URL opened
[INFO ] 2026-09-21 16:41:02.089 [main] StepDef - username and password entered
[INFO ] 2026-09-21 16:41:03.710 [main] StepDef - clicked on login button
[INFO ] 2026-09-21 16:41:06.815 [main] StepDef - Test passed: Login feature: User is able to see dashboard text
[INFO ] 2026-09-21 16:41:07.098 [main] StepDef - User clicks on UD Tax menu
[INFO ] 2026-09-21 16:41:09.745 [main] StepDef - user clicks on ward update submenu
[INFO ] 2026-09-21 16:41:11.819 [main] StepDef - user can see search property page
[INFO ] 2026-09-21 16:41:12.217 [main] StepDef - user select ward no.
[INFO ] 2026-09-21 16:41:13.436 [main] StepDef - user click on search button
[INFO ] 2026-09-21 16:41:13.598 [main] StepDef - user can see property list page
[INFO ] 2026-09-21 16:41:18.421 [main] StepDef - Setup-Regression method executed
[INFO ] 2026-09-21 16:41:18.431 [main] StepDef - chrome browser launched
[INFO ] 2026-09-21 16:41:20.477 [main] StepDef - URL opened
[INFO ] 2026-09-21 16:41:21.301 [main] StepDef - username and password entered
[INFO ] 2026-09-21 16:41:23.291 [main] StepDef - clicked on login button
[INFO ] 2026-09-21 16:41:26.420 [main] StepDef - Test passed: Login feature: User is able to see dashboard text
[INFO ] 2026-09-21 16:41:26.723 [main] StepDef - User clicks on UD Tax menu
[INFO ] 2026-09-21 16:41:29.419 [main] StepDef - user clicks on ward update submenu
[INFO ] 2026-09-21 16:41:31.517 [main] StepDef - user can see search property page
[INFO ] 2026-09-21 16:41:31.900 [main] StepDef - user select ward no.
[INFO ] 2026-09-21 16:41:33.149 [main] StepDef - user click on search button
[INFO ] 2026-09-21 16:41:33.331 [main] StepDef - user can see property list page
[INFO ] 2026-09-21 16:41:37.381 [main] StepDef - Setup-Regression method executed
[INFO ] 2026-09-21 16:41:37.387 [main] StepDef - chrome browser launched
[INFO ] 2026-09-21 16:41:39.665 [main] StepDef - URL opened
[INFO ] 2026-09-21 16:41:40.425 [main] StepDef - username and password entered
[INFO ] 2026-09-21 16:41:42.088 [main] StepDef - clicked on login button
[INFO ] 2026-09-21 16:41:45.152 [main] StepDef - Test passed: Login feature: User is able to see dashboard text
[INFO ] 2026-09-21 16:41:45.457 [main] StepDef - User clicks on UD Tax menu
[INFO ] 2026-09-21 16:41:48.058 [main] StepDef - user clicks on house tax last payment update submenu
[INFO ] 2026-09-21 16:41:50.110 [main] StepDef - user can see search property page
[INFO ] 2026-09-21 16:41:50.482 [main] StepDef - user select ward no.
[INFO ] 2026-09-21 16:41:51.104 [main] StepDef - user click on search button
[INFO ] 2026-09-21 16:41:51.836 [main] StepDef - user can see property list page
[INFO ] 2026-09-21 16:41:56.961 [main] StepDef - Setup-Regression method executed
[INFO ] 2026-09-21 16:41:56.965 [main] StepDef - chrome browser launched
[INFO ] 2026-09-21 16:41:59.667 [main] StepDef - URL opened
[INFO ] 2026-09-21 16:42:00.514 [main] StepDef - username and password entered
[INFO ] 2026-09-21 16:42:03.915 [main] StepDef - clicked on login button
[INFO ] 2026-09-21 16:42:06.984 [main] StepDef - Test passed: Login feature: User is able to see dashboard text
[INFO ] 2026-09-21 16:42:07.174 [main] StepDef - User clicks on UD Tax menu
[INFO ] 2026-09-21 16:42:10.305 [main] StepDef - user clicks on DN notice distribution submenu
[INFO ] 2026-09-21 16:42:12.368 [main] StepDef - user can see search property page
[INFO ] 2026-09-21 16:42:12.656 [main] StepDef - user select ward no.
[INFO ] 2026-09-21 16:42:13.050 [main] StepDef - user click on search button
[INFO ] 2026-09-21 16:42:13.573 [main] StepDef - user can see property list page
[INFO ] 2026-09-21 16:42:17.859 [main] StepDef - Setup-Smoke method executed
[INFO ] 2026-09-21 16:42:17.864 [main] StepDef - chrome browser launched
[INFO ] 2026-09-21 16:42:19.798 [main] StepDef - URL opened
[INFO ] 2026-09-21 16:42:20.564 [main] StepDef - username and password entered
[INFO ] 2026-09-21 16:42:21.980 [main] StepDef - clicked on login button
[INFO ] 2026-09-21 16:42:25.097 [main] StepDef - Test passed: Login feature: User is able to see dashboard text
[INFO ] 2026-09-21 16:42:25.417 [main] StepDef - User clicks on UD Tax Report menu
[INFO ] 2026-09-21 16:42:27.498 [main] StepDef - user can view counter report submenu of UDTax Report menu
[INFO ] 2026-09-21 16:42:27.545 [main] StepDef - user can view TC Collection Summary submenu of UDTax Report menu
[INFO ] 2026-09-21 16:42:27.593 [main] StepDef - user can view DCB Report submenu of UDTax Report menu
[INFO ] 2026-09-21 16:42:27.644 [main] StepDef - user can view SAF Report submenu of UDTax Report menu
[INFO ] 2026-09-21 16:42:27.693 [main] StepDef - user can view Zone and Ward Wise Collection Report submenu of UDTax Report menu
[INFO ] 2026-09-21 16:42:27.739 [main] StepDef - user can view Payment Mode Wise Collection submenu of UDTax Report menu
[INFO ] 2026-09-21 16:42:27.793 [main] StepDef - user can view ULB Report submenu of UDTax Report menu
[INFO ] 2026-09-21 16:42:27.846 [main] StepDef - user can view Transaction Deactivate Report submenu of UDTax Report menu
[INFO ] 2026-09-21 16:42:27.963 [main] StepDef - user can view ALL Module TC Summary submenu of UDTax Report menu
[INFO ] 2026-09-21 16:42:28.063 [main] StepDef - user can view Cheque Bounce Report submenu of UDTax Report menu
[INFO ] 2026-09-21 16:42:28.167 [main] StepDef - user can view Print All Payment Reciept submenu of UDTax Report menu
[INFO ] 2026-09-21 16:42:28.253 [main] StepDef - user can view Taxable Property Report submenu of UDTax Report menu
[INFO ] 2026-09-21 16:42:28.339 [main] StepDef - user can view PropertyWise DCB submenu of UDTax Report menu
[INFO ] 2026-09-21 16:42:28.429 [main] StepDef - user can view Htax DCB Report submenu of UDTax Report menu
[INFO ] 2026-09-21 16:42:28.519 [main] StepDef - user can view Print All Demand Reciept submenu of UDTax Report menu
[INFO ] 2026-09-21 16:42:28.610 [main] StepDef - user can view Variation Report submenu of UDTax Report menu
[INFO ] 2026-09-21 16:42:28.711 [main] StepDef - user can view Reassesment Diff submenu of UDTax Report menu
[INFO ] 2026-09-21 16:42:28.838 [main] StepDef - user can view Cheque Bounced Collection Report submenu of UDTax Report menu
[INFO ] 2026-09-21 16:42:28.964 [main] StepDef - user can view Re-verification Difference Report submenu of UDTax Report menu
[INFO ] 2026-09-21 16:42:29.080 [main] StepDef - user can view Tax Collection Report submenu of UDTax Report menu
[INFO ] 2026-09-21 16:42:29.262 [main] StepDef - user can view Appti List submenu of UDTax Report menu
[INFO ] 2026-09-21 16:42:29.447 [main] StepDef - user can view Apptti Pending Report submenu of UDTax Report menu
[INFO ] 2026-09-21 16:42:29.563 [main] StepDef - user can view Appti Reject List submenu of UDTax Report menu
[INFO ] 2026-09-21 16:42:29.713 [main] StepDef - user can view TC Visit Report submenu of UDTax Report menu
[INFO ] 2026-09-21 16:42:29.829 [main] StepDef - user can view TC Visit Summary submenu of UDTax Report menu
[INFO ] 2026-09-21 16:42:29.946 [main] StepDef - user can view Property Wise TC Visit submenu of UDTax Report menu
[INFO ] 2026-09-21 16:42:30.050 [main] StepDef - user can view TL Visit Report submenu of UDTax Report menu
[INFO ] 2026-09-21 16:42:30.167 [main] StepDef - user can view All Updation Report submenu of UDTax Report menu
[INFO ] 2026-09-21 16:42:30.353 [main] StepDef - user can view DN130 Distribution Reports submenu of UDTax Report menu
[INFO ] 2026-09-21 16:42:34.910 [main] StepDef - Setup-Regression method executed
[INFO ] 2026-09-21 16:42:34.917 [main] StepDef - chrome browser launched
[INFO ] 2026-09-21 16:42:36.900 [main] StepDef - URL opened
[INFO ] 2026-09-21 16:42:37.679 [main] StepDef - username and password entered
[INFO ] 2026-09-21 16:42:39.142 [main] StepDef - clicked on login button
[INFO ] 2026-09-21 16:42:42.203 [main] StepDef - Test passed: Login feature: User is able to see dashboard text
[INFO ] 2026-09-21 16:42:42.438 [main] StepDef - User clicks on UD Tax Report menu
[INFO ] 2026-09-21 16:42:45.165 [main] StepDef - user clicks on counter report submenu
[INFO ] 2026-09-21 16:42:47.248 [main] StepDef - user can see counter report page
[INFO ] 2026-09-21 16:42:47.568 [main] StepDef - user clicks on search button
[INFO ] 2026-09-21 16:42:48.175 [main] StepDef - user can see report
[INFO ] 2026-09-21 16:42:53.113 [main] StepDef - Setup-Regression method executed
[INFO ] 2026-09-21 16:42:53.116 [main] StepDef - chrome browser launched
[INFO ] 2026-09-21 16:42:55.158 [main] StepDef - URL opened
[INFO ] 2026-09-21 16:42:55.907 [main] StepDef - username and password entered
[INFO ] 2026-09-21 16:42:57.332 [main] StepDef - clicked on login button
[INFO ] 2026-09-21 16:43:00.391 [main] StepDef - Test passed: Login feature: User is able to see dashboard text
[INFO ] 2026-09-21 16:43:00.598 [main] StepDef - User clicks on UD Tax Report menu
[INFO ] 2026-09-21 16:43:03.284 [main] StepDef - user clicks on TC collection summary submenu
[INFO ] 2026-09-21 16:43:05.405 [main] StepDef - user can see TC collection summary page
[INFO ] 2026-09-21 16:43:06.167 [main] StepDef - user clicks on search button of TC collection summary page
[INFO ] 2026-09-21 16:43:06.382 [main] StepDef - user can see report of TC collection summary page
[INFO ] 2026-09-21 16:43:11.177 [main] StepDef - Setup-Regression method executed
[INFO ] 2026-09-21 16:43:11.181 [main] StepDef - chrome browser launched
[INFO ] 2026-09-21 16:43:13.250 [main] StepDef - URL opened
[INFO ] 2026-09-21 16:43:13.981 [main] StepDef - username and password entered
[INFO ] 2026-09-21 16:43:15.397 [main] StepDef - clicked on login button
[INFO ] 2026-09-21 16:43:18.459 [main] StepDef - Test passed: Login feature: User is able to see dashboard text
[INFO ] 2026-09-21 16:43:18.675 [main] StepDef - User clicks on UD Tax Report menu
[INFO ] 2026-09-21 16:43:21.499 [main] StepDef - user clicks on DCB Report submenu
[INFO ] 2026-09-21 16:43:23.609 [main] StepDef - user can see DCB ULB Wise page
[INFO ] 2026-09-21 16:43:24.008 [main] StepDef - user clicks on search button of DCB ULB Wise page
[INFO ] 2026-09-21 16:43:26.137 [main] StepDef - user can see total demand and total collection of DCB ULB Wise page
[INFO ] 2026-09-21 16:43:30.096 [main] StepDef - Setup-Regression method executed
[INFO ] 2026-09-21 16:43:30.099 [main] StepDef - chrome browser launched
[INFO ] 2026-09-21 16:43:32.093 [main] StepDef - URL opened
[INFO ] 2026-09-21 16:43:32.874 [main] StepDef - username and password entered
[INFO ] 2026-09-21 16:43:34.370 [main] StepDef - clicked on login button
[INFO ] 2026-09-21 16:43:37.450 [main] StepDef - Test passed: Login feature: User is able to see dashboard text
[INFO ] 2026-09-21 16:43:37.733 [main] StepDef - User clicks on UD Tax Report menu
[INFO ] 2026-09-21 16:43:40.480 [main] StepDef - user clicks on SAF Report submenu
[INFO ] 2026-09-21 16:43:42.655 [main] StepDef - user can see saf Report page
[INFO ] 2026-09-21 16:43:43.559 [main] StepDef - user clicks on search button of saf Report page
[INFO ] 2026-09-21 16:43:43.823 [main] StepDef - user can see property tax plain text of saf Report page
[INFO ] 2026-09-21 16:43:49.277 [main] StepDef - Setup-Regression method executed
[INFO ] 2026-09-21 16:43:49.280 [main] StepDef - chrome browser launched
[INFO ] 2026-09-21 16:43:51.359 [main] StepDef - URL opened
[INFO ] 2026-09-21 16:43:52.110 [main] StepDef - username and password entered
[INFO ] 2026-09-21 16:43:53.733 [main] StepDef - clicked on login button
[INFO ] 2026-09-21 16:43:56.851 [main] StepDef - Test passed: Login feature: User is able to see dashboard text
[INFO ] 2026-09-21 16:43:57.158 [main] StepDef - User clicks on UD Tax Report menu
[INFO ] 2026-09-21 16:43:59.831 [main] StepDef - user clicks on Zone and Ward Wise Collection submenu
[INFO ] 2026-09-21 16:44:01.911 [main] StepDef - user can see Ward Wise Collection Rpt page
[INFO ] 2026-09-21 16:44:02.445 [main] StepDef - user clicks on search button of Ward Wise Collection Rpt page
[INFO ] 2026-09-21 16:44:04.517 [main] StepDef - user can see report of Ward Wise Collection Rpt page
[INFO ] 2026-09-21 16:44:08.193 [main] StepDef - Setup-Regression method executed
[INFO ] 2026-09-21 16:44:08.196 [main] StepDef - chrome browser launched
[INFO ] 2026-09-21 16:44:10.354 [main] StepDef - URL opened
[INFO ] 2026-09-21 16:44:11.086 [main] StepDef - username and password entered
[INFO ] 2026-09-21 16:44:12.540 [main] StepDef - clicked on login button
[INFO ] 2026-09-21 16:44:15.611 [main] StepDef - Test passed: Login feature: User is able to see dashboard text
[INFO ] 2026-09-21 16:44:15.810 [main] StepDef - User clicks on UD Tax Report menu
[INFO ] 2026-09-21 16:44:18.477 [main] StepDef - user clicks on Payment Mode Wise Collection submenu
[INFO ] 2026-09-21 16:44:20.571 [main] StepDef - user can see Payment Mode Wise Coll page
[INFO ] 2026-09-21 16:44:21.022 [main] StepDef - user clicks on search button of Payment Mode Wise Coll page
[INFO ] 2026-09-21 16:44:23.106 [main] StepDef - user can see report of Payment Mode Wise Coll page
[INFO ] 2026-09-21 16:44:27.228 [main] StepDef - Setup-Regression method executed
[INFO ] 2026-09-21 16:44:27.231 [main] StepDef - chrome browser launched
[INFO ] 2026-09-21 16:44:29.218 [main] StepDef - URL opened
[INFO ] 2026-09-21 16:44:29.956 [main] StepDef - username and password entered
[INFO ] 2026-09-21 16:44:31.621 [main] StepDef - clicked on login button
[INFO ] 2026-09-21 16:44:34.705 [main] StepDef - Test passed: Login feature: User is able to see dashboard text
[INFO ] 2026-09-21 16:44:34.972 [main] StepDef - User clicks on UD Tax Report menu
[INFO ] 2026-09-21 16:44:37.671 [main] StepDef - user clicks on ULB Report submenu
[INFO ] 2026-09-21 16:44:39.773 [main] StepDef - user can see All Module Report page
[INFO ] 2026-09-21 16:44:40.285 [main] StepDef - user clicks on search button of All Module Report page
[INFO ] 2026-09-21 16:44:40.733 [main] StepDef - user can see report of All Module Report page
[INFO ] 2026-09-21 16:44:44.686 [main] StepDef - Setup-Smoke method executed
[INFO ] 2026-09-21 16:44:44.688 [main] StepDef - chrome browser launched
[INFO ] 2026-09-21 16:44:46.718 [main] StepDef - URL opened
[INFO ] 2026-09-21 16:44:47.505 [main] StepDef - username and password entered
[INFO ] 2026-09-21 16:44:49.201 [main] StepDef - clicked on login button
[INFO ] 2026-09-21 16:44:52.266 [main] StepDef - Test passed: Login feature: User is able to see dashboard text
[INFO ] 2026-09-21 16:44:52.440 [main] StepDef - clicked on UD Tax Menu
[INFO ] 2026-09-21 16:44:54.518 [main] StepDef - user can view Road Type submenu
[INFO ] 2026-09-21 16:44:54.566 [main] StepDef - user can view Usage Type submenu
[INFO ] 2026-09-21 16:44:54.612 [main] StepDef - user can view Usage SubCategory Master submenu
[INFO ] 2026-09-21 16:44:54.663 [main] StepDef - user can view Sub Category Details submenu
[INFO ] 2026-09-21 16:44:54.716 [main] StepDef - user can view DLC rate master submenu
[INFO ] 2026-09-21 16:44:54.763 [main] StepDef - user can view DLC Search submenu
